data_snapshot,numero_ordem,part_number,categoria,destino,anv,status,quantidade
2026-07-10,1,302-039-402,C,BABV,2741,Pendente,
2026-07-10,2,302-039-402,C,BAMN,2740,Pendente,
2026-07-10,3,065-0065-01,T,BANT,2719,Pendente,
2026-07-10,4,NAS1739B4-6,C,BABE,2731,OK,
2026-07-10,5,CR2248-4-4,C,BABE,2731,OK,
2026-07-10,6,NAS1097AD6-5,C,BABE,2731,OK,
2026-07-10,7,NAS1097AD6-4,C,BABE,2731,OK,
2026-07-10,8,NAS1097AD5-4,C,BABE,2731,OK,
2026-07-10,9,NAS1097AD5-7,C,BABE,2731,OK,
2026-07-10,10,NAS1097AD4-3,C,BABE,2731,OK,
2026-07-10,11,NAS1097AD3-7,C,BABE,2731,OK,
2026-07-10,12,5934PAD-3,R,BABE,2739,Pendente,
2026-07-10,13,068-02800,C,BANT,2722,Pendente,
2026-07-10,14,RA068-02800,C,BANT,2722,Pendente,
2026-07-10,15,MS21442-121,C,BABR,2709,Pendente,
2026-07-10,16,523919,C,BABR,2709,Pendente,
2026-07-10,17,065-0042-03,R,BANT,2722,OK,
2026-07-10,18,AE3663163K0600,C,BANT,2728,Pendente,
2026-07-10,19,MS21044N9,C,BANT,2728 e 2719,Pendente,
2026-07-10,20,MS21044N9,C,BANT,2729,OK,
2026-07-10,21,C145-00-46,C,BABR,2709,OK,
2026-07-10,22,62800-001,T,BABR,2709,OK,
2026-07-10,23,065-0042-15,R,BASM,2708,Pendente,
2026-07-10,24,S3326-2,R,BAMN,*,Pendente,
2026-07-10,25,MS29513-338,C,BANT,2719,Pendente,
2026-07-10,26,030-18200,R,BAMN,2732,OK,
2026-07-10,27,9864054-7,C,BAMN,2740,Pendente,
2026-07-10,28,2606015-2,R,BABR,2720,Pendente,
2026-07-10,29,76-207-12,C,BAMN,2740,Pendente,
2026-07-10,30,MS20007-30,C,BABE,2733,OK,
2026-07-10,31,MS20007-16,C,BABE,2733,Pendente,
2026-07-10,32,B-5121,C,EEAR,2703,OK,
2026-07-10,33,C668050-1104,C,BABR,2709,Pendente,
2026-07-10,34,431-0101-01,C,BABR,2709,OK,
2026-07-10,35,2650026-3,C,BABR,2709,OK,
2026-07-10,36,S2300-12,C,BABR,2709,OK,
2026-07-10,37,S2357-1,C,BABR,2709,OK,
2026-07-10,38,2N6576,C,BABR,2709,OK,
2026-07-10,39,22827-3,C,BABR,2709,OK,
2026-07-10,40,068-02800,C,BABR,2709,Pendente,
2026-07-10,41,2N6576,C,BABR,2709,OK,
2026-07-10,42,060-0015-00,R,BABR,2709,Pendente,
2026-07-10,43,066-4010-10,R,BABR,2709,OK,
2026-07-10,44,011-01020-10,R,BAMN,2740,Pendente,
2026-07-10,45,CM2990-G1,C,BABR,2709,Pendente,
2026-07-10,46,C262023-0107,C,CLA,2723,OK,
2026-07-10,47,2126001-1,C,BAMN,2737,Pendente,
2026-07-10,48,2612035-1,C,BANT,2722,Pendente,
2026-07-10,49,2641012-15,R,BANT,2728,Pendente,
2026-07-10,50,DD2W,C,BACO,2743,Pendente,
2026-07-10,51,S3100-581,C,BAMN,2737,Pendente,
2026-07-10,52,GF5500-81,C,BAMN,2736,Pendente,
2026-07-10,53,088-01132-0002,C,BANT,2728,Pendente,
2026-07-10,54,2641012-14,R,BANT,2719,Pendente,
2026-07-10,55,2641012-9,R,BANT,2719,Pendente,
2026-07-10,56,52283,C,BANT,2719,Pendente,
2026-07-10,57,AE3663162E0120,C,BANT,2723,Pendente,
2026-07-10,58,EA-5175-52-CES,R,BANT,2728,OK,
2026-07-10,59,S3100-630,C,BAMN,2737,Pendente,
2026-07-10,60,2660001-107,C,BANT,2719,Pendente,
2026-07-10,61,2660057-1,C,BANT,2719,Pendente,
2026-07-10,62,2660057-1,C,BANT,2728,Pendente,
2026-07-10,63,A-A-55487-5,C,BANT,2719,Pendente,
2026-07-10,64,S2319-64,C,BACO,2743,Pendente,
2026-07-10,65,060-0017-00,R,BANT,2708,Pendente,
2026-07-10,66,MS3456W12S3S,C,BABR,2709,Pendente,
2026-07-10,67,2682001-1,T,BABE/BANT,2739,OK,
2026-07-10,68,MS3509-28,C,BACG,2727,Pendente,
2026-07-10,69,S2899L0.5,C,BACG,2727,Pendente,
2026-07-10,70,1U149-015-15,R,BACO,2743,Pendente,
2026-07-10,71,AN6289J5,C,BABR,2709,Pendente,
2026-07-10,72,MS17825-3,C,BANT,2728,Pendente,
2026-07-10,73,MS17826-3,C,BANT,2728,Pendente,
2026-07-10,74,200-1902-00,C,BAMN,2736,Pendente,
2026-07-10,75,161-12800,R,BANT,2722 / 2728,Pendente,
2026-07-10,76,162-11800,R,BANT,2722 / 2728,Pendente,
2026-07-10,77,161-11700,R,BANT,2722 / 2728,Pendente,
2026-07-10,78,162-10700,R,BANT,2722 / 2728,Pendente,
2026-07-10,79,CI105-9,C,BANT,2722 / 2728,Pendente,
2026-07-10,80,S2669-1,C,BAMN,2738,Pendente,
2026-07-10,81,MS24694-S54,C,DACTA II,2742,Pendente,
2026-07-10,82,NAS1741-06R8,C,BANT,2722,Pendente,
2026-07-10,83,MS24693-S48,C,BANT,2722,Pendente,
2026-07-10,84,071-1242-06,R,CLA,2723,Pendente,
2026-07-10,85,066-3046-01,R,CLA,2723,Pendente,
2026-07-10,86,C661064-0237,R,BABR,2709,Pendente,
2026-07-10,87,76-207-12,C,BABE,2733,Pendente,
2026-07-10,88,071-1242-06,R,BABR,2709,Pendente,
2026-07-10,89,065-0060-01,R,BANT,2722,Pendente,
2026-07-10,91,069-1025-25,R,BACG,2727,Pendente,
2026-07-10,92,066-3084-32,R,BABR,2709,OK,
2026-07-10,93,SD5H14S6667,R,DACTA II,2742,Pendente,
2026-07-10,94,AN4H3A,C,BACO,2743,Pendente,
2026-07-10,95,2615140-2,C,BACO,2743,Pendente,
2026-07-10,96,430-00032-10,C,BABR,2720,Pendente,
2026-07-10,97,MS24392-10,C,BAMN,2741,OK,
2026-07-10,98,9910586-4,R,BAMN,2740,Pendente,
2026-07-10,99,025323-150,R,BABR,2720,Pendente,
2026-07-10,100,011-00916-00,R,BABE,2739,Pendente,
2026-07-10,101,F222086,C,BABR,2720,Pendente,
2026-07-10,102,4626,C,BACG,2727.0,Pendente,
2026-07-10,103,2601040-3,C,BACG,2727.0,Pendente,
2026-07-10,104,345-6196-04,C,BABE,2733.0,Pendente,
2026-07-10,105,200-01902-0000,C,BAMN,2738,Pendente,
2026-07-10,106,9864054-7,C,BAMN,2738,Pendente,
2026-07-10,107,MS28773-05,C,BABR,2720,Pendente,
2026-07-10,108,MS28773-05,C,BABE,2733,Pendente,
2026-07-10,109,2606015-3,R,BABR,2720,Pendente,
2026-07-10,110,C662041-0102,R,BABR,2720,Pendente,
2026-07-10,111,069-01033-0101,R,BANT,2722,OK,
2026-07-10,112,51539-012N,R,BANT,2719.0,Pendente,
2026-07-10,113,2671000PB1,C,BACG,2727,Pendente,
2026-07-10,114,580-219-154,C,BACO,2743,Pendente,
2026-07-10,115,2650085-15,C,BACO,2743,Pendente,
2026-07-10,116,2652021-80,C,BACO,2743,Pendente,
2026-07-10,117,SL6015-5,C,BACO,2743,Pendente,
2026-07-10,118,MS25171-1S,C,BACO,2743,Pendente,
2026-07-10,119,C-145-450,C,BAMN,2732,Pendente,
2026-07-10,120,K00-00351-00,C,BAMN,2740,Pendente,
2026-07-10,121,9910085-2,R,BANT,2728,Pendente,
2026-07-10,122,D210507,R,BANT,2728,Pendente,
2026-07-10,123,RV05-268,C,BANT,2719,Pendente,
2026-07-10,124,RV05-268,C,BANT,2728,Pendente,
2026-07-10,125,5040033933,R,BABR,2709,Pendente,
2026-07-10,126,1U648-001,C,DACTA II,2742,Pendente,
2026-07-10,127,161-12800,R,BABR,2709,Pendente,
2026-07-10,128,162-11800,R,BABR,2709,Pendente,
2026-07-10,129,302-120-402,C,BABR,2709,Pendente,
2026-07-10,130,850C86-2,C,BABR,2709,Pendente,
2026-07-10,131,AN316-4R,C,BABR,2709,Pendente,
2026-07-10,132,C668540-0102,C,EPCAR,2702,Pendente,
2026-07-10,133,MS20392-1C11,C,BAMN,2730,Pendente,
2026-07-10,134,161-11700,R,DACTA II,2742,Pendente,
2026-07-10,135,162-10700,R,DACTA II,2742,Pendente,
2026-07-10,136,AE3663161E0113,C,DACTA II,2742,Pendente,
2026-07-10,137,ST2231-05,C,BANT,2719 / 2728,Pendente,
2026-07-10,138,NAS561P5-12,C,BANT,2719 / 2728,Pendente,
2026-07-10,139,MS20392-1C11,C,BAMN,2730,Pendente,
2026-07-10,140,2617024-6,C,BABE,2739,Pendente,
2026-07-10,141,P860037,C,BABE,2739,Pendente,
2026-07-10,142,S2655-1,C,BABE,2739,Pendente,
2026-07-10,143,2651022-20-1,R,BABE,2739,Pendente,
2026-07-10,144,AE3663163K0600,C,BABR,2709.0,Pendente,
2026-07-10,145,161-11700,R,BACO,2743,Pendente,
2026-07-10,146,162-10700,R,BACO,2743,Pendente,
2026-07-10,147,2641011-5,R,BACO,2743,Pendente,
2026-07-10,148,C662041-0102,R,BABR,2720,Pendente,
2026-07-10,149,069-01033-0101,R,BABR,2720,Pendente,
2026-07-10,150,S1587-7,C,BABE,2739,Pendente,
2026-07-10,151,161-11700,R,BANT,2719 / 2728,Pendente,
2026-07-10,152,162-10700,R,BANT,2719 / 2728,Pendente,
2026-07-10,153,C352TS,T,DACTA II,2742,OK,
2026-07-10,154,066-3046-07,R,CLA,2723,Pendente,
2026-07-10,155,066-1055-00,R,CLA,2723,Pendente,
2026-07-10,156,065-0041-00,R,CLA,2723,Pendente,
2026-07-10,157,200-01902-0000,C,BABE,2731,Pendente,
2026-07-10,158,AN315C4R,C,BANT,2719,Pendente,
2026-07-10,159,2651024-5,C,BANT,2719,Pendente,
2026-07-10,160,MS20392-2C29,C,BANT,2719,Pendente,
2026-07-10,161,071-1052-00,R,BANT,2728,Pendente,
2026-07-10,162,2651022-20-1,R,BABE,2733,Pendente,
2026-07-10,163,071-1242-06,R,BANT,2728,Pendente,
2026-07-10,164,C661065-0237,R,BANT,2719,Pendente,
2026-07-10,165,2618510-10,T,BANT,2728,Pendente,
2026-07-10,166,071-1242-06,R,BANT,2719,Pendente,
2026-07-10,167,C661030-0301,R,BANT,2719,Pendente,
2026-07-10,168,2651040-2,T,EPCAR,2702,Pendente,
2026-07-10,169,2651022-20-1,T,EPCAR,2702,Pendente,
2026-07-10,170,NAS147-43,C,EPCAR,2702,Pendente,
2026-07-10,171,MS21044N7,C,EPCAR,2702,Pendente,
2026-07-10,172,NAS1149F0732P,C,EPCAR,2702,Pendente,
2026-07-10,173,MS20002C7,C,EPCAR,2702,Pendente,
2026-07-10,174,AN5C12A,C,EPCAR,2702,Pendente,
2026-07-10,175,NAS1149C0563R,C,EPCAR,2702,Pendente,
2026-07-10,176,S1450-5H16-032,C,EPCAR,2702,Pendente,
2026-07-10,177,MS21042L5,C,EPCAR,2702,Pendente,
2026-07-10,178,MS20007-16,C,EPCAR,2702,Pendente,
2026-07-10,179,C352TS,T,BACO,2743,OK,
2026-07-10,180,060-0015-00,R,BANT,2721,Pendente,
2026-07-10,181,065-0030-00,R,BANT,2728,Pendente,
2026-07-10,182,066-3060-00,R,BANT,2708 / 2721,Pendente,
2026-07-10,183,C598505-0303,R,BANT,2728,Pendente,
2026-07-10,184,2606016-17,C,BABR,2720,Pendente,
2026-07-10,185,2606016-17,C,BABR,2720,Pendente,
2026-07-10,186,DCN4-5407,C,BABR,2720,Pendente,
2026-07-10,187,NAS147-97,C,EPCAR,2702,Pendente,
2026-07-10,188,NAS147-84,C,EPCAR,2702,Pendente,
2026-07-10,189,AN363-720,C,EPCAR,2702,Pendente,
2026-07-10,190,MS20007-68,C,EPCAR,2702,Pendente,
2026-07-10,191,9910333-1,C,EPCAR,2702,Pendente,
2026-07-10,192,S3461-64,C,EPCAR,2702,Pendente,
2026-07-10,193,AN310C8,C,EPCAR,2702,Pendente,
2026-07-10,194,AN310C8,C,EPCAR,2702,Pendente,
2026-07-10,195,S3465-2-0160,C,BAMN,2737,Pendente,
2026-07-10,196,069-1025-25,R,CLA,2723,Pendente,
2026-07-10,197,069-01033-0101,R,BABR,2720,Pendente,
2026-07-10,198,901207K1,C,BABE,2739,Pendente,
2026-07-10,199,3240572,C,BABE,2739,Pendente,
2026-07-10,200,AE3663162E0120,C,BANT,2703,Pendente,
2026-07-10,201,AN924-3D,C,BACG,2727,Pendente,
2026-07-10,202,MS28778-3,C,BACG,2727,Pendente,
2026-07-10,203,C661065-0237,R,BABR,2721,Pendente,
2026-07-10,204,9910338-4,R,BABR,2721,Pendente,
2026-07-10,205,2643100-206,R,BANT,2719,Pendente,
2026-07-10,206,2618510-10,T,BANT,2719,Pendente,
2026-07-10,207,066-3084-32,R,BANT,2719,Pendente,
2026-07-10,208,3014226,C,BANT,2719,Pendente,
2026-07-10,209,S1450-4S10-032,C,BANT,2719,Pendente,
2026-07-10,210,MS27975-2,C,BANT,2719,Pendente,
2026-07-10,211,S1021Z8-8,C,BANT,2719,Pendente,
2026-07-10,212,R581559,C,BANT,2719,Pendente,
2026-07-10,213,R581559,C,BANT,2719,Pendente,
2026-07-10,214,R581559,C,BANT,2719,Pendente,
2026-07-10,215,C145-00-46,C,BAMN,2732,Pendente,
2026-07-10,216,U554426,C,BABE,2739,Pendente,
2026-07-10,217,2653019-1,C,BABR,2721,Pendente,
2026-07-10,218,MS35426-27,C,BABR,2721,Pendente,
2026-07-10,219,S1741-1,C,BABR,2721,Pendente,
2026-07-10,220,A1633-72,C,BACO,2742,Pendente,
2026-07-10,221,A1639-32,C,BACO,2742,Pendente,
2026-07-10,222,AN363-720,C,BACO,2742,Pendente,
2026-07-10,223,AS3209-016,C,BACO,2742,Pendente,
2026-07-10,224,DCN4-3807,C,BACO,2742,Pendente,
2026-07-10,225,MS20002C7,C,BACO,2742,Pendente,
2026-07-10,226,MS20007-68,C,BACO,2742,Pendente,
2026-07-10,227,MS28773-05,C,BACO,2742,Pendente,
2026-07-10,228,MS28775-022,C,BACO,2742,Pendente,
2026-07-10,229,MS28778-4,C,BACO,2742,Pendente,
2026-07-10,230,MS29512-08,C,BACO,2742,Pendente,
2026-07-10,231,NAS1149C0763R,C,BACO,2742,Pendente,
2026-07-10,232,NAS147-84,C,BACO,2742,Pendente,
2026-07-10,233,NAS147-97,C,BACO,2742,Pendente,
2026-07-10,234,C598505-0304,C,BANT,FROTA,Pendente,
2026-07-10,235,C598505-0304,C,BANT,FROTA,Pendente,
2026-07-10,236,C598505-0303,C,BANT,FROTA,Pendente,
2026-07-10,237,C598505-0303,C,BANT,FROTA,Pendente,
2026-07-10,238,70-22-01,C,BANT,FROTA,Pendente,
2026-07-10,239,70-22-01,C,BANT,FROTA,Pendente,
2026-07-10,240,066-01141-5101,R,BANT,FROTA,Pendente,
2026-07-10,241,MS35206-247,C,BANT,FROTA,Pendente,
2026-07-10,242,065-0042-15,R,BANT,FROTA,Pendente,
2026-07-10,243,C662041-0102,R,BANT,FROTA,Pendente,
2026-07-10,244,011-00412-00,R,BANT,FROTA,Pendente,
2026-07-10,245,3014227,C,BANT,FROTA,Pendente,
2026-07-10,246,A1633-72,C,BANT,FROTA,Pendente,
2026-07-10,247,066-3084-32,R,BANT,FROTA,Pendente,
2026-07-10,248,AE3663724G0330,C,BANT,FROTA,Pendente,
2026-07-10,249,0541140-1,C,BACG,2727,Pendente,
2026-07-10,250,644-04303416,C,BANT,2719,Pendente,
2026-07-10,251,C668050-1108,C,BABR,2721,Pendente,
2026-07-10,252,2641012-14,T,BABE,2731,Pendente,
2026-07-10,253,S2495-12B0600,C,BACG,2727,Pendente,
2026-07-10,254,2641014-9,T,BABE,2731,Pendente,
2026-07-10,255,S1985-1,C,CLA,2723,Pendente,
2026-07-10,256,S1985-1,C,CLA,2723,Pendente,
2026-07-10,257,200SGL153Q,R,BACO,2743,OK,
2026-07-10,258,9910338-8RX,R,BABR,2721,Pendente,
2026-07-10,259,162-11800,R,BANT,2703,Pendente,
2026-07-10,260,200SGL119Q-2,R,BANT,2722,OK,
2026-07-10,261,2641011-5,T,BANT,2719,Pendente,
2026-07-10,262,452-0133,T,BANT,2728,Pendente,
2026-07-10,263,C352TS,R,BANT,2728,OK,
2026-07-10,264,S3326-2,R,BABE,2731,Pendente,
2026-07-10,265,S2502-3,C,BABE,2731,Pendente,
2026-07-10,266,P860037,C,BABE,2733,Pendente,
2026-07-10,267,AE3663231B0160,C,BAMN,2736 / 2738 / 2741,Pendente,
2026-07-10,268,8210-002-01,R,BABR,2721,Pendente,
2026-07-10,269,DCN4-3807,C,BABR,2721,Pendente,
2026-07-10,270,MS28773-05,C,BABR,2721,Pendente,
2026-07-10,271,1215073-28,C,BABR,2721,Pendente,
2026-07-10,272,9910573-21,C,BABR,2721,Pendente,
2026-07-10,273,3121248-03,R,BABR,2721,Pendente,
2026-07-10,274,5040033933,R,BABR,2709,Pendente,
2026-07-10,275,R581559,C,BABR,2709,Pendente,
2026-07-10,276,S3413-104,C,BABR,2709,Pendente,
2026-07-10,277,S3413-105,C,BABR,2709,Pendente,
2026-07-10,278,S3413-107,C,BABR,2709,Pendente,
2026-07-10,279,S3413-109,C,BABR,2709,Pendente,
2026-07-10,280,S3413-110,C,BABR,2709,Pendente,
2026-07-10,281,S2319-64,C,BABR,2709,Pendente,
2026-07-10,282,S2319-50,C,BABR,2709,Pendente,
2026-07-10,283,B4864,C,BABR,2709,Pendente,
2026-07-10,284,B4940-1,C,BABR,2709,Pendente,
2026-07-10,285,B4940-2,C,BABR,2709,Pendente,
2026-07-10,286,2654012-2,C,BABR,2709,Pendente,
2026-07-10,287,5111602-16,C,BABE,2731,Pendente,
2026-07-10,288,2641032-202,C,BAMN,2741,Pendente,
2026-07-10,289,850C86-2,C,BABR,2709,Pendente,
2026-07-10,290,302-120-402,C,BABR,2709,Pendente,
2026-07-10,291,MS28778-3,C,BAMN,2736,Pendente,
2026-07-10,292,AE3663161E0113,C,BAMN,2736,Pendente,
2026-07-10,293,1414116-7,C,BABE,2739,Pendente,
2026-07-10,294,S1985-1,C,BANT,2708,Pendente,
2026-07-10,295,2270030-12,C,BANT,2708,Pendente,
2026-07-10,296,066-4010-12,R,BANT,2708,Pendente,
2026-07-10,297,3034792,R,DACTA II,2742,Pendente,
2026-07-10,298,3024973,C,DACTA II,2742,Pendente,
2026-07-10,299,M83461/1-012,C,DACTA II,2742,Pendente,
2026-07-10,300,3039937,C,DACTA II,2742,Pendente,
2026-07-10,301,3014227,C,DACTA II,2742,Pendente,
2026-07-10,302,C668050-1108,C,BABE,2723,Pendente,
2026-07-10,303,2522275-1,C,BABE,2723,Pendente,
2026-07-10,304,S2870-1,C,BABE,2723,Pendente,
2026-07-10,305,NSL 1422 B2,C,BABE,2723,Pendente,
2026-07-10,306,AN320-3,C,BABR,2709,Pendente,
2026-07-10,307,2613419-1,C,BABR,2709,Pendente,
2026-07-10,308,AN565B428H4,C,BABR,2709,Pendente,
2026-07-10,309,2662007-4,C,BABR,2709,Pendente,
2026-07-10,310,2662022-1,C,BABR,2709,Pendente,
2026-07-10,311,AN315-3L,C,BABR,2709,Pendente,
2026-07-10,312,B145-78-7,C,BABR,2709,Pendente,
2026-07-10,313,AS5174D1210,C,BAMN,2732,Pendente,
2026-07-10,314,MS24392-10,C,BAMN,2732,Pendente,
2026-07-10,315,An4-17,C,BANT,2729,Pendente,
2026-07-10,316,S1450-6B12-032,C,BANT,2729,Pendente,
2026-07-10,317,065-0059-01,C,BANT,2722,Pendente,
2026-07-10,318,065-0059-01,C,BANT,2708,Pendente,
2026-07-10,319,050-1518-00,C,BANT,2719,Pendente,
2026-07-10,320,MS21025-24,C,BANT,2729,Pendente,
2026-07-10,321,S51-14,C,BANT,2703,Pendente,
2026-07-10,322,065-0042-03,C,BANT,2719,Pendente,
2026-07-10,323,A1639-32,C,CLA,2723,Pendente,
2026-07-10,324,B-5096,C,CLA,2723,Pendente,
2026-07-10,325,A1633-72,C,CLA,2723,Pendente,
2026-07-10,326,S3326-2RX,R,BACO,2743,Pendente,
2026-07-10,327,799-1,R,BACO,2743,Pendente,
2026-07-10,328,060-0017-00,R,BANT,2703,Pendente,
2026-07-10,329,060-0017-00,R,BANT,2708,Pendente,
2026-07-10,330,4002HS,C,BABR,2709,Pendente,
2026-07-10,331,,,,,Pendente,
2026-07-10,332,,,,,Pendente,
2026-07-10,333,,,,,Pendente,
2026-07-10,334,,,,,Pendente,
2026-07-10,335,,,,,Pendente,
2026-07-10,336,,,,,Pendente,
2026-07-10,337,,,,,Pendente,
2026-07-10,338,,,,,Pendente,
2026-07-10,339,,,,,Pendente,
2026-07-10,340,,,,,Pendente,
2026-07-10,341,,,,,Pendente,
2026-07-10,342,,,,,Pendente,
2026-07-10,343,,,,,Pendente,
2026-07-10,344,,,,,Pendente,
2026-07-10,345,,,,,Pendente,
2026-07-10,346,,,,,Pendente,
2026-07-10,347,,,,,Pendente,
2026-07-10,348,,,,,Pendente,
2026-07-10,349,,,,,Pendente,
2026-07-10,350,,,,,Pendente,
2026-07-10,351,,,,,Pendente,
2026-07-10,352,,,,,Pendente,
2026-07-10,353,,,,,Pendente,
2026-07-10,354,,,,,Pendente,
2026-07-10,355,,,,,Pendente,
2026-07-10,356,,,,,Pendente,
2026-07-10,357,,,,,Pendente,
2026-07-10,358,,,,,Pendente,
2026-07-10,359,,,,,Pendente,
2026-07-10,360,,,,,Pendente,
2026-07-10,361,,,,,Pendente,
2026-07-10,362,,,,,Pendente,
2026-07-10,363,,,,,Pendente,
2026-07-10,364,,,,,Pendente,
2026-07-10,365,,,,,Pendente,
2026-07-10,366,,,,,Pendente,
2026-07-10,367,,,,,Pendente,
2026-07-10,368,,,,,Pendente,
2026-07-10,369,,,,,Pendente,
2026-07-10,370,,,,,Pendente,
2026-07-10,371,,,,,Pendente,
2026-07-10,372,,,,,Pendente,
2026-07-10,373,,,,,Pendente,
2026-07-10,374,,,,,Pendente,
2026-07-10,375,,,,,Pendente,
2026-07-10,376,,,,,Pendente,
2026-07-10,377,,,,,Pendente,
2026-07-10,378,,,,,Pendente,
2026-07-10,379,,,,,Pendente,
2026-07-10,380,,,,,Pendente,
2026-07-10,381,,,,,Pendente,
2026-07-10,382,,,,,Pendente,
2026-07-10,383,,,,,Pendente,
2026-07-10,384,,,,,Pendente,
2026-07-10,385,,,,,Pendente,
2026-07-10,386,,,,,Pendente,
2026-07-10,387,,,,,Pendente,
2026-07-10,388,,,,,Pendente,
2026-07-10,389,,,,,Pendente,
2026-07-10,390,,,,,Pendente,
2026-07-10,391,,,,,Pendente,
2026-07-10,392,,,,,Pendente,
2026-07-10,393,,,,,Pendente,
2026-07-10,394,,,,,Pendente,
2026-07-10,395,,,,,Pendente,
2026-07-10,396,,,,,Pendente,
2026-07-10,397,,,,,Pendente,
2026-07-10,398,,,,,Pendente,
2026-07-10,399,,,,,Pendente,
2026-07-10,400,,,,,Pendente,
2026-07-10,401,,,,,Pendente,
2026-07-10,402,,,,,Pendente,
2026-07-10,403,,,,,Pendente,
2026-07-10,404,,,,,Pendente,
2026-07-10,405,,,,,Pendente,
2026-07-10,406,,,,,Pendente,
2026-07-10,407,,,,,Pendente,
2026-07-10,408,,,,,Pendente,
2026-07-10,409,,,,,Pendente,
2026-07-10,410,,,,,Pendente,
2026-07-10,411,,,,,Pendente,
2026-07-10,412,,,,,Pendente,
2026-07-10,413,,,,,Pendente,
2026-07-10,414,,,,,Pendente,
2026-07-10,415,,,,,Pendente,
2026-07-10,416,,,,,Pendente,
2026-07-10,417,,,,,Pendente,
2026-07-10,418,,,,,Pendente,
2026-07-10,419,,,,,Pendente,
2026-07-10,420,,,,,Pendente,
2026-07-10,421,,,,,Pendente,
2026-07-10,422,,,,,Pendente,
2026-07-10,423,,,,,Pendente,
2026-07-10,424,,,,,Pendente,
2026-07-10,425,,,,,Pendente,
2026-07-11,1,302-039-402,C,BABV,2741,Pendente,
2026-07-11,2,302-039-402,C,BAMN,2740,Pendente,
2026-07-11,3,065-0065-01,T,BANT,2719,Pendente,
2026-07-11,4,NAS1739B4-6,C,BABE,2731,OK,
2026-07-11,5,CR2248-4-4,C,BABE,2731,OK,
2026-07-11,6,NAS1097AD6-5,C,BABE,2731,OK,
2026-07-11,7,NAS1097AD6-4,C,BABE,2731,OK,
2026-07-11,8,NAS1097AD5-4,C,BABE,2731,OK,
2026-07-11,9,NAS1097AD5-7,C,BABE,2731,OK,
2026-07-11,10,NAS1097AD4-3,C,BABE,2731,OK,
2026-07-11,11,NAS1097AD3-7,C,BABE,2731,OK,
2026-07-11,12,5934PAD-3,R,BABE,2739,Pendente,
2026-07-11,13,068-02800,C,BANT,2722,Pendente,
2026-07-11,14,RA068-02800,C,BANT,2722,Pendente,
2026-07-11,15,MS21442-121,C,BABR,2709,Pendente,
2026-07-11,16,523919,C,BABR,2709,Pendente,
2026-07-11,17,065-0042-03,R,BANT,2722,OK,
2026-07-11,18,AE3663163K0600,C,BANT,2728,Pendente,
2026-07-11,19,MS21044N9,C,BANT,2728 e 2719,Pendente,
2026-07-11,20,MS21044N9,C,BANT,2729,OK,
2026-07-11,21,C145-00-46,C,BABR,2709,OK,
2026-07-11,22,62800-001,T,BABR,2709,OK,
2026-07-11,23,065-0042-15,R,BASM,2708,Pendente,
2026-07-11,24,S3326-2,R,BAMN,*,Pendente,
2026-07-11,25,MS29513-338,C,BANT,2719,Pendente,
2026-07-11,26,030-18200,R,BAMN,2732,OK,
2026-07-11,27,9864054-7,C,BAMN,2740,Pendente,
2026-07-11,28,2606015-2,R,BABR,2720,Pendente,
2026-07-11,29,76-207-12,C,BAMN,2740,Pendente,
2026-07-11,30,MS20007-30,C,BABE,2733,OK,
2026-07-11,31,MS20007-16,C,BABE,2733,Pendente,
2026-07-11,32,B-5121,C,EEAR,2703,OK,
2026-07-11,33,C668050-1104,C,BABR,2709,Pendente,
2026-07-11,34,431-0101-01,C,BABR,2709,OK,
2026-07-11,35,2650026-3,C,BABR,2709,OK,
2026-07-11,36,S2300-12,C,BABR,2709,OK,
2026-07-11,37,S2357-1,C,BABR,2709,OK,
2026-07-11,38,2N6576,C,BABR,2709,OK,
2026-07-11,39,22827-3,C,BABR,2709,OK,
2026-07-11,40,068-02800,C,BABR,2709,Pendente,
2026-07-11,41,2N6576,C,BABR,2709,OK,
2026-07-11,42,060-0015-00,R,BABR,2709,Pendente,
2026-07-11,43,066-4010-10,R,BABR,2709,OK,
2026-07-11,44,011-01020-10,R,BAMN,2740,Pendente,
2026-07-11,45,CM2990-G1,C,BABR,2709,Pendente,
2026-07-11,46,C262023-0107,C,CLA,2723,OK,
2026-07-11,47,2126001-1,C,BAMN,2737,Pendente,
2026-07-11,48,2612035-1,C,BANT,2722,Pendente,
2026-07-11,49,2641012-15,R,BANT,2728,Pendente,
2026-07-11,50,DD2W,C,BACO,2743,Pendente,
2026-07-11,51,S3100-581,C,BAMN,2737,Pendente,
2026-07-11,52,GF5500-81,C,BAMN,2736,Pendente,
2026-07-11,53,088-01132-0002,C,BANT,2728,Pendente,
2026-07-11,54,2641012-14,R,BANT,2719,Pendente,
2026-07-11,55,2641012-9,R,BANT,2719,Pendente,
2026-07-11,56,52283,C,BANT,2719,Pendente,
2026-07-11,57,AE3663162E0120,C,BANT,2723,Pendente,
2026-07-11,58,EA-5175-52-CES,R,BANT,2728,OK,
2026-07-11,59,S3100-630,C,BAMN,2737,Pendente,
2026-07-11,60,2660001-107,C,BANT,2719,Pendente,
2026-07-11,61,2660057-1,C,BANT,2719,Pendente,
2026-07-11,62,2660057-1,C,BANT,2728,Pendente,
2026-07-11,63,A-A-55487-5,C,BANT,2719,Pendente,
2026-07-11,64,S2319-64,C,BACO,2743,Pendente,
2026-07-11,65,060-0017-00,R,BANT,2708,Pendente,
2026-07-11,66,MS3456W12S3S,C,BABR,2709,Pendente,
2026-07-11,67,2682001-1,T,BABE/BANT,2739,OK,
2026-07-11,68,MS3509-28,C,BACG,2727,Pendente,
2026-07-11,69,S2899L0.5,C,BACG,2727,Pendente,
2026-07-11,70,1U149-015-15,R,BACO,2743,Pendente,
2026-07-11,71,AN6289J5,C,BABR,2709,Pendente,
2026-07-11,72,MS17825-3,C,BANT,2728,Pendente,
2026-07-11,73,MS17826-3,C,BANT,2728,Pendente,
2026-07-11,74,200-1902-00,C,BAMN,2736,Pendente,
2026-07-11,75,161-12800,R,BANT,2722 / 2728,Pendente,
2026-07-11,76,162-11800,R,BANT,2722 / 2728,Pendente,
2026-07-11,77,161-11700,R,BANT,2722 / 2728,Pendente,
2026-07-11,78,162-10700,R,BANT,2722 / 2728,Pendente,
2026-07-11,79,CI105-9,C,BANT,2722 / 2728,Pendente,
2026-07-11,80,S2669-1,C,BAMN,2738,Pendente,
2026-07-11,81,MS24694-S54,C,DACTA II,2742,Pendente,
2026-07-11,82,NAS1741-06R8,C,BANT,2722,Pendente,
2026-07-11,83,MS24693-S48,C,BANT,2722,Pendente,
2026-07-11,84,071-1242-06,R,CLA,2723,Pendente,
2026-07-11,85,066-3046-01,R,CLA,2723,Pendente,
2026-07-11,86,C661064-0237,R,BABR,2709,Pendente,
2026-07-11,87,76-207-12,C,BABE,2733,Pendente,
2026-07-11,88,071-1242-06,R,BABR,2709,Pendente,
2026-07-11,89,065-0060-01,R,BANT,2722,Pendente,
2026-07-11,91,069-1025-25,R,BACG,2727,Pendente,
2026-07-11,92,066-3084-32,R,BABR,2709,OK,
2026-07-11,93,SD5H14S6667,R,DACTA II,2742,Pendente,
2026-07-11,94,AN4H3A,C,BACO,2743,Pendente,
2026-07-11,95,2615140-2,C,BACO,2743,Pendente,
2026-07-11,96,430-00032-10,C,BABR,2720,Pendente,
2026-07-11,97,MS24392-10,C,BAMN,2741,OK,
2026-07-11,98,9910586-4,R,BAMN,2740,Pendente,
2026-07-11,99,025323-150,R,BABR,2720,Pendente,
2026-07-11,100,011-00916-00,R,BABE,2739,Pendente,
2026-07-11,101,F222086,C,BABR,2720,Pendente,
2026-07-11,102,4626,C,BACG,2727.0,Pendente,
2026-07-11,103,2601040-3,C,BACG,2727.0,Pendente,
2026-07-11,104,345-6196-04,C,BABE,2733.0,Pendente,
2026-07-11,105,200-01902-0000,C,BAMN,2738,Pendente,
2026-07-11,106,9864054-7,C,BAMN,2738,Pendente,
2026-07-11,107,MS28773-05,C,BABR,2720,Pendente,
2026-07-11,108,MS28773-05,C,BABE,2733,Pendente,
2026-07-11,109,2606015-3,R,BABR,2720,Pendente,
2026-07-11,110,C662041-0102,R,BABR,2720,Pendente,
2026-07-11,111,069-01033-0101,R,BANT,2722,OK,
2026-07-11,112,51539-012N,R,BANT,2719.0,Pendente,
2026-07-11,113,2671000PB1,C,BACG,2727,Pendente,
2026-07-11,114,580-219-154,C,BACO,2743,Pendente,
2026-07-11,115,2650085-15,C,BACO,2743,Pendente,
2026-07-11,116,2652021-80,C,BACO,2743,Pendente,
2026-07-11,117,SL6015-5,C,BACO,2743,Pendente,
2026-07-11,118,MS25171-1S,C,BACO,2743,Pendente,
2026-07-11,119,C-145-450,C,BAMN,2732,Pendente,
2026-07-11,120,K00-00351-00,C,BAMN,2740,Pendente,
2026-07-11,121,9910085-2,R,BANT,2728,Pendente,
2026-07-11,122,D210507,R,BANT,2728,Pendente,
2026-07-11,123,RV05-268,C,BANT,2719,Pendente,
2026-07-11,124,RV05-268,C,BANT,2728,Pendente,
2026-07-11,125,5040033933,R,BABR,2709,Pendente,
2026-07-11,126,1U648-001,C,DACTA II,2742,Pendente,
2026-07-11,127,161-12800,R,BABR,2709,Pendente,
2026-07-11,128,162-11800,R,BABR,2709,Pendente,
2026-07-11,129,302-120-402,C,BABR,2709,Pendente,
2026-07-11,130,850C86-2,C,BABR,2709,Pendente,
2026-07-11,131,AN316-4R,C,BABR,2709,Pendente,
2026-07-11,132,C668540-0102,C,EPCAR,2702,Pendente,
2026-07-11,133,MS20392-1C11,C,BAMN,2730,Pendente,
2026-07-11,134,161-11700,R,DACTA II,2742,Pendente,
2026-07-11,135,162-10700,R,DACTA II,2742,Pendente,
2026-07-11,136,AE3663161E0113,C,DACTA II,2742,Pendente,
2026-07-11,137,ST2231-05,C,BANT,2719 / 2728,Pendente,
2026-07-11,138,NAS561P5-12,C,BANT,2719 / 2728,Pendente,
2026-07-11,139,MS20392-1C11,C,BAMN,2730,Pendente,
2026-07-11,140,2617024-6,C,BABE,2739,Pendente,
2026-07-11,141,P860037,C,BABE,2739,Pendente,
2026-07-11,142,S2655-1,C,BABE,2739,Pendente,
2026-07-11,143,2651022-20-1,R,BABE,2739,Pendente,
2026-07-11,144,AE3663163K0600,C,BABR,2709.0,Pendente,
2026-07-11,145,161-11700,R,BACO,2743,Pendente,
2026-07-11,146,162-10700,R,BACO,2743,Pendente,
2026-07-11,147,2641011-5,R,BACO,2743,Pendente,
2026-07-11,148,C662041-0102,R,BABR,2720,Pendente,
2026-07-11,149,069-01033-0101,R,BABR,2720,Pendente,
2026-07-11,150,S1587-7,C,BABE,2739,Pendente,
2026-07-11,151,161-11700,R,BANT,2719 / 2728,Pendente,
2026-07-11,152,162-10700,R,BANT,2719 / 2728,Pendente,
2026-07-11,153,C352TS,T,DACTA II,2742,OK,
2026-07-11,154,066-3046-07,R,CLA,2723,Pendente,
2026-07-11,155,066-1055-00,R,CLA,2723,Pendente,
2026-07-11,156,065-0041-00,R,CLA,2723,Pendente,
2026-07-11,157,200-01902-0000,C,BABE,2731,Pendente,
2026-07-11,158,AN315C4R,C,BANT,2719,Pendente,
2026-07-11,159,2651024-5,C,BANT,2719,Pendente,
2026-07-11,160,MS20392-2C29,C,BANT,2719,Pendente,
2026-07-11,161,071-1052-00,R,BANT,2728,Pendente,
2026-07-11,162,2651022-20-1,R,BABE,2733,Pendente,
2026-07-11,163,071-1242-06,R,BANT,2728,Pendente,
2026-07-11,164,C661065-0237,R,BANT,2719,Pendente,
2026-07-11,165,2618510-10,T,BANT,2728,Pendente,
2026-07-11,166,071-1242-06,R,BANT,2719,Pendente,
2026-07-11,167,C661030-0301,R,BANT,2719,Pendente,
2026-07-11,168,2651040-2,T,EPCAR,2702,Pendente,
2026-07-11,169,2651022-20-1,T,EPCAR,2702,Pendente,
2026-07-11,170,NAS147-43,C,EPCAR,2702,Pendente,
2026-07-11,171,MS21044N7,C,EPCAR,2702,Pendente,
2026-07-11,172,NAS1149F0732P,C,EPCAR,2702,Pendente,
2026-07-11,173,MS20002C7,C,EPCAR,2702,Pendente,
2026-07-11,174,AN5C12A,C,EPCAR,2702,Pendente,
2026-07-11,175,NAS1149C0563R,C,EPCAR,2702,Pendente,
2026-07-11,176,S1450-5H16-032,C,EPCAR,2702,Pendente,
2026-07-11,177,MS21042L5,C,EPCAR,2702,Pendente,
2026-07-11,178,MS20007-16,C,EPCAR,2702,Pendente,
2026-07-11,179,C352TS,T,BACO,2743,OK,
2026-07-11,180,060-0015-00,R,BANT,2721,Pendente,
2026-07-11,181,065-0030-00,R,BANT,2728,Pendente,
2026-07-11,182,066-3060-00,R,BANT,2708 / 2721,Pendente,
2026-07-11,183,C598505-0303,R,BANT,2728,Pendente,
2026-07-11,184,2606016-17,C,BABR,2720,Pendente,
2026-07-11,185,2606016-17,C,BABR,2720,Pendente,
2026-07-11,186,DCN4-5407,C,BABR,2720,Pendente,
2026-07-11,187,NAS147-97,C,EPCAR,2702,Pendente,
2026-07-11,188,NAS147-84,C,EPCAR,2702,Pendente,
2026-07-11,189,AN363-720,C,EPCAR,2702,Pendente,
2026-07-11,190,MS20007-68,C,EPCAR,2702,Pendente,
2026-07-11,191,9910333-1,C,EPCAR,2702,Pendente,
2026-07-11,192,S3461-64,C,EPCAR,2702,Pendente,
2026-07-11,193,AN310C8,C,EPCAR,2702,Pendente,
2026-07-11,194,AN310C8,C,EPCAR,2702,Pendente,
2026-07-11,195,S3465-2-0160,C,BAMN,2737,Pendente,
2026-07-11,196,069-1025-25,R,CLA,2723,Pendente,
2026-07-11,197,069-01033-0101,R,BABR,2720,Pendente,
2026-07-11,198,901207K1,C,BABE,2739,Pendente,
2026-07-11,199,3240572,C,BABE,2739,Pendente,
2026-07-11,200,AE3663162E0120,C,BANT,2703,Pendente,
2026-07-11,201,AN924-3D,C,BACG,2727,Pendente,
2026-07-11,202,MS28778-3,C,BACG,2727,Pendente,
2026-07-11,203,C661065-0237,R,BABR,2721,Pendente,
2026-07-11,204,9910338-4,R,BABR,2721,Pendente,
2026-07-11,205,2643100-206,R,BANT,2719,Pendente,
2026-07-11,206,2618510-10,T,BANT,2719,Pendente,
2026-07-11,207,066-3084-32,R,BANT,2719,Pendente,
2026-07-11,208,3014226,C,BANT,2719,Pendente,
2026-07-11,209,S1450-4S10-032,C,BANT,2719,Pendente,
2026-07-11,210,MS27975-2,C,BANT,2719,Pendente,
2026-07-11,211,S1021Z8-8,C,BANT,2719,Pendente,
2026-07-11,212,R581559,C,BANT,2719,Pendente,
2026-07-11,213,R581559,C,BANT,2719,Pendente,
2026-07-11,214,R581559,C,BANT,2719,Pendente,
2026-07-11,215,C145-00-46,C,BAMN,2732,Pendente,
2026-07-11,216,U554426,C,BABE,2739,Pendente,
2026-07-11,217,2653019-1,C,BABR,2721,Pendente,
2026-07-11,218,MS35426-27,C,BABR,2721,Pendente,
2026-07-11,219,S1741-1,C,BABR,2721,Pendente,
2026-07-11,220,A1633-72,C,BACO,2742,Pendente,
2026-07-11,221,A1639-32,C,BACO,2742,Pendente,
2026-07-11,222,AN363-720,C,BACO,2742,Pendente,
2026-07-11,223,AS3209-016,C,BACO,2742,Pendente,
2026-07-11,224,DCN4-3807,C,BACO,2742,Pendente,
2026-07-11,225,MS20002C7,C,BACO,2742,Pendente,
2026-07-11,226,MS20007-68,C,BACO,2742,Pendente,
2026-07-11,227,MS28773-05,C,BACO,2742,Pendente,
2026-07-11,228,MS28775-022,C,BACO,2742,Pendente,
2026-07-11,229,MS28778-4,C,BACO,2742,Pendente,
2026-07-11,230,MS29512-08,C,BACO,2742,Pendente,
2026-07-11,231,NAS1149C0763R,C,BACO,2742,Pendente,
2026-07-11,232,NAS147-84,C,BACO,2742,Pendente,
2026-07-11,233,NAS147-97,C,BACO,2742,Pendente,
2026-07-11,234,C598505-0304,C,BANT,FROTA,Pendente,
2026-07-11,235,C598505-0304,C,BANT,FROTA,Pendente,
2026-07-11,236,C598505-0303,C,BANT,FROTA,Pendente,
2026-07-11,237,C598505-0303,C,BANT,FROTA,Pendente,
2026-07-11,238,70-22-01,C,BANT,FROTA,Pendente,
2026-07-11,239,70-22-01,C,BANT,FROTA,Pendente,
2026-07-11,240,066-01141-5101,R,BANT,FROTA,Pendente,
2026-07-11,241,MS35206-247,C,BANT,FROTA,Pendente,
2026-07-11,242,065-0042-15,R,BANT,FROTA,Pendente,
2026-07-11,243,C662041-0102,R,BANT,FROTA,Pendente,
2026-07-11,244,011-00412-00,R,BANT,FROTA,Pendente,
2026-07-11,245,3014227,C,BANT,FROTA,Pendente,
2026-07-11,246,A1633-72,C,BANT,FROTA,Pendente,
2026-07-11,247,066-3084-32,R,BANT,FROTA,Pendente,
2026-07-11,248,AE3663724G0330,C,BANT,FROTA,Pendente,
2026-07-11,249,0541140-1,C,BACG,2727,Pendente,
2026-07-11,250,644-04303416,C,BANT,2719,Pendente,
2026-07-11,251,C668050-1108,C,BABR,2721,Pendente,
2026-07-11,252,2641012-14,T,BABE,2731,Pendente,
2026-07-11,253,S2495-12B0600,C,BACG,2727,Pendente,
2026-07-11,254,2641014-9,T,BABE,2731,Pendente,
2026-07-11,255,S1985-1,C,CLA,2723,Pendente,
2026-07-11,256,S1985-1,C,CLA,2723,Pendente,
2026-07-11,257,200SGL153Q,R,BACO,2743,OK,
2026-07-11,258,9910338-8RX,R,BABR,2721,Pendente,
2026-07-11,259,162-11800,R,BANT,2703,Pendente,
2026-07-11,260,200SGL119Q-2,R,BANT,2722,OK,
2026-07-11,261,2641011-5,T,BANT,2719,Pendente,
2026-07-11,262,452-0133,T,BANT,2728,Pendente,
2026-07-11,263,C352TS,R,BANT,2728,OK,
2026-07-11,264,S3326-2,R,BABE,2731,Pendente,
2026-07-11,265,S2502-3,C,BABE,2731,Pendente,
2026-07-11,266,P860037,C,BABE,2733,Pendente,
2026-07-11,267,AE3663231B0160,C,BAMN,2736 / 2738 / 2741,Pendente,
2026-07-11,268,8210-002-01,R,BABR,2721,Pendente,
2026-07-11,269,DCN4-3807,C,BABR,2721,Pendente,
2026-07-11,270,MS28773-05,C,BABR,2721,Pendente,
2026-07-11,271,1215073-28,C,BABR,2721,Pendente,
2026-07-11,272,9910573-21,C,BABR,2721,Pendente,
2026-07-11,273,3121248-03,R,BABR,2721,Pendente,
2026-07-11,274,5040033933,R,BABR,2709,Pendente,
2026-07-11,275,R581559,C,BABR,2709,Pendente,
2026-07-11,276,S3413-104,C,BABR,2709,Pendente,
2026-07-11,277,S3413-105,C,BABR,2709,Pendente,
2026-07-11,278,S3413-107,C,BABR,2709,Pendente,
2026-07-11,279,S3413-109,C,BABR,2709,Pendente,
2026-07-11,280,S3413-110,C,BABR,2709,Pendente,
2026-07-11,281,S2319-64,C,BABR,2709,Pendente,
2026-07-11,282,S2319-50,C,BABR,2709,Pendente,
2026-07-11,283,B4864,C,BABR,2709,Pendente,
2026-07-11,284,B4940-1,C,BABR,2709,Pendente,
2026-07-11,285,B4940-2,C,BABR,2709,Pendente,
2026-07-11,286,2654012-2,C,BABR,2709,Pendente,
2026-07-11,287,5111602-16,C,BABE,2731,Pendente,
2026-07-11,288,2641032-202,C,BAMN,2741,Pendente,
2026-07-11,289,850C86-2,C,BABR,2709,Pendente,
2026-07-11,290,302-120-402,C,BABR,2709,Pendente,
2026-07-11,291,MS28778-3,C,BAMN,2736,Pendente,
2026-07-11,292,AE3663161E0113,C,BAMN,2736,Pendente,
2026-07-11,293,1414116-7,C,BABE,2739,Pendente,
2026-07-11,294,S1985-1,C,BANT,2708,Pendente,
2026-07-11,295,2270030-12,C,BANT,2708,Pendente,
2026-07-11,296,066-4010-12,R,BANT,2708,Pendente,
2026-07-11,297,3034792,R,DACTA II,2742,Pendente,
2026-07-11,298,3024973,C,DACTA II,2742,Pendente,
2026-07-11,299,M83461/1-012,C,DACTA II,2742,Pendente,
2026-07-11,300,3039937,C,DACTA II,2742,Pendente,
2026-07-11,301,3014227,C,DACTA II,2742,Pendente,
2026-07-11,302,C668050-1108,C,BABE,2723,Pendente,
2026-07-11,303,2522275-1,C,BABE,2723,Pendente,
2026-07-11,304,S2870-1,C,BABE,2723,Pendente,
2026-07-11,305,NSL 1422 B2,C,BABE,2723,Pendente,
2026-07-11,306,AN320-3,C,BABR,2709,Pendente,
2026-07-11,307,2613419-1,C,BABR,2709,Pendente,
2026-07-11,308,AN565B428H4,C,BABR,2709,Pendente,
2026-07-11,309,2662007-4,C,BABR,2709,Pendente,
2026-07-11,310,2662022-1,C,BABR,2709,Pendente,
2026-07-11,311,AN315-3L,C,BABR,2709,Pendente,
2026-07-11,312,B145-78-7,C,BABR,2709,Pendente,
2026-07-11,313,AS5174D1210,C,BAMN,2732,Pendente,
2026-07-11,314,MS24392-10,C,BAMN,2732,Pendente,
2026-07-11,315,An4-17,C,BANT,2729,Pendente,
2026-07-11,316,S1450-6B12-032,C,BANT,2729,Pendente,
2026-07-11,317,065-0059-01,C,BANT,2722,Pendente,
2026-07-11,318,065-0059-01,C,BANT,2708,Pendente,
2026-07-11,319,050-1518-00,C,BANT,2719,Pendente,
2026-07-11,320,MS21025-24,C,BANT,2729,Pendente,
2026-07-11,321,S51-14,C,BANT,2703,Pendente,
2026-07-11,322,065-0042-03,C,BANT,2719,Pendente,
2026-07-11,323,A1639-32,C,CLA,2723,Pendente,
2026-07-11,324,B-5096,C,CLA,2723,Pendente,
2026-07-11,325,A1633-72,C,CLA,2723,Pendente,
2026-07-11,326,S3326-2RX,R,BACO,2743,Pendente,
2026-07-11,327,799-1,R,BACO,2743,Pendente,
2026-07-11,328,060-0017-00,R,BANT,2703,Pendente,
2026-07-11,329,060-0017-00,R,BANT,2708,Pendente,
2026-07-11,330,4002HS,C,BABR,2709,Pendente,
2026-07-11,331,,,,,Pendente,
2026-07-11,332,,,,,Pendente,
2026-07-11,333,,,,,Pendente,
2026-07-11,334,,,,,Pendente,
2026-07-11,335,,,,,Pendente,
2026-07-11,336,,,,,Pendente,
2026-07-11,337,,,,,Pendente,
2026-07-11,338,,,,,Pendente,
2026-07-11,339,,,,,Pendente,
2026-07-11,340,,,,,Pendente,
2026-07-11,341,,,,,Pendente,
2026-07-11,342,,,,,Pendente,
2026-07-11,343,,,,,Pendente,
2026-07-11,344,,,,,Pendente,
2026-07-11,345,,,,,Pendente,
2026-07-11,346,,,,,Pendente,
2026-07-11,347,,,,,Pendente,
2026-07-11,348,,,,,Pendente,
2026-07-11,349,,,,,Pendente,
2026-07-11,350,,,,,Pendente,
2026-07-11,351,,,,,Pendente,
2026-07-11,352,,,,,Pendente,
2026-07-11,353,,,,,Pendente,
2026-07-11,354,,,,,Pendente,
2026-07-11,355,,,,,Pendente,
2026-07-11,356,,,,,Pendente,
2026-07-11,357,,,,,Pendente,
2026-07-11,358,,,,,Pendente,
2026-07-11,359,,,,,Pendente,
2026-07-11,360,,,,,Pendente,
2026-07-11,361,,,,,Pendente,
2026-07-11,362,,,,,Pendente,
2026-07-11,363,,,,,Pendente,
2026-07-11,364,,,,,Pendente,
2026-07-11,365,,,,,Pendente,
2026-07-11,366,,,,,Pendente,
2026-07-11,367,,,,,Pendente,
2026-07-11,368,,,,,Pendente,
2026-07-11,369,,,,,Pendente,
2026-07-11,370,,,,,Pendente,
2026-07-11,371,,,,,Pendente,
2026-07-11,372,,,,,Pendente,
2026-07-11,373,,,,,Pendente,
2026-07-11,374,,,,,Pendente,
2026-07-11,375,,,,,Pendente,
2026-07-11,376,,,,,Pendente,
2026-07-11,377,,,,,Pendente,
2026-07-11,378,,,,,Pendente,
2026-07-11,379,,,,,Pendente,
2026-07-11,380,,,,,Pendente,
2026-07-11,381,,,,,Pendente,
2026-07-11,382,,,,,Pendente,
2026-07-11,383,,,,,Pendente,
2026-07-11,384,,,,,Pendente,
2026-07-11,385,,,,,Pendente,
2026-07-11,386,,,,,Pendente,
2026-07-11,387,,,,,Pendente,
2026-07-11,388,,,,,Pendente,
2026-07-11,389,,,,,Pendente,
2026-07-11,390,,,,,Pendente,
2026-07-11,391,,,,,Pendente,
2026-07-11,392,,,,,Pendente,
2026-07-11,393,,,,,Pendente,
2026-07-11,394,,,,,Pendente,
2026-07-11,395,,,,,Pendente,
2026-07-11,396,,,,,Pendente,
2026-07-11,397,,,,,Pendente,
2026-07-11,398,,,,,Pendente,
2026-07-11,399,,,,,Pendente,
2026-07-11,400,,,,,Pendente,
2026-07-11,401,,,,,Pendente,
2026-07-11,402,,,,,Pendente,
2026-07-11,403,,,,,Pendente,
2026-07-11,404,,,,,Pendente,
2026-07-11,405,,,,,Pendente,
2026-07-11,406,,,,,Pendente,
2026-07-11,407,,,,,Pendente,
2026-07-11,408,,,,,Pendente,
2026-07-11,409,,,,,Pendente,
2026-07-11,410,,,,,Pendente,
2026-07-11,411,,,,,Pendente,
2026-07-11,412,,,,,Pendente,
2026-07-11,413,,,,,Pendente,
2026-07-11,414,,,,,Pendente,
2026-07-11,415,,,,,Pendente,
2026-07-11,416,,,,,Pendente,
2026-07-11,417,,,,,Pendente,
2026-07-11,418,,,,,Pendente,
2026-07-11,419,,,,,Pendente,
2026-07-11,420,,,,,Pendente,
2026-07-11,421,,,,,Pendente,
2026-07-11,422,,,,,Pendente,
2026-07-11,423,,,,,Pendente,
2026-07-11,424,,,,,Pendente,
2026-07-11,425,,,,,Pendente,
2026-07-13,1,302-039-402,C,BABV,2741,Pendente,
2026-07-13,2,302-039-402,C,BAMN,2740,Pendente,
2026-07-13,3,065-0065-01,T,BANT,2719,Pendente,
2026-07-13,4,NAS1739B4-6,C,BABE,2731,Desconsiderado,
2026-07-13,5,CR2248-4-4,C,BABE,2731,Desconsiderado,
2026-07-13,6,NAS1097AD6-5,C,BABE,2731,Desconsiderado,
2026-07-13,7,NAS1097AD6-4,C,BABE,2731,Desconsiderado,
2026-07-13,8,NAS1097AD5-4,C,BABE,2731,Desconsiderado,
2026-07-13,9,NAS1097AD5-7,C,BABE,2731,Desconsiderado,
2026-07-13,10,NAS1097AD4-3,C,BABE,2731,Desconsiderado,
2026-07-13,11,NAS1097AD3-7,C,BABE,2731,Desconsiderado,
2026-07-13,12,5934PAD-3,R,BABE,2739,Pendente,
2026-07-13,13,068-02800,C,BANT,2722,Pendente,
2026-07-13,14,RA068-02800,C,BANT,2722,Pendente,
2026-07-13,15,MS21442-121,C,BABR,2709,Pendente,
2026-07-13,16,523919,C,BABR,2709,Pendente,
2026-07-13,17,065-0042-03,R,BANT,2722,OK,
2026-07-13,18,AE3663163K0600,C,BANT,2728,Pendente,
2026-07-13,19,MS21044N9,C,BANT,2728 e 2719,Pendente,
2026-07-13,20,MS21044N9,C,BANT,2729,OK,
2026-07-13,21,C145-00-46,C,BABR,2709,OK,
2026-07-13,22,62800-001,T,BABR,2709,OK,
2026-07-13,23,065-0042-15,R,BASM,2708,Pendente,
2026-07-13,24,S3326-2,R,BAMN,*,Pendente,
2026-07-13,25,MS29513-338,C,BANT,2719,Pendente,
2026-07-13,26,030-18200,R,BAMN,2732,OK,
2026-07-13,27,9864054-7,C,BAMN,2740,Pendente,
2026-07-13,28,2606015-2,R,BABR,2720,Pendente,
2026-07-13,29,76-207-12,C,BAMN,2740,Pendente,
2026-07-13,30,MS20007-30,C,BABE,2733,OK,
2026-07-13,31,MS20007-16,C,BABE,2733,Pendente,
2026-07-13,32,B-5121,C,EEAR,2703,OK,
2026-07-13,33,C668050-1104,C,BABR,2709,Pendente,
2026-07-13,34,431-0101-01,C,BABR,2709,OK,
2026-07-13,35,2650026-3,C,BABR,2709,OK,
2026-07-13,36,S2300-12,C,BABR,2709,OK,
2026-07-13,37,S2357-1,C,BABR,2709,OK,
2026-07-13,38,2N6576,C,BABR,2709,OK,
2026-07-13,39,22827-3,C,BABR,2709,OK,
2026-07-13,40,068-02800,C,BABR,2709,Pendente,
2026-07-13,41,2N6576,C,BABR,2709,OK,
2026-07-13,42,060-0015-00,R,BABR,2709,Pendente,
2026-07-13,43,066-4010-10,R,BABR,2709,OK,
2026-07-13,44,011-01020-10,R,BAMN,2740,Pendente,
2026-07-13,45,CM2990-G1,C,BABR,2709,Pendente,
2026-07-13,46,C262023-0107,C,CLA,2723,OK,
2026-07-13,47,2126001-1,C,BAMN,2737,Pendente,
2026-07-13,48,2612035-1,C,BANT,2722,Pendente,
2026-07-13,49,2641012-15,R,BANT,2728,Pendente,
2026-07-13,50,DD2W,C,BACO,2743,Pendente,
2026-07-13,51,S3100-581,C,BAMN,2737,Pendente,
2026-07-13,52,GF5500-81,C,BAMN,2736,Pendente,
2026-07-13,53,088-01132-0002,C,BANT,2728,Pendente,
2026-07-13,54,2641012-14,R,BANT,2719,Pendente,
2026-07-13,55,2641012-9,R,BANT,2719,Pendente,
2026-07-13,56,52283,C,BANT,2719,Pendente,
2026-07-13,57,AE3663162E0120,C,BANT,2723,Pendente,
2026-07-13,58,EA-5175-52-CES,R,BANT,2728,OK,
2026-07-13,59,S3100-630,C,BAMN,2737,Pendente,
2026-07-13,60,2660001-107,C,BANT,2719,Pendente,
2026-07-13,61,2660057-1,C,BANT,2719,Pendente,
2026-07-13,62,2660057-1,C,BANT,2728,Pendente,
2026-07-13,63,A-A-55487-5,C,BANT,2719,Pendente,
2026-07-13,64,S2319-64,C,BACO,2743,Pendente,
2026-07-13,65,060-0017-00,R,BANT,2708,Pendente,
2026-07-13,66,MS3456W12S3S,C,BABR,2709,Pendente,
2026-07-13,67,2682001-1,T,BABE/BANT,2739,OK,
2026-07-13,68,MS3509-28,C,BACG,2727,Pendente,
2026-07-13,69,S2899L0.5,C,BACG,2727,Pendente,
2026-07-13,70,1U149-015-15,R,BACO,2743,Pendente,
2026-07-13,71,AN6289J5,C,BABR,2709,Pendente,
2026-07-13,72,MS17825-3,C,BANT,2728,Pendente,
2026-07-13,73,MS17826-3,C,BANT,2728,Pendente,
2026-07-13,74,200-1902-00,C,BAMN,2736,Pendente,
2026-07-13,75,161-12800,R,BANT,2722 / 2728,Pendente,
2026-07-13,76,162-11800,R,BANT,2722 / 2728,Pendente,
2026-07-13,77,161-11700,R,BANT,2722 / 2728,Pendente,
2026-07-13,78,162-10700,R,BANT,2722 / 2728,Pendente,
2026-07-13,79,CI105-9,C,BANT,2722 / 2728,Pendente,
2026-07-13,80,S2669-1,C,BAMN,2738,Pendente,
2026-07-13,81,MS24694-S54,C,DACTA II,2742,Pendente,
2026-07-13,82,NAS1741-06R8,C,BANT,2722,Pendente,
2026-07-13,83,MS24693-S48,C,BANT,2722,Pendente,
2026-07-13,84,071-1242-06,R,CLA,2723,Pendente,
2026-07-13,85,066-3046-01,R,CLA,2723,Pendente,
2026-07-13,86,C661064-0237,R,BABR,2709,Pendente,
2026-07-13,87,76-207-12,C,BABE,2733,Pendente,
2026-07-13,88,071-1242-06,R,BABR,2709,Pendente,
2026-07-13,89,065-0060-01,R,BANT,2722,Pendente,
2026-07-13,91,069-1025-25,R,BACG,2727,Pendente,
2026-07-13,92,066-3084-32,R,BABR,2709,OK,
2026-07-13,93,SD5H14S6667,R,DACTA II,2742,Pendente,
2026-07-13,94,AN4H3A,C,BACO,2743,Pendente,
2026-07-13,95,2615140-2,C,BACO,2743,Pendente,
2026-07-13,96,430-00032-10,C,BABR,2720,Pendente,
2026-07-13,97,MS24392-10,C,BAMN,2741,OK,
2026-07-13,98,9910586-4,R,BAMN,2740,Pendente,
2026-07-13,99,025323-150,R,BABR,2720,Pendente,
2026-07-13,100,011-00916-00,R,BABE,2739,Pendente,
2026-07-13,101,F222086,C,BABR,2720,Pendente,
2026-07-13,102,4626,C,BACG,2727.0,Pendente,
2026-07-13,103,2601040-3,C,BACG,2727.0,Pendente,
2026-07-13,104,345-6196-04,C,BABE,2733.0,Pendente,
2026-07-13,105,200-01902-0000,C,BAMN,2738,Pendente,
2026-07-13,106,9864054-7,C,BAMN,2738,Pendente,
2026-07-13,107,MS28773-05,C,BABR,2720,Pendente,
2026-07-13,108,MS28773-05,C,BABE,2733,Pendente,
2026-07-13,109,2606015-3,R,BABR,2720,Pendente,
2026-07-13,110,C662041-0102,R,BABR,2720,Pendente,
2026-07-13,111,069-01033-0101,R,BANT,2722,OK,
2026-07-13,112,51539-012N,R,BANT,2719.0,Pendente,
2026-07-13,113,2671000PB1,C,BACG,2727,Pendente,
2026-07-13,114,580-219-154,C,BACO,2743,Pendente,
2026-07-13,115,2650085-15,C,BACO,2743,Pendente,
2026-07-13,116,2652021-80,C,BACO,2743,Pendente,
2026-07-13,117,SL6015-5,C,BACO,2743,Pendente,
2026-07-13,118,MS25171-1S,C,BACO,2743,Pendente,
2026-07-13,119,C-145-450,C,BAMN,2732,Pendente,
2026-07-13,120,K00-00351-00,C,BAMN,2740,Pendente,
2026-07-13,121,9910085-2,R,BANT,2728,Pendente,
2026-07-13,122,D210507,R,BANT,2728,Pendente,
2026-07-13,123,RV05-268,C,BANT,2719,Pendente,
2026-07-13,124,RV05-268,C,BANT,2728,Pendente,
2026-07-13,125,5040033933,R,BABR,2709,Pendente,
2026-07-13,126,1U648-001,C,DACTA II,2742,Pendente,
2026-07-13,127,161-12800,R,BABR,2709,Pendente,
2026-07-13,128,162-11800,R,BABR,2709,Pendente,
2026-07-13,129,302-120-402,C,BABR,2709,Pendente,
2026-07-13,130,850C86-2,C,BABR,2709,Pendente,
2026-07-13,131,AN316-4R,C,BABR,2709,Pendente,
2026-07-13,132,C668540-0102,C,EPCAR,2702,Pendente,
2026-07-13,133,MS20392-1C11,C,BAMN,2730,Pendente,
2026-07-13,134,161-11700,R,DACTA II,2742,Pendente,
2026-07-13,135,162-10700,R,DACTA II,2742,Pendente,
2026-07-13,136,AE3663161E0113,C,DACTA II,2742,Pendente,
2026-07-13,137,ST2231-05,C,BANT,2719 / 2728,Pendente,
2026-07-13,138,NAS561P5-12,C,BANT,2719 / 2728,Pendente,
2026-07-13,139,MS20392-1C11,C,BAMN,2730,Pendente,
2026-07-13,140,2617024-6,C,BABE,2739,Pendente,
2026-07-13,141,P860037,C,BABE,2739,Pendente,
2026-07-13,142,S2655-1,C,BABE,2739,Pendente,
2026-07-13,143,2651022-20-1,R,BABE,2739,Pendente,
2026-07-13,144,AE3663163K0600,C,BABR,2709.0,Pendente,
2026-07-13,145,161-11700,R,BACO,2743,Pendente,
2026-07-13,146,162-10700,R,BACO,2743,Pendente,
2026-07-13,147,2641011-5,R,BACO,2743,Pendente,
2026-07-13,148,C662041-0102,R,BABR,2720,Pendente,
2026-07-13,149,069-01033-0101,R,BABR,2720,Pendente,
2026-07-13,150,S1587-7,C,BABE,2739,Pendente,
2026-07-13,151,161-11700,R,BANT,2719 / 2728,Pendente,
2026-07-13,152,162-10700,R,BANT,2719 / 2728,Pendente,
2026-07-13,153,C352TS,T,DACTA II,2742,OK,
2026-07-13,154,066-3046-07,R,CLA,2723,Pendente,
2026-07-13,155,066-1055-00,R,CLA,2723,Pendente,
2026-07-13,156,065-0041-00,R,CLA,2723,Pendente,
2026-07-13,157,200-01902-0000,C,BABE,2731,Pendente,
2026-07-13,158,AN315C4R,C,BANT,2719,Pendente,
2026-07-13,159,2651024-5,C,BANT,2719,Pendente,
2026-07-13,160,MS20392-2C29,C,BANT,2719,Pendente,
2026-07-13,161,071-1052-00,R,BANT,2728,Pendente,
2026-07-13,162,2651022-20-1,R,BABE,2733,Pendente,
2026-07-13,163,071-1242-06,R,BANT,2728,Pendente,
2026-07-13,164,C661065-0237,R,BANT,2719,Pendente,
2026-07-13,165,2618510-10,T,BANT,2728,Pendente,
2026-07-13,166,071-1242-06,R,BANT,2719,Pendente,
2026-07-13,167,C661030-0301,R,BANT,2719,Pendente,
2026-07-13,168,2651040-2,T,EPCAR,2702,Pendente,
2026-07-13,169,2651022-20-1,T,EPCAR,2702,Pendente,
2026-07-13,170,NAS147-43,C,EPCAR,2702,Pendente,
2026-07-13,171,MS21044N7,C,EPCAR,2702,Pendente,
2026-07-13,172,NAS1149F0732P,C,EPCAR,2702,Pendente,
2026-07-13,173,MS20002C7,C,EPCAR,2702,Pendente,
2026-07-13,174,AN5C12A,C,EPCAR,2702,Pendente,
2026-07-13,175,NAS1149C0563R,C,EPCAR,2702,Pendente,
2026-07-13,176,S1450-5H16-032,C,EPCAR,2702,Pendente,
2026-07-13,177,MS21042L5,C,EPCAR,2702,Pendente,
2026-07-13,178,MS20007-16,C,EPCAR,2702,Pendente,
2026-07-13,179,C352TS,T,BACO,2743,OK,
2026-07-13,180,060-0015-00,R,BANT,2721,Pendente,
2026-07-13,181,065-0030-00,R,BANT,2728,Pendente,
2026-07-13,182,066-3060-00,R,BANT,2708 / 2721,Pendente,
2026-07-13,183,C598505-0303,R,BANT,2728,Pendente,
2026-07-13,184,2606016-17,C,BABR,2720,Pendente,
2026-07-13,185,2606016-17,C,BABR,2720,Pendente,
2026-07-13,186,DCN4-5407,C,BABR,2720,Pendente,
2026-07-13,187,NAS147-97,C,EPCAR,2702,Pendente,
2026-07-13,188,NAS147-84,C,EPCAR,2702,Pendente,
2026-07-13,189,AN363-720,C,EPCAR,2702,Pendente,
2026-07-13,190,MS20007-68,C,EPCAR,2702,Pendente,
2026-07-13,191,9910333-1,C,EPCAR,2702,Pendente,
2026-07-13,192,S3461-64,C,EPCAR,2702,Pendente,
2026-07-13,193,AN310C8,C,EPCAR,2702,Pendente,
2026-07-13,194,AN310C8,C,EPCAR,2702,Pendente,
2026-07-13,195,S3465-2-0160,C,BAMN,2737,Pendente,
2026-07-13,196,069-1025-25,R,CLA,2723,Pendente,
2026-07-13,197,069-01033-0101,R,BABR,2720,Pendente,
2026-07-13,198,901207K1,C,BABE,2739,Pendente,
2026-07-13,199,3240572,C,BABE,2739,Pendente,
2026-07-13,200,AE3663162E0120,C,BANT,2703,Pendente,
2026-07-13,201,AN924-3D,C,BACG,2727,Pendente,
2026-07-13,202,MS28778-3,C,BACG,2727,Pendente,
2026-07-13,203,C661065-0237,R,BABR,2721,Pendente,
2026-07-13,204,9910338-4,R,BABR,2721,Pendente,
2026-07-13,205,2643100-206,R,BANT,2719,Pendente,
2026-07-13,206,2618510-10,T,BANT,2719,Pendente,
2026-07-13,207,066-3084-32,R,BANT,2719,Pendente,
2026-07-13,208,3014226,C,BANT,2719,Pendente,
2026-07-13,209,S1450-4S10-032,C,BANT,2719,Pendente,
2026-07-13,210,MS27975-2,C,BANT,2719,Pendente,
2026-07-13,211,S1021Z8-8,C,BANT,2719,Pendente,
2026-07-13,212,R581559,C,BANT,2719,Pendente,
2026-07-13,213,R581559,C,BANT,2719,Pendente,
2026-07-13,214,R581559,C,BANT,2719,Pendente,
2026-07-13,215,C145-00-46,C,BAMN,2732,Pendente,
2026-07-13,216,U554426,C,BABE,2739,Pendente,
2026-07-13,217,2653019-1,C,BABR,2721,Pendente,
2026-07-13,218,MS35426-27,C,BABR,2721,Pendente,
2026-07-13,219,S1741-1,C,BABR,2721,Pendente,
2026-07-13,220,A1633-72,C,BACO,2742,Pendente,
2026-07-13,221,A1639-32,C,BACO,2742,Pendente,
2026-07-13,222,AN363-720,C,BACO,2742,Pendente,
2026-07-13,223,AS3209-016,C,BACO,2742,Pendente,
2026-07-13,224,DCN4-3807,C,BACO,2742,Pendente,
2026-07-13,225,MS20002C7,C,BACO,2742,Pendente,
2026-07-13,226,MS20007-68,C,BACO,2742,Pendente,
2026-07-13,227,MS28773-05,C,BACO,2742,Pendente,
2026-07-13,228,MS28775-022,C,BACO,2742,Pendente,
2026-07-13,229,MS28778-4,C,BACO,2742,Pendente,
2026-07-13,230,MS29512-08,C,BACO,2742,Pendente,
2026-07-13,231,NAS1149C0763R,C,BACO,2742,Pendente,
2026-07-13,232,NAS147-84,C,BACO,2742,Pendente,
2026-07-13,233,NAS147-97,C,BACO,2742,Pendente,
2026-07-13,234,C598505-0304,C,BANT,FROTA,Pendente,
2026-07-13,235,C598505-0304,C,BANT,FROTA,Pendente,
2026-07-13,236,C598505-0303,C,BANT,FROTA,Pendente,
2026-07-13,237,C598505-0303,C,BANT,FROTA,Pendente,
2026-07-13,238,70-22-01,C,BANT,FROTA,Pendente,
2026-07-13,239,70-22-01,C,BANT,FROTA,Pendente,
2026-07-13,240,066-01141-5101,R,BANT,FROTA,Pendente,
2026-07-13,241,MS35206-247,C,BANT,FROTA,Pendente,
2026-07-13,242,065-0042-15,R,BANT,FROTA,Pendente,
2026-07-13,243,C662041-0102,R,BANT,FROTA,Pendente,
2026-07-13,244,011-00412-00,R,BANT,FROTA,Pendente,
2026-07-13,245,3014227,C,BANT,FROTA,Pendente,
2026-07-13,246,A1633-72,C,BANT,FROTA,Pendente,
2026-07-13,247,066-3084-32,R,BANT,FROTA,Pendente,
2026-07-13,248,AE3663724G0330,C,BANT,FROTA,Pendente,
2026-07-13,249,0541140-1,C,BACG,2727,Pendente,
2026-07-13,250,644-04303416,C,BANT,2719,Pendente,
2026-07-13,251,C668050-1108,C,BABR,2721,Pendente,
2026-07-13,252,2641012-14,T,BABE,2731,Pendente,
2026-07-13,253,S2495-12B0600,C,BACG,2727,Pendente,
2026-07-13,254,2641014-9,T,BABE,2731,Pendente,
2026-07-13,255,S1985-1,C,CLA,2723,Pendente,
2026-07-13,256,S1985-1,C,CLA,2723,Pendente,
2026-07-13,257,200SGL153Q,R,BACO,2743,OK,
2026-07-13,258,9910338-8RX,R,BABR,2721,Pendente,
2026-07-13,259,162-11800,R,BANT,2703,Pendente,
2026-07-13,260,200SGL119Q-2,R,BANT,2722,OK,
2026-07-13,261,2641011-5,T,BANT,2719,Pendente,
2026-07-13,262,452-0133,T,BANT,2728,Pendente,
2026-07-13,263,C352TS,R,BANT,2728,OK,
2026-07-13,264,S3326-2,R,BABE,2731,Pendente,
2026-07-13,265,S2502-3,C,BABE,2731,Pendente,
2026-07-13,266,P860037,C,BABE,2733,Pendente,
2026-07-13,267,AE3663231B0160,C,BAMN,2736 / 2738 / 2741,Pendente,
2026-07-13,268,8210-002-01,R,BABR,2721,Pendente,
2026-07-13,269,DCN4-3807,C,BABR,2721,Pendente,
2026-07-13,270,MS28773-05,C,BABR,2721,Pendente,
2026-07-13,271,1215073-28,C,BABR,2721,Pendente,
2026-07-13,272,9910573-21,C,BABR,2721,Pendente,
2026-07-13,273,3121248-03,R,BABR,2721,Pendente,
2026-07-13,274,5040033933,R,BABR,2709,Pendente,
2026-07-13,275,R581559,C,BABR,2709,Pendente,
2026-07-13,276,S3413-104,C,BABR,2709,Pendente,
2026-07-13,277,S3413-105,C,BABR,2709,Pendente,
2026-07-13,278,S3413-107,C,BABR,2709,Pendente,
2026-07-13,279,S3413-109,C,BABR,2709,Pendente,
2026-07-13,280,S3413-110,C,BABR,2709,Pendente,
2026-07-13,281,S2319-64,C,BABR,2709,Pendente,
2026-07-13,282,S2319-50,C,BABR,2709,Pendente,
2026-07-13,283,B4864,C,BABR,2709,Pendente,
2026-07-13,284,B4940-1,C,BABR,2709,Pendente,
2026-07-13,285,B4940-2,C,BABR,2709,Pendente,
2026-07-13,286,2654012-2,C,BABR,2709,Pendente,
2026-07-13,287,5111602-16,C,BABE,2731,Pendente,
2026-07-13,288,2641032-202,C,BAMN,2741,Pendente,
2026-07-13,289,850C86-2,C,BABR,2709,Pendente,
2026-07-13,290,302-120-402,C,BABR,2709,Pendente,
2026-07-13,291,MS28778-3,C,BAMN,2736,Pendente,
2026-07-13,292,AE3663161E0113,C,BAMN,2736,Pendente,
2026-07-13,293,1414116-7,C,BABE,2739,Pendente,
2026-07-13,294,S1985-1,C,BANT,2708,Pendente,
2026-07-13,295,2270030-12,C,BANT,2708,Pendente,
2026-07-13,296,066-4010-12,R,BANT,2708,Pendente,
2026-07-13,297,3034792,R,DACTA II,2742,Pendente,
2026-07-13,298,3024973,C,DACTA II,2742,Pendente,
2026-07-13,299,M83461/1-012,C,DACTA II,2742,Pendente,
2026-07-13,300,3039937,C,DACTA II,2742,Pendente,
2026-07-13,301,3014227,C,DACTA II,2742,Pendente,
2026-07-13,302,C668050-1108,C,BABE,2723,Pendente,
2026-07-13,303,2522275-1,C,BABE,2723,Pendente,
2026-07-13,304,S2870-1,C,BABE,2723,Pendente,
2026-07-13,305,NSL 1422 B2,C,BABE,2723,Pendente,
2026-07-13,306,AN320-3,C,BABR,2709,Pendente,
2026-07-13,307,2613419-1,C,BABR,2709,Pendente,
2026-07-13,308,AN565B428H4,C,BABR,2709,Pendente,
2026-07-13,309,2662007-4,C,BABR,2709,Pendente,
2026-07-13,310,2662022-1,C,BABR,2709,Pendente,
2026-07-13,311,AN315-3L,C,BABR,2709,Pendente,
2026-07-13,312,B145-78-7,C,BABR,2709,Pendente,
2026-07-13,313,AS5174D1210,C,BAMN,2732,Pendente,
2026-07-13,314,MS24392-10,C,BAMN,2732,Pendente,
2026-07-13,315,An4-17,C,BANT,2729,Pendente,
2026-07-13,316,S1450-6B12-032,C,BANT,2729,Pendente,
2026-07-13,317,065-0059-01,C,BANT,2722,Pendente,
2026-07-13,318,065-0059-01,C,BANT,2708,Pendente,
2026-07-13,319,050-1518-00,C,BANT,2719,Pendente,
2026-07-13,320,MS21025-24,C,BANT,2729,Pendente,
2026-07-13,321,S51-14,C,BANT,2703,Pendente,
2026-07-13,322,065-0042-03,C,BANT,2719,Pendente,
2026-07-13,323,A1639-32,C,CLA,2723,Pendente,
2026-07-13,324,B-5096,C,CLA,2723,Pendente,
2026-07-13,325,A1633-72,C,CLA,2723,Pendente,
2026-07-13,326,S3326-2RX,R,BACO,2743,Pendente,
2026-07-13,327,799-1,R,BACO,2743,Pendente,
2026-07-13,328,060-0017-00,R,BANT,2703,Pendente,
2026-07-13,329,060-0017-00,R,BANT,2708,Pendente,
2026-07-13,330,4002HS,C,BABR,2709,Pendente,
2026-07-13,331,83-0057,C,BACG,2727,Pendente,
2026-07-14,1,302-039-402,C,BABV,2741,Pendente,
2026-07-14,2,302-039-402,C,BAMN,2740,Pendente,
2026-07-14,3,065-0065-01,T,BANT,2719,Pendente,
2026-07-14,4,NAS1739B4-6,C,BABE,2731,Desconsiderado,
2026-07-14,5,CR2248-4-4,C,BABE,2731,Desconsiderado,
2026-07-14,6,NAS1097AD6-5,C,BABE,2731,Desconsiderado,
2026-07-14,7,NAS1097AD6-4,C,BABE,2731,Desconsiderado,
2026-07-14,8,NAS1097AD5-4,C,BABE,2731,Desconsiderado,
2026-07-14,9,NAS1097AD5-7,C,BABE,2731,Desconsiderado,
2026-07-14,10,NAS1097AD4-3,C,BABE,2731,Desconsiderado,
2026-07-14,11,NAS1097AD3-7,C,BABE,2731,Desconsiderado,
2026-07-14,12,5934PAD-3,R,BABE,2739,Pendente,
2026-07-14,13,068-02800,C,BANT,2722,Pendente,
2026-07-14,14,RA068-02800,C,BANT,2722,Pendente,
2026-07-14,15,MS21442-121,C,BABR,2709,Pendente,
2026-07-14,16,523919,C,BABR,2709,Pendente,
2026-07-14,17,065-0042-03,R,BANT,2722,OK,
2026-07-14,18,AE3663163K0600,C,BANT,2728,Pendente,
2026-07-14,19,MS21044N9,C,BANT,2728 e 2719,Pendente,
2026-07-14,20,MS21044N9,C,BANT,2729,OK,
2026-07-14,21,C145-00-46,C,BABR,2709,OK,
2026-07-14,22,62800-001,T,BABR,2709,OK,
2026-07-14,23,065-0042-15,R,BASM,2708,Pendente,
2026-07-14,24,S3326-2,R,BAMN,*,Pendente,
2026-07-14,25,MS29513-338,C,BANT,2719,Pendente,
2026-07-14,26,030-18200,R,BAMN,2732,OK,
2026-07-14,27,9864054-7,C,BAMN,2740,Pendente,
2026-07-14,28,2606015-2,R,BABR,2720,Pendente,
2026-07-14,29,76-207-12,C,BAMN,2740,Pendente,
2026-07-14,30,MS20007-30,C,BABE,2733,OK,
2026-07-14,31,MS20007-16,C,BABE,2733,Pendente,
2026-07-14,32,B-5121,C,EEAR,2703,OK,
2026-07-14,33,C668050-1104,C,BABR,2709,Pendente,
2026-07-14,34,431-0101-01,C,BABR,2709,OK,
2026-07-14,35,2650026-3,C,BABR,2709,OK,
2026-07-14,36,S2300-12,C,BABR,2709,OK,
2026-07-14,37,S2357-1,C,BABR,2709,OK,
2026-07-14,38,2N6576,C,BABR,2709,OK,
2026-07-14,39,22827-3,C,BABR,2709,OK,
2026-07-14,40,068-02800,C,BABR,2709,Pendente,
2026-07-14,41,2N6576,C,BABR,2709,OK,
2026-07-14,42,060-0015-00,R,BABR,2709,Pendente,
2026-07-14,43,066-4010-10,R,BABR,2709,OK,
2026-07-14,44,011-01020-10,R,BAMN,2740,Pendente,
2026-07-14,45,CM2990-G1,C,BABR,2709,Pendente,
2026-07-14,46,C262023-0107,C,CLA,2723,OK,
2026-07-14,47,2126001-1,C,BAMN,2737,Pendente,
2026-07-14,48,2612035-1,C,BANT,2722,Pendente,
2026-07-14,49,2641012-15,R,BANT,2728,Pendente,
2026-07-14,50,DD2W,C,BACO,2743,Pendente,
2026-07-14,51,S3100-581,C,BAMN,2737,Pendente,
2026-07-14,52,GF5500-81,C,BAMN,2736,Pendente,
2026-07-14,53,088-01132-0002,C,BANT,2728,Pendente,
2026-07-14,54,2641012-14,R,BANT,2719,Pendente,
2026-07-14,55,2641012-9,R,BANT,2719,Pendente,
2026-07-14,56,52283,C,BANT,2719,Pendente,
2026-07-14,57,AE3663162E0120,C,BANT,2723,Pendente,
2026-07-14,58,EA-5175-52-CES,R,BANT,2728,OK,
2026-07-14,59,S3100-630,C,BAMN,2737,Pendente,
2026-07-14,60,2660001-107,C,BANT,2719,Pendente,
2026-07-14,61,2660057-1,C,BANT,2719,Pendente,
2026-07-14,62,2660057-1,C,BANT,2728,Pendente,
2026-07-14,63,A-A-55487-5,C,BANT,2719,Pendente,
2026-07-14,64,S2319-64,C,BACO,2743,Pendente,
2026-07-14,65,060-0017-00,R,BANT,2708,Pendente,
2026-07-14,66,MS3456W12S3S,C,BABR,2709,Pendente,
2026-07-14,67,2682001-1,T,BABE/BANT,2739,OK,
2026-07-14,68,MS3509-28,C,BACG,2727,Pendente,
2026-07-14,69,S2899L0.5,C,BACG,2727,Pendente,
2026-07-14,70,1U149-015-15,R,BACO,2743,Pendente,
2026-07-14,71,AN6289J5,C,BABR,2709,Pendente,
2026-07-14,72,MS17825-3,C,BANT,2728,Pendente,
2026-07-14,73,MS17826-3,C,BANT,2728,Pendente,
2026-07-14,74,200-1902-00,C,BAMN,2736,Pendente,
2026-07-14,75,161-12800,R,BANT,2722 / 2728,Pendente,
2026-07-14,76,162-11800,R,BANT,2722 / 2728,Pendente,
2026-07-14,77,161-11700,R,BANT,2722 / 2728,Pendente,
2026-07-14,78,162-10700,R,BANT,2722 / 2728,Pendente,
2026-07-14,79,CI105-9,C,BANT,2722 / 2728,Pendente,
2026-07-14,80,S2669-1,C,BAMN,2738,Pendente,
2026-07-14,81,MS24694-S54,C,DACTA II,2742,Pendente,
2026-07-14,82,NAS1741-06R8,C,BANT,2722,Pendente,
2026-07-14,83,MS24693-S48,C,BANT,2722,Pendente,
2026-07-14,84,071-1242-06,R,CLA,2723,Pendente,
2026-07-14,85,066-3046-01,R,CLA,2723,Pendente,
2026-07-14,86,C661064-0237,R,BABR,2709,Pendente,
2026-07-14,87,76-207-12,C,BABE,2733,Pendente,
2026-07-14,88,071-1242-06,R,BABR,2709,Pendente,
2026-07-14,89,065-0060-01,R,BANT,2722,Pendente,
2026-07-14,91,069-1025-25,R,BACG,2727,Pendente,
2026-07-14,92,066-3084-32,R,BABR,2709,OK,
2026-07-14,93,SD5H14S6667,R,DACTA II,2742,Pendente,
2026-07-14,94,AN4H3A,C,BACO,2743,Pendente,
2026-07-14,95,2615140-2,C,BACO,2743,Pendente,
2026-07-14,96,430-00032-10,C,BABR,2720,Pendente,
2026-07-14,97,MS24392-10,C,BAMN,2741,OK,
2026-07-14,98,9910586-4,R,BAMN,2740,Pendente,
2026-07-14,99,025323-150,R,BABR,2720,Pendente,
2026-07-14,100,011-00916-00,R,BABE,2739,Pendente,
2026-07-14,101,F222086,C,BABR,2720,Pendente,
2026-07-14,102,4626,C,BACG,2727.0,Pendente,
2026-07-14,103,2601040-3,C,BACG,2727.0,Pendente,
2026-07-14,104,345-6196-04,C,BABE,2733.0,Pendente,
2026-07-14,105,200-01902-0000,C,BAMN,2738,Pendente,
2026-07-14,106,9864054-7,C,BAMN,2738,Pendente,
2026-07-14,107,MS28773-05,C,BABR,2720,Pendente,
2026-07-14,108,MS28773-05,C,BABE,2733,Pendente,
2026-07-14,109,2606015-3,R,BABR,2720,Pendente,
2026-07-14,110,C662041-0102,R,BABR,2720,Pendente,
2026-07-14,111,069-01033-0101,R,BANT,2722,OK,
2026-07-14,112,51539-012N,R,BANT,2719.0,Pendente,
2026-07-14,113,2671000PB1,C,BACG,2727,Pendente,
2026-07-14,114,580-219-154,C,BACO,2743,Pendente,
2026-07-14,115,2650085-15,C,BACO,2743,Pendente,
2026-07-14,116,2652021-80,C,BACO,2743,Pendente,
2026-07-14,117,SL6015-5,C,BACO,2743,Pendente,
2026-07-14,118,MS25171-1S,C,BACO,2743,Pendente,
2026-07-14,119,C-145-450,C,BAMN,2732,Pendente,
2026-07-14,120,K00-00351-00,C,BAMN,2740,Pendente,
2026-07-14,121,9910085-2,R,BANT,2728,Pendente,
2026-07-14,122,D210507,R,BANT,2728,Pendente,
2026-07-14,123,RV05-268,C,BANT,2719,Pendente,
2026-07-14,124,RV05-268,C,BANT,2728,Pendente,
2026-07-14,125,5040033933,R,BABR,2709,Pendente,
2026-07-14,126,1U648-001,C,DACTA II,2742,Pendente,
2026-07-14,127,161-12800,R,BABR,2709,Pendente,
2026-07-14,128,162-11800,R,BABR,2709,Pendente,
2026-07-14,129,302-120-402,C,BABR,2709,Pendente,
2026-07-14,130,850C86-2,C,BABR,2709,Pendente,
2026-07-14,131,AN316-4R,C,BABR,2709,Pendente,
2026-07-14,132,C668540-0102,C,EPCAR,2702,Pendente,
2026-07-14,133,MS20392-1C11,C,BAMN,2730,Pendente,
2026-07-14,134,161-11700,R,DACTA II,2742,Pendente,
2026-07-14,135,162-10700,R,DACTA II,2742,Pendente,
2026-07-14,136,AE3663161E0113,C,DACTA II,2742,Pendente,
2026-07-14,137,ST2231-05,C,BANT,2719 / 2728,Pendente,
2026-07-14,138,NAS561P5-12,C,BANT,2719 / 2728,Pendente,
2026-07-14,139,MS20392-1C11,C,BAMN,2730,Pendente,
2026-07-14,140,2617024-6,C,BABE,2739,Pendente,
2026-07-14,141,P860037,C,BABE,2739,Pendente,
2026-07-14,142,S2655-1,C,BABE,2739,Pendente,
2026-07-14,143,2651022-20-1,R,BABE,2739,Pendente,
2026-07-14,144,AE3663163K0600,C,BABR,2709.0,Pendente,
2026-07-14,145,161-11700,R,BACO,2743,Pendente,
2026-07-14,146,162-10700,R,BACO,2743,Pendente,
2026-07-14,147,2641011-5,R,BACO,2743,Pendente,
2026-07-14,148,C662041-0102,R,BABR,2720,Pendente,
2026-07-14,149,069-01033-0101,R,BABR,2720,Pendente,
2026-07-14,150,S1587-7,C,BABE,2739,Pendente,
2026-07-14,151,161-11700,R,BANT,2719 / 2728,Pendente,
2026-07-14,152,162-10700,R,BANT,2719 / 2728,Pendente,
2026-07-14,153,C352TS,T,DACTA II,2742,OK,
2026-07-14,154,066-3046-07,R,CLA,2723,Pendente,
2026-07-14,155,066-1055-00,R,CLA,2723,Pendente,
2026-07-14,156,065-0041-00,R,CLA,2723,Pendente,
2026-07-14,157,200-01902-0000,C,BABE,2731,Pendente,
2026-07-14,158,AN315C4R,C,BANT,2719,Pendente,
2026-07-14,159,2651024-5,C,BANT,2719,Pendente,
2026-07-14,160,MS20392-2C29,C,BANT,2719,Pendente,
2026-07-14,161,071-1052-00,R,BANT,2728,Pendente,
2026-07-14,162,2651022-20-1,R,BABE,2733,Pendente,
2026-07-14,163,071-1242-06,R,BANT,2728,Pendente,
2026-07-14,164,C661065-0237,R,BANT,2719,Pendente,
2026-07-14,165,2618510-10,T,BANT,2728,Pendente,
2026-07-14,166,071-1242-06,R,BANT,2719,Pendente,
2026-07-14,167,C661030-0301,R,BANT,2719,Pendente,
2026-07-14,168,2651040-2,T,EPCAR,2702,Pendente,
2026-07-14,169,2651022-20-1,T,EPCAR,2702,Pendente,
2026-07-14,170,NAS147-43,C,EPCAR,2702,Pendente,
2026-07-14,171,MS21044N7,C,EPCAR,2702,Pendente,
2026-07-14,172,NAS1149F0732P,C,EPCAR,2702,Pendente,
2026-07-14,173,MS20002C7,C,EPCAR,2702,Pendente,
2026-07-14,174,AN5C12A,C,EPCAR,2702,Pendente,
2026-07-14,175,NAS1149C0563R,C,EPCAR,2702,Pendente,
2026-07-14,176,S1450-5H16-032,C,EPCAR,2702,Pendente,
2026-07-14,177,MS21042L5,C,EPCAR,2702,Pendente,
2026-07-14,178,MS20007-16,C,EPCAR,2702,Pendente,
2026-07-14,179,C352TS,T,BACO,2743,OK,
2026-07-14,180,060-0015-00,R,BANT,2721,Pendente,
2026-07-14,181,065-0030-00,R,BANT,2728,Pendente,
2026-07-14,182,066-3060-00,R,BANT,2708 / 2721,Pendente,
2026-07-14,183,C598505-0303,R,BANT,2728,Pendente,
2026-07-14,184,2606016-17,C,BABR,2720,Pendente,
2026-07-14,185,2606016-17,C,BABR,2720,Pendente,
2026-07-14,186,DCN4-5407,C,BABR,2720,Pendente,
2026-07-14,187,NAS147-97,C,EPCAR,2702,Pendente,
2026-07-14,188,NAS147-84,C,EPCAR,2702,Pendente,
2026-07-14,189,AN363-720,C,EPCAR,2702,Pendente,
2026-07-14,190,MS20007-68,C,EPCAR,2702,Pendente,
2026-07-14,191,9910333-1,C,EPCAR,2702,Pendente,
2026-07-14,192,S3461-64,C,EPCAR,2702,Pendente,
2026-07-14,193,AN310C8,C,EPCAR,2702,Pendente,
2026-07-14,194,AN310C8,C,EPCAR,2702,Pendente,
2026-07-14,195,S3465-2-0160,C,BAMN,2737,Pendente,
2026-07-14,196,069-1025-25,R,CLA,2723,Pendente,
2026-07-14,197,069-01033-0101,R,BABR,2720,Pendente,
2026-07-14,198,901207K1,C,BABE,2739,Pendente,
2026-07-14,199,3240572,C,BABE,2739,Pendente,
2026-07-14,200,AE3663162E0120,C,BANT,2703,Pendente,
2026-07-14,201,AN924-3D,C,BACG,2727,Pendente,
2026-07-14,202,MS28778-3,C,BACG,2727,Pendente,
2026-07-14,203,C661065-0237,R,BABR,2721,Pendente,
2026-07-14,204,9910338-4,R,BABR,2721,Pendente,
2026-07-14,205,2643100-206,R,BANT,2719,Pendente,
2026-07-14,206,2618510-10,T,BANT,2719,Pendente,
2026-07-14,207,066-3084-32,R,BANT,2719,Pendente,
2026-07-14,208,3014226,C,BANT,2719,Pendente,
2026-07-14,209,S1450-4S10-032,C,BANT,2719,Pendente,
2026-07-14,210,MS27975-2,C,BANT,2719,Pendente,
2026-07-14,211,S1021Z8-8,C,BANT,2719,Pendente,
2026-07-14,212,R581559,C,BANT,2719,Pendente,
2026-07-14,213,R581559,C,BANT,2719,Pendente,
2026-07-14,214,R581559,C,BANT,2719,Pendente,
2026-07-14,215,C145-00-46,C,BAMN,2732,Pendente,
2026-07-14,216,U554426,C,BABE,2739,Pendente,
2026-07-14,217,2653019-1,C,BABR,2721,Pendente,
2026-07-14,218,MS35426-27,C,BABR,2721,Pendente,
2026-07-14,219,S1741-1,C,BABR,2721,Pendente,
2026-07-14,220,A1633-72,C,BACO,2742,Pendente,
2026-07-14,221,A1639-32,C,BACO,2742,Pendente,
2026-07-14,222,AN363-720,C,BACO,2742,Pendente,
2026-07-14,223,AS3209-016,C,BACO,2742,Pendente,
2026-07-14,224,DCN4-3807,C,BACO,2742,Pendente,
2026-07-14,225,MS20002C7,C,BACO,2742,Pendente,
2026-07-14,226,MS20007-68,C,BACO,2742,Pendente,
2026-07-14,227,MS28773-05,C,BACO,2742,Pendente,
2026-07-14,228,MS28775-022,C,BACO,2742,Pendente,
2026-07-14,229,MS28778-4,C,BACO,2742,Pendente,
2026-07-14,230,MS29512-08,C,BACO,2742,Pendente,
2026-07-14,231,NAS1149C0763R,C,BACO,2742,Pendente,
2026-07-14,232,NAS147-84,C,BACO,2742,Pendente,
2026-07-14,233,NAS147-97,C,BACO,2742,Pendente,
2026-07-14,234,C598505-0304,C,BANT,FROTA,Pendente,
2026-07-14,235,C598505-0304,C,BANT,FROTA,Pendente,
2026-07-14,236,C598505-0303,C,BANT,FROTA,Pendente,
2026-07-14,237,C598505-0303,C,BANT,FROTA,Pendente,
2026-07-14,238,70-22-01,C,BANT,FROTA,Pendente,
2026-07-14,239,70-22-01,C,BANT,FROTA,Pendente,
2026-07-14,240,066-01141-5101,R,BANT,FROTA,Pendente,
2026-07-14,241,MS35206-247,C,BANT,FROTA,Pendente,
2026-07-14,242,065-0042-15,R,BANT,FROTA,Pendente,
2026-07-14,243,C662041-0102,R,BANT,FROTA,Pendente,
2026-07-14,244,011-00412-00,R,BANT,FROTA,Pendente,
2026-07-14,245,3014227,C,BANT,FROTA,Pendente,
2026-07-14,246,A1633-72,C,BANT,FROTA,Pendente,
2026-07-14,247,066-3084-32,R,BANT,FROTA,Pendente,
2026-07-14,248,AE3663724G0330,C,BANT,FROTA,Pendente,
2026-07-14,249,0541140-1,C,BACG,2727,Pendente,
2026-07-14,250,644-04303416,C,BANT,2719,Pendente,
2026-07-14,251,C668050-1108,C,BABR,2721,Pendente,
2026-07-14,252,2641012-14,T,BABE,2731,Pendente,
2026-07-14,253,S2495-12B0600,C,BACG,2727,Pendente,
2026-07-14,254,2641014-9,T,BABE,2731,Pendente,
2026-07-14,255,S1985-1,C,CLA,2723,Pendente,
2026-07-14,256,S1985-1,C,CLA,2723,Pendente,
2026-07-14,257,200SGL153Q,R,BACO,2743,OK,
2026-07-14,258,9910338-8RX,R,BABR,2721,Pendente,
2026-07-14,259,162-11800,R,BANT,2703,Pendente,
2026-07-14,260,200SGL119Q-2,R,BANT,2722,OK,
2026-07-14,261,2641011-5,T,BANT,2719,Pendente,
2026-07-14,262,452-0133,T,BANT,2728,Pendente,
2026-07-14,263,C352TS,R,BANT,2728,OK,
2026-07-14,264,S3326-2,R,BABE,2731,Pendente,
2026-07-14,265,S2502-3,C,BABE,2731,Pendente,
2026-07-14,266,P860037,C,BABE,2733,Pendente,
2026-07-14,267,AE3663231B0160,C,BAMN,2736 / 2738 / 2741,Pendente,
2026-07-14,268,8210-002-01,R,BABR,2721,Pendente,
2026-07-14,269,DCN4-3807,C,BABR,2721,Pendente,
2026-07-14,270,MS28773-05,C,BABR,2721,Pendente,
2026-07-14,271,1215073-28,C,BABR,2721,Pendente,
2026-07-14,272,9910573-21,C,BABR,2721,Pendente,
2026-07-14,273,3121248-03,R,BABR,2721,Pendente,
2026-07-14,274,5040033933,R,BABR,2709,Pendente,
2026-07-14,275,R581559,C,BABR,2709,Pendente,
2026-07-14,276,S3413-104,C,BABR,2709,Pendente,
2026-07-14,277,S3413-105,C,BABR,2709,Pendente,
2026-07-14,278,S3413-107,C,BABR,2709,Pendente,
2026-07-14,279,S3413-109,C,BABR,2709,Pendente,
2026-07-14,280,S3413-110,C,BABR,2709,Pendente,
2026-07-14,281,S2319-64,C,BABR,2709,Pendente,
2026-07-14,282,S2319-50,C,BABR,2709,Pendente,
2026-07-14,283,B4864,C,BABR,2709,Pendente,
2026-07-14,284,B4940-1,C,BABR,2709,Pendente,
2026-07-14,285,B4940-2,C,BABR,2709,Pendente,
2026-07-14,286,2654012-2,C,BABR,2709,Pendente,
2026-07-14,287,5111602-16,C,BABE,2731,Pendente,
2026-07-14,288,2641032-202,C,BAMN,2741,Pendente,
2026-07-14,289,850C86-2,C,BABR,2709,Pendente,
2026-07-14,290,302-120-402,C,BABR,2709,Pendente,
2026-07-14,291,MS28778-3,C,BAMN,2736,Pendente,
2026-07-14,292,AE3663161E0113,C,BAMN,2736,Pendente,
2026-07-14,293,1414116-7,C,BABE,2739,Pendente,
2026-07-14,294,S1985-1,C,BANT,2708,Pendente,
2026-07-14,295,2270030-12,C,BANT,2708,Pendente,
2026-07-14,296,066-4010-12,R,BANT,2708,Pendente,
2026-07-14,297,3034792,R,DACTA II,2742,Pendente,
2026-07-14,298,3024973,C,DACTA II,2742,Pendente,
2026-07-14,299,M83461/1-012,C,DACTA II,2742,Pendente,
2026-07-14,300,3039937,C,DACTA II,2742,Pendente,
2026-07-14,301,3014227,C,DACTA II,2742,Pendente,
2026-07-14,302,C668050-1108,C,BABE,2723,Pendente,
2026-07-14,303,2522275-1,C,BABE,2723,Pendente,
2026-07-14,304,S2870-1,C,BABE,2723,Pendente,
2026-07-14,305,NSL 1422 B2,C,BABE,2723,Pendente,
2026-07-14,306,AN320-3,C,BABR,2709,Pendente,
2026-07-14,307,2613419-1,C,BABR,2709,Pendente,
2026-07-14,308,AN565B428H4,C,BABR,2709,Pendente,
2026-07-14,309,2662007-4,C,BABR,2709,Pendente,
2026-07-14,310,2662022-1,C,BABR,2709,Pendente,
2026-07-14,311,AN315-3L,C,BABR,2709,Pendente,
2026-07-14,312,B145-78-7,C,BABR,2709,Pendente,
2026-07-14,313,AS5174D1210,C,BAMN,2732,Pendente,
2026-07-14,314,MS24392-10,C,BAMN,2732,Pendente,
2026-07-14,315,An4-17,C,BANT,2729,Pendente,
2026-07-14,316,S1450-6B12-032,C,BANT,2729,Pendente,
2026-07-14,317,065-0059-01,C,BANT,2722,Pendente,
2026-07-14,318,065-0059-01,C,BANT,2708,Pendente,
2026-07-14,319,050-1518-00,C,BANT,2719,Pendente,
2026-07-14,320,MS21025-24,C,BANT,2729,Pendente,
2026-07-14,321,S51-14,C,BANT,2703,Pendente,
2026-07-14,322,065-0042-03,C,BANT,2719,Pendente,
2026-07-14,323,A1639-32,C,CLA,2723,Pendente,
2026-07-14,324,B-5096,C,CLA,2723,Pendente,
2026-07-14,325,A1633-72,C,CLA,2723,Pendente,
2026-07-14,326,S3326-2RX,R,BACO,2743,Pendente,
2026-07-14,327,799-1,R,BACO,2743,Pendente,
2026-07-14,328,060-0017-00,R,BANT,2703,Pendente,
2026-07-14,329,060-0017-00,R,BANT,2708,Pendente,
2026-07-14,330,4002HS,C,BABR,2709,Pendente,
2026-07-14,331,83-0057,C,BACG,2727,Pendente,
2026-07-15,1,302-039-402,C,BABV,2741,Pendente,
2026-07-15,2,302-039-402,C,BAMN,2740,Pendente,
2026-07-15,3,065-0065-01,T,BANT,2719,Pendente,
2026-07-15,4,NAS1739B4-6,C,BABE,2731,Desconsiderado,
2026-07-15,5,CR2248-4-4,C,BABE,2731,Desconsiderado,
2026-07-15,6,NAS1097AD6-5,C,BABE,2731,Desconsiderado,
2026-07-15,7,NAS1097AD6-4,C,BABE,2731,Desconsiderado,
2026-07-15,8,NAS1097AD5-4,C,BABE,2731,Desconsiderado,
2026-07-15,9,NAS1097AD5-7,C,BABE,2731,Desconsiderado,
2026-07-15,10,NAS1097AD4-3,C,BABE,2731,Desconsiderado,
2026-07-15,11,NAS1097AD3-7,C,BABE,2731,Desconsiderado,
2026-07-15,12,5934PAD-3,R,BABE,2739,Pendente,
2026-07-15,13,068-02800,C,BANT,2722,Pendente,
2026-07-15,14,RA068-02800,C,BANT,2722,Pendente,
2026-07-15,15,MS21442-121,C,BABR,2709,Pendente,
2026-07-15,16,523919,C,BABR,2709,Pendente,
2026-07-15,17,065-0042-03,R,BANT,2722,OK,
2026-07-15,18,AE3663163K0600,C,BANT,2728,Pendente,
2026-07-15,19,MS21044N9,C,BANT,2728 e 2719,Pendente,
2026-07-15,20,MS21044N9,C,BANT,2729,OK,
2026-07-15,21,C145-00-46,C,BABR,2709,OK,
2026-07-15,22,62800-001,T,BABR,2709,OK,
2026-07-15,23,065-0042-15,R,BASM,2708,Pendente,
2026-07-15,24,S3326-2,R,BAMN,*,Pendente,
2026-07-15,25,MS29513-338,C,BANT,2719,Pendente,
2026-07-15,26,030-18200,R,BAMN,2732,OK,
2026-07-15,27,9864054-7,C,BAMN,2740,Pendente,
2026-07-15,28,2606015-2,R,BABR,2720,Pendente,
2026-07-15,29,76-207-12,C,BAMN,2740,Pendente,
2026-07-15,30,MS20007-30,C,BABE,2733,OK,
2026-07-15,31,MS20007-16,C,BABE,2733,Pendente,
2026-07-15,32,B-5121,C,EEAR,2703,OK,
2026-07-15,33,C668050-1104,C,BABR,2709,Pendente,
2026-07-15,34,431-0101-01,C,BABR,2709,OK,
2026-07-15,35,2650026-3,C,BABR,2709,OK,
2026-07-15,36,S2300-12,C,BABR,2709,OK,
2026-07-15,37,S2357-1,C,BABR,2709,OK,
2026-07-15,38,2N6576,C,BABR,2709,OK,
2026-07-15,39,22827-3,C,BABR,2709,OK,
2026-07-15,40,068-02800,C,BABR,2709,Pendente,
2026-07-15,41,2N6576,C,BABR,2709,OK,
2026-07-15,42,060-0015-00,R,BABR,2709,Pendente,
2026-07-15,43,066-4010-10,R,BABR,2709,OK,
2026-07-15,44,011-01020-10,R,BAMN,2740,Pendente,
2026-07-15,45,CM2990-G1,C,BABR,2709,Pendente,
2026-07-15,46,C262023-0107,C,CLA,2723,OK,
2026-07-15,47,2126001-1,C,BAMN,2737,Pendente,
2026-07-15,48,2612035-1,C,BANT,2722,Pendente,
2026-07-15,49,2641012-15,R,BANT,2728,Pendente,
2026-07-15,50,DD2W,C,BACO,2743,Pendente,
2026-07-15,51,S3100-581,C,BAMN,2737,Pendente,
2026-07-15,52,GF5500-81,C,BAMN,2736,Pendente,
2026-07-15,53,088-01132-0002,C,BANT,2728,Pendente,
2026-07-15,54,2641012-14,R,BANT,2719,Pendente,
2026-07-15,55,2641012-9,R,BANT,2719,Pendente,
2026-07-15,56,52283,C,BANT,2719,Pendente,
2026-07-15,57,AE3663162E0120,C,BANT,2723,Pendente,
2026-07-15,58,EA-5175-52-CES,R,BANT,2728,OK,
2026-07-15,59,S3100-630,C,BAMN,2737,Pendente,
2026-07-15,60,2660001-107,C,BANT,2719,Pendente,
2026-07-15,61,2660057-1,C,BANT,2719,Pendente,
2026-07-15,62,2660057-1,C,BANT,2728,Pendente,
2026-07-15,63,A-A-55487-5,C,BANT,2719,Pendente,
2026-07-15,64,S2319-64,C,BACO,2743,Pendente,
2026-07-15,65,060-0017-00,R,BANT,2708,Pendente,
2026-07-15,66,MS3456W12S3S,C,BABR,2709,Pendente,
2026-07-15,67,2682001-1,T,BABE/BANT,2739,OK,
2026-07-15,68,MS3509-28,C,BACG,2727,Pendente,
2026-07-15,69,S2899L0.5,C,BACG,2727,Pendente,
2026-07-15,70,1U149-015-15,R,BACO,2743,Pendente,
2026-07-15,71,AN6289J5,C,BABR,2709,Pendente,
2026-07-15,72,MS17825-3,C,BANT,2728,Pendente,
2026-07-15,73,MS17826-3,C,BANT,2728,Pendente,
2026-07-15,74,200-1902-00,C,BAMN,2736,Pendente,
2026-07-15,75,161-12800,R,BANT,2722 / 2728,Pendente,
2026-07-15,76,162-11800,R,BANT,2722 / 2728,Pendente,
2026-07-15,77,161-11700,R,BANT,2722 / 2728,Pendente,
2026-07-15,78,162-10700,R,BANT,2722 / 2728,Pendente,
2026-07-15,79,CI105-9,C,BANT,2722 / 2728,Pendente,
2026-07-15,80,S2669-1,C,BAMN,2738,Pendente,
2026-07-15,81,MS24694-S54,C,DACTA II,2742,Pendente,
2026-07-15,82,NAS1741-06R8,C,BANT,2722,Pendente,
2026-07-15,83,MS24693-S48,C,BANT,2722,Pendente,
2026-07-15,84,071-1242-06,R,CLA,2723,Pendente,
2026-07-15,85,066-3046-01,R,CLA,2723,Pendente,
2026-07-15,86,C661064-0237,R,BABR,2709,Pendente,
2026-07-15,87,76-207-12,C,BABE,2733,Pendente,
2026-07-15,88,071-1242-06,R,BABR,2709,Pendente,
2026-07-15,89,065-0060-01,R,BANT,2722,Pendente,
2026-07-15,91,069-1025-25,R,BACG,2727,Pendente,
2026-07-15,92,066-3084-32,R,BABR,2709,OK,
2026-07-15,93,SD5H14S6667,R,DACTA II,2742,Pendente,
2026-07-15,94,AN4H3A,C,BACO,2743,Pendente,
2026-07-15,95,2615140-2,C,BACO,2743,Pendente,
2026-07-15,96,430-00032-10,C,BABR,2720,Pendente,
2026-07-15,97,MS24392-10,C,BAMN,2741,OK,
2026-07-15,98,9910586-4,R,BAMN,2740,Pendente,
2026-07-15,99,025323-150,R,BABR,2720,Pendente,
2026-07-15,100,011-00916-00,R,BABE,2739,Pendente,
2026-07-15,101,F222086,C,BABR,2720,Pendente,
2026-07-15,102,4626,C,BACG,2727.0,Pendente,
2026-07-15,103,2601040-3,C,BACG,2727.0,Pendente,
2026-07-15,104,345-6196-04,C,BABE,2733.0,Pendente,
2026-07-15,105,200-01902-0000,C,BAMN,2738,Pendente,
2026-07-15,106,9864054-7,C,BAMN,2738,Pendente,
2026-07-15,107,MS28773-05,C,BABR,2720,Pendente,
2026-07-15,108,MS28773-05,C,BABE,2733,Pendente,
2026-07-15,109,2606015-3,R,BABR,2720,Pendente,
2026-07-15,110,C662041-0102,R,BABR,2720,Pendente,
2026-07-15,111,069-01033-0101,R,BANT,2722,OK,
2026-07-15,112,51539-012N,R,BANT,2719.0,Pendente,
2026-07-15,113,2671000PB1,C,BACG,2727,Pendente,
2026-07-15,114,580-219-154,C,BACO,2743,Pendente,
2026-07-15,115,2650085-15,C,BACO,2743,Pendente,
2026-07-15,116,2652021-80,C,BACO,2743,Pendente,
2026-07-15,117,SL6015-5,C,BACO,2743,Pendente,
2026-07-15,118,MS25171-1S,C,BACO,2743,Pendente,
2026-07-15,119,C-145-450,C,BAMN,2732,Pendente,
2026-07-15,120,K00-00351-00,C,BAMN,2740,Pendente,
2026-07-15,121,9910085-2,R,BANT,2728,Pendente,
2026-07-15,122,D210507,R,BANT,2728,Pendente,
2026-07-15,123,RV05-268,C,BANT,2719,Pendente,
2026-07-15,124,RV05-268,C,BANT,2728,Pendente,
2026-07-15,125,5040033933,R,BABR,2709,Pendente,
2026-07-15,126,1U648-001,C,DACTA II,2742,Pendente,
2026-07-15,127,161-12800,R,BABR,2709,Pendente,
2026-07-15,128,162-11800,R,BABR,2709,Pendente,
2026-07-15,129,302-120-402,C,BABR,2709,Pendente,
2026-07-15,130,850C86-2,C,BABR,2709,Pendente,
2026-07-15,131,AN316-4R,C,BABR,2709,Pendente,
2026-07-15,132,C668540-0102,C,EPCAR,2702,Pendente,
2026-07-15,133,MS20392-1C11,C,BAMN,2730,Pendente,
2026-07-15,134,161-11700,R,DACTA II,2742,Pendente,
2026-07-15,135,162-10700,R,DACTA II,2742,Pendente,
2026-07-15,136,AE3663161E0113,C,DACTA II,2742,Pendente,
2026-07-15,137,ST2231-05,C,BANT,2719 / 2728,Pendente,
2026-07-15,138,NAS561P5-12,C,BANT,2719 / 2728,Pendente,
2026-07-15,139,MS20392-1C11,C,BAMN,2730,Pendente,
2026-07-15,140,2617024-6,C,BABE,2739,Pendente,
2026-07-15,141,P860037,C,BABE,2739,Pendente,
2026-07-15,142,S2655-1,C,BABE,2739,Pendente,
2026-07-15,143,2651022-20-1,R,BABE,2739,Pendente,
2026-07-15,144,AE3663163K0600,C,BABR,2709.0,Pendente,
2026-07-15,145,161-11700,R,BACO,2743,Pendente,
2026-07-15,146,162-10700,R,BACO,2743,Pendente,
2026-07-15,147,2641011-5,R,BACO,2743,Pendente,
2026-07-15,148,C662041-0102,R,BABR,2720,Pendente,
2026-07-15,149,069-01033-0101,R,BABR,2720,Pendente,
2026-07-15,150,S1587-7,C,BABE,2739,Pendente,
2026-07-15,151,161-11700,R,BANT,2719 / 2728,Pendente,
2026-07-15,152,162-10700,R,BANT,2719 / 2728,Pendente,
2026-07-15,153,C352TS,T,DACTA II,2742,OK,
2026-07-15,154,066-3046-07,R,CLA,2723,Pendente,
2026-07-15,155,066-1055-00,R,CLA,2723,Pendente,
2026-07-15,156,065-0041-00,R,CLA,2723,Pendente,
2026-07-15,157,200-01902-0000,C,BABE,2731,Pendente,
2026-07-15,158,AN315C4R,C,BANT,2719,Pendente,
2026-07-15,159,2651024-5,C,BANT,2719,Pendente,
2026-07-15,160,MS20392-2C29,C,BANT,2719,Pendente,
2026-07-15,161,071-1052-00,R,BANT,2728,Pendente,
2026-07-15,162,2651022-20-1,R,BABE,2733,Pendente,
2026-07-15,163,071-1242-06,R,BANT,2728,Pendente,
2026-07-15,164,C661065-0237,R,BANT,2719,Pendente,
2026-07-15,165,2618510-10,T,BANT,2728,Pendente,
2026-07-15,166,071-1242-06,R,BANT,2719,Pendente,
2026-07-15,167,C661030-0301,R,BANT,2719,Pendente,
2026-07-15,168,2651040-2,T,EPCAR,2702,Pendente,
2026-07-15,169,2651022-20-1,T,EPCAR,2702,Pendente,
2026-07-15,170,NAS147-43,C,EPCAR,2702,Pendente,
2026-07-15,171,MS21044N7,C,EPCAR,2702,Pendente,
2026-07-15,172,NAS1149F0732P,C,EPCAR,2702,Pendente,
2026-07-15,173,MS20002C7,C,EPCAR,2702,Pendente,
2026-07-15,174,AN5C12A,C,EPCAR,2702,Pendente,
2026-07-15,175,NAS1149C0563R,C,EPCAR,2702,Pendente,
2026-07-15,176,S1450-5H16-032,C,EPCAR,2702,Pendente,
2026-07-15,177,MS21042L5,C,EPCAR,2702,Pendente,
2026-07-15,178,MS20007-16,C,EPCAR,2702,Pendente,
2026-07-15,179,C352TS,T,BACO,2743,OK,
2026-07-15,180,060-0015-00,R,BANT,2721,Pendente,
2026-07-15,181,065-0030-00,R,BANT,2728,Pendente,
2026-07-15,182,066-3060-00,R,BANT,2708 / 2721,Pendente,
2026-07-15,183,C598505-0303,R,BANT,2728,Pendente,
2026-07-15,184,2606016-17,C,BABR,2720,Pendente,
2026-07-15,185,2606016-17,C,BABR,2720,Pendente,
2026-07-15,186,DCN4-5407,C,BABR,2720,Pendente,
2026-07-15,187,NAS147-97,C,EPCAR,2702,Pendente,
2026-07-15,188,NAS147-84,C,EPCAR,2702,Pendente,
2026-07-15,189,AN363-720,C,EPCAR,2702,Pendente,
2026-07-15,190,MS20007-68,C,EPCAR,2702,Pendente,
2026-07-15,191,9910333-1,C,EPCAR,2702,Pendente,
2026-07-15,192,S3461-64,C,EPCAR,2702,Pendente,
2026-07-15,193,AN310C8,C,EPCAR,2702,Pendente,
2026-07-15,194,AN310C8,C,EPCAR,2702,Pendente,
2026-07-15,195,S3465-2-0160,C,BAMN,2737,Pendente,
2026-07-15,196,069-1025-25,R,CLA,2723,Pendente,
2026-07-15,197,069-01033-0101,R,BABR,2720,Pendente,
2026-07-15,198,901207K1,C,BABE,2739,Pendente,
2026-07-15,199,3240572,C,BABE,2739,Pendente,
2026-07-15,200,AE3663162E0120,C,BANT,2703,Pendente,
2026-07-15,201,AN924-3D,C,BACG,2727,Pendente,
2026-07-15,202,MS28778-3,C,BACG,2727,Pendente,
2026-07-15,203,C661065-0237,R,BABR,2721,Pendente,
2026-07-15,204,9910338-4,R,BABR,2721,Pendente,
2026-07-15,205,2643100-206,R,BANT,2719,Pendente,
2026-07-15,206,2618510-10,T,BANT,2719,Pendente,
2026-07-15,207,066-3084-32,R,BANT,2719,Pendente,
2026-07-15,208,3014226,C,BANT,2719,Pendente,
2026-07-15,209,S1450-4S10-032,C,BANT,2719,Pendente,
2026-07-15,210,MS27975-2,C,BANT,2719,Pendente,
2026-07-15,211,S1021Z8-8,C,BANT,2719,Pendente,
2026-07-15,212,R581559,C,BANT,2719,Pendente,
2026-07-15,213,R581559,C,BANT,2719,Pendente,
2026-07-15,214,R581559,C,BANT,2719,Pendente,
2026-07-15,215,C145-00-46,C,BAMN,2732,Pendente,
2026-07-15,216,U554426,C,BABE,2739,Pendente,
2026-07-15,217,2653019-1,C,BABR,2721,Pendente,
2026-07-15,218,MS35426-27,C,BABR,2721,Pendente,
2026-07-15,219,S1741-1,C,BABR,2721,Pendente,
2026-07-15,220,A1633-72,C,BACO,2742,Pendente,
2026-07-15,221,A1639-32,C,BACO,2742,Pendente,
2026-07-15,222,AN363-720,C,BACO,2742,Pendente,
2026-07-15,223,AS3209-016,C,BACO,2742,Pendente,
2026-07-15,224,DCN4-3807,C,BACO,2742,Pendente,
2026-07-15,225,MS20002C7,C,BACO,2742,Pendente,
2026-07-15,226,MS20007-68,C,BACO,2742,Pendente,
2026-07-15,227,MS28773-05,C,BACO,2742,Pendente,
2026-07-15,228,MS28775-022,C,BACO,2742,Pendente,
2026-07-15,229,MS28778-4,C,BACO,2742,Pendente,
2026-07-15,230,MS29512-08,C,BACO,2742,Pendente,
2026-07-15,231,NAS1149C0763R,C,BACO,2742,Pendente,
2026-07-15,232,NAS147-84,C,BACO,2742,Pendente,
2026-07-15,233,NAS147-97,C,BACO,2742,Pendente,
2026-07-15,234,C598505-0304,C,BANT,FROTA,Pendente,
2026-07-15,235,C598505-0304,C,BANT,FROTA,Pendente,
2026-07-15,236,C598505-0303,C,BANT,FROTA,Pendente,
2026-07-15,237,C598505-0303,C,BANT,FROTA,Pendente,
2026-07-15,238,70-22-01,C,BANT,FROTA,Pendente,
2026-07-15,239,70-22-01,C,BANT,FROTA,Pendente,
2026-07-15,240,066-01141-5101,R,BANT,FROTA,Pendente,
2026-07-15,241,MS35206-247,C,BANT,FROTA,Pendente,
2026-07-15,242,065-0042-15,R,BANT,FROTA,Pendente,
2026-07-15,243,C662041-0102,R,BANT,FROTA,Pendente,
2026-07-15,244,011-00412-00,R,BANT,FROTA,Pendente,
2026-07-15,245,3014227,C,BANT,FROTA,Pendente,
2026-07-15,246,A1633-72,C,BANT,FROTA,Pendente,
2026-07-15,247,066-3084-32,R,BANT,FROTA,Pendente,
2026-07-15,248,AE3663724G0330,C,BANT,FROTA,Pendente,
2026-07-15,249,0541140-1,C,BACG,2727,Pendente,
2026-07-15,250,644-04303416,C,BANT,2719,Pendente,
2026-07-15,251,C668050-1108,C,BABR,2721,Pendente,
2026-07-15,252,2641012-14,T,BABE,2731,Pendente,
2026-07-15,253,S2495-12B0600,C,BACG,2727,Pendente,
2026-07-15,254,2641014-9,T,BABE,2731,Pendente,
2026-07-15,255,S1985-1,C,CLA,2723,Pendente,
2026-07-15,256,S1985-1,C,CLA,2723,Pendente,
2026-07-15,257,200SGL153Q,R,BACO,2743,OK,
2026-07-15,258,9910338-8RX,R,BABR,2721,Pendente,
2026-07-15,259,162-11800,R,BANT,2703,Pendente,
2026-07-15,260,200SGL119Q-2,R,BANT,2722,OK,
2026-07-15,261,2641011-5,T,BANT,2719,Pendente,
2026-07-15,262,452-0133,T,BANT,2728,Pendente,
2026-07-15,263,C352TS,R,BANT,2728,OK,
2026-07-15,264,S3326-2,R,BABE,2731,Pendente,
2026-07-15,265,S2502-3,C,BABE,2731,Pendente,
2026-07-15,266,P860037,C,BABE,2733,Pendente,
2026-07-15,267,AE3663231B0160,C,BAMN,2736 / 2738 / 2741,Pendente,
2026-07-15,268,8210-002-01,R,BABR,2721,Pendente,
2026-07-15,269,DCN4-3807,C,BABR,2721,Pendente,
2026-07-15,270,MS28773-05,C,BABR,2721,Pendente,
2026-07-15,271,1215073-28,C,BABR,2721,Pendente,
2026-07-15,272,9910573-21,C,BABR,2721,Pendente,
2026-07-15,273,3121248-03,R,BABR,2721,Pendente,
2026-07-15,274,5040033933,R,BABR,2709,Pendente,
2026-07-15,275,R581559,C,BABR,2709,Pendente,
2026-07-15,276,S3413-104,C,BABR,2709,Pendente,
2026-07-15,277,S3413-105,C,BABR,2709,Pendente,
2026-07-15,278,S3413-107,C,BABR,2709,Pendente,
2026-07-15,279,S3413-109,C,BABR,2709,Pendente,
2026-07-15,280,S3413-110,C,BABR,2709,Pendente,
2026-07-15,281,S2319-64,C,BABR,2709,Pendente,
2026-07-15,282,S2319-50,C,BABR,2709,Pendente,
2026-07-15,283,B4864,C,BABR,2709,Pendente,
2026-07-15,284,B4940-1,C,BABR,2709,Pendente,
2026-07-15,285,B4940-2,C,BABR,2709,Pendente,
2026-07-15,286,2654012-2,C,BABR,2709,Pendente,
2026-07-15,287,5111602-16,C,BABE,2731,Pendente,
2026-07-15,288,2641032-202,C,BAMN,2741,Pendente,
2026-07-15,289,850C86-2,C,BABR,2709,Pendente,
2026-07-15,290,302-120-402,C,BABR,2709,Pendente,
2026-07-15,291,MS28778-3,C,BAMN,2736,Pendente,
2026-07-15,292,AE3663161E0113,C,BAMN,2736,Pendente,
2026-07-15,293,1414116-7,C,BABE,2739,Pendente,
2026-07-15,294,S1985-1,C,BANT,2708,Pendente,
2026-07-15,295,2270030-12,C,BANT,2708,Pendente,
2026-07-15,296,066-4010-12,R,BANT,2708,Pendente,
2026-07-15,297,3034792,R,DACTA II,2742,Pendente,
2026-07-15,298,3024973,C,DACTA II,2742,Pendente,
2026-07-15,299,M83461/1-012,C,DACTA II,2742,Pendente,
2026-07-15,300,3039937,C,DACTA II,2742,Pendente,
2026-07-15,301,3014227,C,DACTA II,2742,Pendente,
2026-07-15,302,C668050-1108,C,BABE,2723,Pendente,
2026-07-15,303,2522275-1,C,BABE,2723,Pendente,
2026-07-15,304,S2870-1,C,BABE,2723,Pendente,
2026-07-15,305,NSL 1422 B2,C,BABE,2723,Pendente,
2026-07-15,306,AN320-3,C,BABR,2709,Pendente,
2026-07-15,307,2613419-1,C,BABR,2709,Pendente,
2026-07-15,308,AN565B428H4,C,BABR,2709,Pendente,
2026-07-15,309,2662007-4,C,BABR,2709,Pendente,
2026-07-15,310,2662022-1,C,BABR,2709,Pendente,
2026-07-15,311,AN315-3L,C,BABR,2709,Pendente,
2026-07-15,312,B145-78-7,C,BABR,2709,Pendente,
2026-07-15,313,AS5174D1210,C,BAMN,2732,Pendente,
2026-07-15,314,MS24392-10,C,BAMN,2732,Pendente,
2026-07-15,315,An4-17,C,BANT,2729,Pendente,
2026-07-15,316,S1450-6B12-032,C,BANT,2729,Pendente,
2026-07-15,317,065-0059-01,C,BANT,2722,Pendente,
2026-07-15,318,065-0059-01,C,BANT,2708,Pendente,
2026-07-15,319,050-1518-00,C,BANT,2719,Pendente,
2026-07-15,320,MS21025-24,C,BANT,2729,Pendente,
2026-07-15,321,S51-14,C,BANT,2703,Pendente,
2026-07-15,322,065-0042-03,C,BANT,2719,Pendente,
2026-07-15,323,A1639-32,C,CLA,2723,Pendente,
2026-07-15,324,B-5096,C,CLA,2723,Pendente,
2026-07-15,325,A1633-72,C,CLA,2723,Pendente,
2026-07-15,326,S3326-2RX,R,BACO,2743,Pendente,
2026-07-15,327,799-1,R,BACO,2743,Pendente,
2026-07-15,328,060-0017-00,R,BANT,2703,Pendente,
2026-07-15,329,060-0017-00,R,BANT,2708,Pendente,
2026-07-15,330,4002HS,C,BABR,2709,Pendente,
2026-07-15,331,83-0057,C,BACG,2727,Pendente,
2026-07-15,332,060-0015-00,C,BANT,2729,Pendente,
2026-07-15,333,065-0042-15,C,BANT,2702,Pendente,
2026-07-15,334,99-223-6B23284,C,BANT,2702,Pendente,
2026-07-15,335,065-0042-15,C,BANT,2703,Pendente,
2026-07-15,336,2610014-1,C,BANT,2719,Pendente,
2026-07-15,337,NAS464P4A10,C,BANT,2719,Pendente,
2026-07-15,338,A4513-1,C,BANT,2729,Pendente,
2026-07-15,339,S1104-3,C,BANT,2719,Pendente,
2026-07-16,1,302-039-402,C,BABV,2741,Pendente,
2026-07-16,2,302-039-402,C,BAMN,2740,Pendente,
2026-07-16,3,065-0065-01,T,BANT,2719,Pendente,
2026-07-16,4,NAS1739B4-6,C,BABE,2731,Desconsiderado,
2026-07-16,5,CR2248-4-4,C,BABE,2731,Desconsiderado,
2026-07-16,6,NAS1097AD6-5,C,BABE,2731,Desconsiderado,
2026-07-16,7,NAS1097AD6-4,C,BABE,2731,Desconsiderado,
2026-07-16,8,NAS1097AD5-4,C,BABE,2731,Desconsiderado,
2026-07-16,9,NAS1097AD5-7,C,BABE,2731,Desconsiderado,
2026-07-16,10,NAS1097AD4-3,C,BABE,2731,Desconsiderado,
2026-07-16,11,NAS1097AD3-7,C,BABE,2731,Desconsiderado,
2026-07-16,12,5934PAD-3,R,BABE,2739,Pendente,
2026-07-16,13,068-02800,C,BANT,2722,Pendente,
2026-07-16,14,RA068-02800,C,BANT,2722,Pendente,
2026-07-16,15,MS21442-121,C,BABR,2709,Pendente,
2026-07-16,16,523919,C,BABR,2709,Pendente,
2026-07-16,17,065-0042-03,R,BANT,2722,OK,
2026-07-16,18,AE3663163K0600,C,BANT,2728,Pendente,
2026-07-16,19,MS21044N9,C,BANT,2728 e 2719,Pendente,
2026-07-16,20,MS21044N9,C,BANT,2729,OK,
2026-07-16,21,C145-00-46,C,BABR,2709,OK,
2026-07-16,22,62800-001,T,BABR,2709,OK,
2026-07-16,23,065-0042-15,R,BASM,2708,Pendente,
2026-07-16,24,S3326-2,R,BAMN,*,Pendente,
2026-07-16,25,MS29513-338,C,BANT,2719,Pendente,
2026-07-16,26,030-18200,R,BAMN,2732,OK,
2026-07-16,27,9864054-7,C,BAMN,2740,Pendente,
2026-07-16,28,2606015-2,R,BABR,2720,Pendente,
2026-07-16,29,76-207-12,C,BAMN,2740,Pendente,
2026-07-16,30,MS20007-30,C,BABE,2733,OK,
2026-07-16,31,MS20007-16,C,BABE,2733,Pendente,
2026-07-16,32,B-5121,C,EEAR,2703,OK,
2026-07-16,33,C668050-1104,C,BABR,2709,Pendente,
2026-07-16,34,431-0101-01,C,BABR,2709,OK,
2026-07-16,35,2650026-3,C,BABR,2709,OK,
2026-07-16,36,S2300-12,C,BABR,2709,OK,
2026-07-16,37,S2357-1,C,BABR,2709,OK,
2026-07-16,38,2N6576,C,BABR,2709,OK,
2026-07-16,39,22827-3,C,BABR,2709,OK,
2026-07-16,40,068-02800,C,BABR,2709,Pendente,
2026-07-16,41,2N6576,C,BABR,2709,OK,
2026-07-16,42,060-0015-00,R,BABR,2709,Pendente,
2026-07-16,43,066-4010-10,R,BABR,2709,OK,
2026-07-16,44,011-01020-10,R,BAMN,2740,Pendente,
2026-07-16,45,CM2990-G1,C,BABR,2709,Pendente,
2026-07-16,46,C262023-0107,C,CLA,2723,OK,
2026-07-16,47,2126001-1,C,BAMN,2737,Pendente,
2026-07-16,48,2612035-1,C,BANT,2722,Pendente,
2026-07-16,49,2641012-15,R,BANT,2728,Pendente,
2026-07-16,50,DD2W,C,BACO,2743,Pendente,
2026-07-16,51,S3100-581,C,BAMN,2737,Pendente,
2026-07-16,52,GF5500-81,C,BAMN,2736,Pendente,
2026-07-16,53,088-01132-0002,C,BANT,2728,Pendente,
2026-07-16,54,2641012-14,R,BANT,2719,Pendente,
2026-07-16,55,2641012-9,R,BANT,2719,Pendente,
2026-07-16,56,52283,C,BANT,2719,Pendente,
2026-07-16,57,AE3663162E0120,C,BANT,2723,Pendente,
2026-07-16,58,EA-5175-52-CES,R,BANT,2728,OK,
2026-07-16,59,S3100-630,C,BAMN,2737,Pendente,
2026-07-16,60,2660001-107,C,BANT,2719,Pendente,
2026-07-16,61,2660057-1,C,BANT,2719,Pendente,
2026-07-16,62,2660057-1,C,BANT,2728,Pendente,
2026-07-16,63,A-A-55487-5,C,BANT,2719,Pendente,
2026-07-16,64,S2319-64,C,BACO,2743,Pendente,
2026-07-16,65,060-0017-00,R,BANT,2708,Pendente,
2026-07-16,66,MS3456W12S3S,C,BABR,2709,Pendente,
2026-07-16,67,2682001-1,T,BABE/BANT,2739,OK,
2026-07-16,68,MS3509-28,C,BACG,2727,Pendente,
2026-07-16,69,S2899L0.5,C,BACG,2727,Pendente,
2026-07-16,70,1U149-015-15,R,BACO,2743,Pendente,
2026-07-16,71,AN6289J5,C,BABR,2709,Pendente,
2026-07-16,72,MS17825-3,C,BANT,2728,Pendente,
2026-07-16,73,MS17826-3,C,BANT,2728,Pendente,
2026-07-16,74,200-1902-00,C,BAMN,2736,Pendente,
2026-07-16,75,161-12800,R,BANT,2722 / 2728,Pendente,
2026-07-16,76,162-11800,R,BANT,2722 / 2728,Pendente,
2026-07-16,77,161-11700,R,BANT,2722 / 2728,Pendente,
2026-07-16,78,162-10700,R,BANT,2722 / 2728,Pendente,
2026-07-16,79,CI105-9,C,BANT,2722 / 2728,Pendente,
2026-07-16,80,S2669-1,C,BAMN,2738,Pendente,
2026-07-16,81,MS24694-S54,C,DACTA II,2742,Pendente,
2026-07-16,82,NAS1741-06R8,C,BANT,2722,Pendente,
2026-07-16,83,MS24693-S48,C,BANT,2722,Pendente,
2026-07-16,84,071-1242-06,R,CLA,2723,Pendente,
2026-07-16,85,066-3046-01,R,CLA,2723,Pendente,
2026-07-16,86,C661064-0237,R,BABR,2709,Pendente,
2026-07-16,87,76-207-12,C,BABE,2733,Pendente,
2026-07-16,88,071-1242-06,R,BABR,2709,Pendente,
2026-07-16,89,065-0060-01,R,BANT,2722,Pendente,
2026-07-16,91,069-1025-25,R,BACG,2727,Pendente,
2026-07-16,92,066-3084-32,R,BABR,2709,OK,
2026-07-16,93,SD5H14S6667,R,DACTA II,2742,Pendente,
2026-07-16,94,AN4H3A,C,BACO,2743,Pendente,
2026-07-16,95,2615140-2,C,BACO,2743,Pendente,
2026-07-16,96,430-00032-10,C,BABR,2720,Pendente,
2026-07-16,97,MS24392-10,C,BAMN,2741,OK,
2026-07-16,98,9910586-4,R,BAMN,2740,Pendente,
2026-07-16,99,025323-150,R,BABR,2720,Pendente,
2026-07-16,100,011-00916-00,R,BABE,2739,Pendente,
2026-07-16,101,F222086,C,BABR,2720,Pendente,
2026-07-16,102,4626,C,BACG,2727.0,Pendente,
2026-07-16,103,2601040-3,C,BACG,2727.0,Pendente,
2026-07-16,104,345-6196-04,C,BABE,2733.0,Pendente,
2026-07-16,105,200-01902-0000,C,BAMN,2738,Pendente,
2026-07-16,106,9864054-7,C,BAMN,2738,Pendente,
2026-07-16,107,MS28773-05,C,BABR,2720,Pendente,
2026-07-16,108,MS28773-05,C,BABE,2733,Pendente,
2026-07-16,109,2606015-3,R,BABR,2720,Pendente,
2026-07-16,110,C662041-0102,R,BABR,2720,Pendente,
2026-07-16,111,069-01033-0101,R,BANT,2722,OK,
2026-07-16,112,51539-012N,R,BANT,2719.0,Pendente,
2026-07-16,113,2671000PB1,C,BACG,2727,Pendente,
2026-07-16,114,580-219-154,C,BACO,2743,Pendente,
2026-07-16,115,2650085-15,C,BACO,2743,Pendente,
2026-07-16,116,2652021-80,C,BACO,2743,Pendente,
2026-07-16,117,SL6015-5,C,BACO,2743,Pendente,
2026-07-16,118,MS25171-1S,C,BACO,2743,Pendente,
2026-07-16,119,C-145-450,C,BAMN,2732,Pendente,
2026-07-16,120,K00-00351-00,C,BAMN,2740,Pendente,
2026-07-16,121,9910085-2,R,BANT,2728,Pendente,
2026-07-16,122,D210507,R,BANT,2728,Pendente,
2026-07-16,123,RV05-268,C,BANT,2719,Pendente,
2026-07-16,124,RV05-268,C,BANT,2728,Pendente,
2026-07-16,125,5040033933,R,BABR,2709,Pendente,
2026-07-16,126,1U648-001,C,DACTA II,2742,Pendente,
2026-07-16,127,161-12800,R,BABR,2709,Pendente,
2026-07-16,128,162-11800,R,BABR,2709,Pendente,
2026-07-16,129,302-120-402,C,BABR,2709,Pendente,
2026-07-16,130,850C86-2,C,BABR,2709,Pendente,
2026-07-16,131,AN316-4R,C,BABR,2709,Pendente,
2026-07-16,132,C668540-0102,C,EPCAR,2702,Pendente,
2026-07-16,133,MS20392-1C11,C,BAMN,2730,Pendente,
2026-07-16,134,161-11700,R,DACTA II,2742,Pendente,
2026-07-16,135,162-10700,R,DACTA II,2742,Pendente,
2026-07-16,136,AE3663161E0113,C,DACTA II,2742,Pendente,
2026-07-16,137,ST2231-05,C,BANT,2719 / 2728,Pendente,
2026-07-16,138,NAS561P5-12,C,BANT,2719 / 2728,Pendente,
2026-07-16,139,MS20392-1C11,C,BAMN,2730,Pendente,
2026-07-16,140,2617024-6,C,BABE,2739,Pendente,
2026-07-16,141,P860037,C,BABE,2739,Pendente,
2026-07-16,142,S2655-1,C,BABE,2739,Pendente,
2026-07-16,143,2651022-20-1,R,BABE,2739,Pendente,
2026-07-16,144,AE3663163K0600,C,BABR,2709.0,Pendente,
2026-07-16,145,161-11700,R,BACO,2743,Pendente,
2026-07-16,146,162-10700,R,BACO,2743,Pendente,
2026-07-16,147,2641011-5,R,BACO,2743,Pendente,
2026-07-16,148,C662041-0102,R,BABR,2720,Pendente,
2026-07-16,149,069-01033-0101,R,BABR,2720,Pendente,
2026-07-16,150,S1587-7,C,BABE,2739,Pendente,
2026-07-16,151,161-11700,R,BANT,2719 / 2728,Pendente,
2026-07-16,152,162-10700,R,BANT,2719 / 2728,Pendente,
2026-07-16,153,C352TS,T,DACTA II,2742,OK,
2026-07-16,154,066-3046-07,R,CLA,2723,Pendente,
2026-07-16,155,066-1055-00,R,CLA,2723,Pendente,
2026-07-16,156,065-0041-00,R,CLA,2723,Pendente,
2026-07-16,157,200-01902-0000,C,BABE,2731,Pendente,
2026-07-16,158,AN315C4R,C,BANT,2719,Pendente,
2026-07-16,159,2651024-5,C,BANT,2719,Pendente,
2026-07-16,160,MS20392-2C29,C,BANT,2719,Pendente,
2026-07-16,161,071-1052-00,R,BANT,2728,Pendente,
2026-07-16,162,2651022-20-1,R,BABE,2733,Pendente,
2026-07-16,163,071-1242-06,R,BANT,2728,Pendente,
2026-07-16,164,C661065-0237,R,BANT,2719,Pendente,
2026-07-16,165,2618510-10,T,BANT,2728,Pendente,
2026-07-16,166,071-1242-06,R,BANT,2719,Pendente,
2026-07-16,167,C661030-0301,R,BANT,2719,Pendente,
2026-07-16,168,2651040-2,T,EPCAR,2702,Pendente,
2026-07-16,169,2651022-20-1,T,EPCAR,2702,Pendente,
2026-07-16,170,NAS147-43,C,EPCAR,2702,Pendente,
2026-07-16,171,MS21044N7,C,EPCAR,2702,Pendente,
2026-07-16,172,NAS1149F0732P,C,EPCAR,2702,Pendente,
2026-07-16,173,MS20002C7,C,EPCAR,2702,Pendente,
2026-07-16,174,AN5C12A,C,EPCAR,2702,Pendente,
2026-07-16,175,NAS1149C0563R,C,EPCAR,2702,Pendente,
2026-07-16,176,S1450-5H16-032,C,EPCAR,2702,Pendente,
2026-07-16,177,MS21042L5,C,EPCAR,2702,Pendente,
2026-07-16,178,MS20007-16,C,EPCAR,2702,Pendente,
2026-07-16,179,C352TS,T,BACO,2743,OK,
2026-07-16,180,060-0015-00,R,BANT,2721,Pendente,
2026-07-16,181,065-0030-00,R,BANT,2728,Pendente,
2026-07-16,182,066-3060-00,R,BANT,2708 / 2721,Pendente,
2026-07-16,183,C598505-0303,R,BANT,2728,Pendente,
2026-07-16,184,2606016-17,C,BABR,2720,Pendente,
2026-07-16,185,2606016-17,C,BABR,2720,Pendente,
2026-07-16,186,DCN4-5407,C,BABR,2720,Pendente,
2026-07-16,187,NAS147-97,C,EPCAR,2702,Pendente,
2026-07-16,188,NAS147-84,C,EPCAR,2702,Pendente,
2026-07-16,189,AN363-720,C,EPCAR,2702,Pendente,
2026-07-16,190,MS20007-68,C,EPCAR,2702,Pendente,
2026-07-16,191,9910333-1,C,EPCAR,2702,Pendente,
2026-07-16,192,S3461-64,C,EPCAR,2702,Pendente,
2026-07-16,193,AN310C8,C,EPCAR,2702,Pendente,
2026-07-16,194,AN310C8,C,EPCAR,2702,Pendente,
2026-07-16,195,S3465-2-0160,C,BAMN,2737,Pendente,
2026-07-16,196,069-1025-25,R,CLA,2723,Pendente,
2026-07-16,197,069-01033-0101,R,BABR,2720,Pendente,
2026-07-16,198,901207K1,C,BABE,2739,Pendente,
2026-07-16,199,3240572,C,BABE,2739,Pendente,
2026-07-16,200,AE3663162E0120,C,BANT,2703,Pendente,
2026-07-16,201,AN924-3D,C,BACG,2727,Pendente,
2026-07-16,202,MS28778-3,C,BACG,2727,Pendente,
2026-07-16,203,C661065-0237,R,BABR,2721,Pendente,
2026-07-16,204,9910338-4,R,BABR,2721,Pendente,
2026-07-16,205,2643100-206,R,BANT,2719,Pendente,
2026-07-16,206,2618510-10,T,BANT,2719,Pendente,
2026-07-16,207,066-3084-32,R,BANT,2719,Pendente,
2026-07-16,208,3014226,C,BANT,2719,Pendente,
2026-07-16,209,S1450-4S10-032,C,BANT,2719,Pendente,
2026-07-16,210,MS27975-2,C,BANT,2719,Pendente,
2026-07-16,211,S1021Z8-8,C,BANT,2719,Pendente,
2026-07-16,212,R581559,C,BANT,2719,Pendente,
2026-07-16,213,R581559,C,BANT,2719,Pendente,
2026-07-16,214,R581559,C,BANT,2719,Pendente,
2026-07-16,215,C145-00-46,C,BAMN,2732,Pendente,
2026-07-16,216,U554426,C,BABE,2739,Pendente,
2026-07-16,217,2653019-1,C,BABR,2721,Pendente,
2026-07-16,218,MS35426-27,C,BABR,2721,Pendente,
2026-07-16,219,S1741-1,C,BABR,2721,Pendente,
2026-07-16,220,A1633-72,C,BACO,2742,Pendente,
2026-07-16,221,A1639-32,C,BACO,2742,Pendente,
2026-07-16,222,AN363-720,C,BACO,2742,Pendente,
2026-07-16,223,AS3209-016,C,BACO,2742,Pendente,
2026-07-16,224,DCN4-3807,C,BACO,2742,Pendente,
2026-07-16,225,MS20002C7,C,BACO,2742,Pendente,
2026-07-16,226,MS20007-68,C,BACO,2742,Pendente,
2026-07-16,227,MS28773-05,C,BACO,2742,Pendente,
2026-07-16,228,MS28775-022,C,BACO,2742,Pendente,
2026-07-16,229,MS28778-4,C,BACO,2742,Pendente,
2026-07-16,230,MS29512-08,C,BACO,2742,Pendente,
2026-07-16,231,NAS1149C0763R,C,BACO,2742,Pendente,
2026-07-16,232,NAS147-84,C,BACO,2742,Pendente,
2026-07-16,233,NAS147-97,C,BACO,2742,Pendente,
2026-07-16,234,C598505-0304,C,BANT,FROTA,Pendente,
2026-07-16,235,C598505-0304,C,BANT,FROTA,Pendente,
2026-07-16,236,C598505-0303,C,BANT,FROTA,Pendente,
2026-07-16,237,C598505-0303,C,BANT,FROTA,Pendente,
2026-07-16,238,70-22-01,C,BANT,FROTA,Pendente,
2026-07-16,239,70-22-01,C,BANT,FROTA,Pendente,
2026-07-16,240,066-01141-5101,R,BANT,FROTA,Pendente,
2026-07-16,241,MS35206-247,C,BANT,FROTA,Pendente,
2026-07-16,242,065-0042-15,R,BANT,FROTA,Pendente,
2026-07-16,243,C662041-0102,R,BANT,FROTA,Pendente,
2026-07-16,244,011-00412-00,R,BANT,FROTA,Pendente,
2026-07-16,245,3014227,C,BANT,FROTA,Pendente,
2026-07-16,246,A1633-72,C,BANT,FROTA,Pendente,
2026-07-16,247,066-3084-32,R,BANT,FROTA,Pendente,
2026-07-16,248,AE3663724G0330,C,BANT,FROTA,Pendente,
2026-07-16,249,0541140-1,C,BACG,2727,Pendente,
2026-07-16,250,644-04303416,C,BANT,2719,Pendente,
2026-07-16,251,C668050-1108,C,BABR,2721,Pendente,
2026-07-16,252,2641012-14,T,BABE,2731,Pendente,
2026-07-16,253,S2495-12B0600,C,BACG,2727,Pendente,
2026-07-16,254,2641014-9,T,BABE,2731,Pendente,
2026-07-16,255,S1985-1,C,CLA,2723,Pendente,
2026-07-16,256,S1985-1,C,CLA,2723,Pendente,
2026-07-16,257,200SGL153Q,R,BACO,2743,OK,
2026-07-16,258,9910338-8RX,R,BABR,2721,Pendente,
2026-07-16,259,162-11800,R,BANT,2703,Pendente,
2026-07-16,260,200SGL119Q-2,R,BANT,2722,OK,
2026-07-16,261,2641011-5,T,BANT,2719,Pendente,
2026-07-16,262,452-0133,T,BANT,2728,Pendente,
2026-07-16,263,C352TS,R,BANT,2728,OK,
2026-07-16,264,S3326-2,R,BABE,2731,Pendente,
2026-07-16,265,S2502-3,C,BABE,2731,Pendente,
2026-07-16,266,P860037,C,BABE,2733,Pendente,
2026-07-16,267,AE3663231B0160,C,BAMN,2736 / 2738 / 2741,Pendente,
2026-07-16,268,8210-002-01,R,BABR,2721,Pendente,
2026-07-16,269,DCN4-3807,C,BABR,2721,Pendente,
2026-07-16,270,MS28773-05,C,BABR,2721,Pendente,
2026-07-16,271,1215073-28,C,BABR,2721,Pendente,
2026-07-16,272,9910573-21,C,BABR,2721,Pendente,
2026-07-16,273,3121248-03,R,BABR,2721,Pendente,
2026-07-16,274,5040033933,R,BABR,2709,Pendente,
2026-07-16,275,R581559,C,BABR,2709,Pendente,
2026-07-16,276,S3413-104,C,BABR,2709,Pendente,
2026-07-16,277,S3413-105,C,BABR,2709,Pendente,
2026-07-16,278,S3413-107,C,BABR,2709,Pendente,
2026-07-16,279,S3413-109,C,BABR,2709,Pendente,
2026-07-16,280,S3413-110,C,BABR,2709,Pendente,
2026-07-16,281,S2319-64,C,BABR,2709,Pendente,
2026-07-16,282,S2319-50,C,BABR,2709,Pendente,
2026-07-16,283,B4864,C,BABR,2709,Pendente,
2026-07-16,284,B4940-1,C,BABR,2709,Pendente,
2026-07-16,285,B4940-2,C,BABR,2709,Pendente,
2026-07-16,286,2654012-2,C,BABR,2709,Pendente,
2026-07-16,287,5111602-16,C,BABE,2731,Pendente,
2026-07-16,288,2641032-202,C,BAMN,2741,Pendente,
2026-07-16,289,850C86-2,C,BABR,2709,Pendente,
2026-07-16,290,302-120-402,C,BABR,2709,Pendente,
2026-07-16,291,MS28778-3,C,BAMN,2736,Pendente,
2026-07-16,292,AE3663161E0113,C,BAMN,2736,Pendente,
2026-07-16,293,1414116-7,C,BABE,2739,Pendente,
2026-07-16,294,S1985-1,C,BANT,2708,Pendente,
2026-07-16,295,2270030-12,C,BANT,2708,Pendente,
2026-07-16,296,066-4010-12,R,BANT,2708,Pendente,
2026-07-16,297,3034792,R,DACTA II,2742,Pendente,
2026-07-16,298,3024973,C,DACTA II,2742,Pendente,
2026-07-16,299,M83461/1-012,C,DACTA II,2742,Pendente,
2026-07-16,300,3039937,C,DACTA II,2742,Pendente,
2026-07-16,301,3014227,C,DACTA II,2742,Pendente,
2026-07-16,302,C668050-1108,C,BABE,2723,Pendente,
2026-07-16,303,2522275-1,C,BABE,2723,Pendente,
2026-07-16,304,S2870-1,C,BABE,2723,Pendente,
2026-07-16,305,NSL 1422 B2,C,BABE,2723,Pendente,
2026-07-16,306,AN320-3,C,BABR,2709,Pendente,
2026-07-16,307,2613419-1,C,BABR,2709,Pendente,
2026-07-16,308,AN565B428H4,C,BABR,2709,Pendente,
2026-07-16,309,2662007-4,C,BABR,2709,Pendente,
2026-07-16,310,2662022-1,C,BABR,2709,Pendente,
2026-07-16,311,AN315-3L,C,BABR,2709,Pendente,
2026-07-16,312,B145-78-7,C,BABR,2709,Pendente,
2026-07-16,313,AS5174D1210,C,BAMN,2732,Pendente,
2026-07-16,314,MS24392-10,C,BAMN,2732,Pendente,
2026-07-16,315,An4-17,C,BANT,2729,Pendente,
2026-07-16,316,S1450-6B12-032,C,BANT,2729,Pendente,
2026-07-16,317,065-0059-01,C,BANT,2722,Pendente,
2026-07-16,318,065-0059-01,C,BANT,2708,Pendente,
2026-07-16,319,050-1518-00,C,BANT,2719,Pendente,
2026-07-16,320,MS21025-24,C,BANT,2729,Pendente,
2026-07-16,321,S51-14,C,BANT,2703,Pendente,
2026-07-16,322,065-0042-03,C,BANT,2719,Pendente,
2026-07-16,323,A1639-32,C,CLA,2723,Pendente,
2026-07-16,324,B-5096,C,CLA,2723,Pendente,
2026-07-16,325,A1633-72,C,CLA,2723,Pendente,
2026-07-16,326,S3326-2RX,R,BACO,2743,Pendente,
2026-07-16,327,799-1,R,BACO,2743,Pendente,
2026-07-16,328,060-0017-00,R,BANT,2703,Pendente,
2026-07-16,329,060-0017-00,R,BANT,2708,Pendente,
2026-07-16,330,4002HS,C,BABR,2709,Pendente,
2026-07-16,331,83-0057,C,BACG,2727,Pendente,
2026-07-16,332,060-0015-00,C,BANT,2729,Pendente,
2026-07-16,333,065-0042-15,C,BANT,2702,Pendente,
2026-07-16,334,99-223-6B23284,C,BANT,2702,Pendente,
2026-07-16,335,065-0042-15,C,BANT,2703,Pendente,
2026-07-16,336,2610014-1,C,BANT,2719,Pendente,
2026-07-16,337,NAS464P4A10,C,BANT,2719,Pendente,
2026-07-16,338,A4513-1,C,BANT,2729,Pendente,
2026-07-16,339,S1104-3,C,BANT,2719,Pendente,
2026-07-17,1,302-039-402,C,BABV,2741,Pendente,
2026-07-17,2,302-039-402,C,BAMN,2740,Pendente,
2026-07-17,3,065-0065-01,T,BANT,2719,Pendente,
2026-07-17,4,NAS1739B4-6,C,BABE,2731,Desconsiderado,
2026-07-17,5,CR2248-4-4,C,BABE,2731,Desconsiderado,
2026-07-17,6,NAS1097AD6-5,C,BABE,2731,Desconsiderado,
2026-07-17,7,NAS1097AD6-4,C,BABE,2731,Desconsiderado,
2026-07-17,8,NAS1097AD5-4,C,BABE,2731,Desconsiderado,
2026-07-17,9,NAS1097AD5-7,C,BABE,2731,Desconsiderado,
2026-07-17,10,NAS1097AD4-3,C,BABE,2731,Desconsiderado,
2026-07-17,11,NAS1097AD3-7,C,BABE,2731,Desconsiderado,
2026-07-17,12,5934PAD-3,R,BABE,2739,Pendente,
2026-07-17,13,068-02800,C,BANT,2722,Pendente,
2026-07-17,14,RA068-02800,C,BANT,2722,Pendente,
2026-07-17,15,MS21442-121,C,BABR,2709,Pendente,
2026-07-17,16,523919,C,BABR,2709,Pendente,
2026-07-17,17,065-0042-03,R,BANT,2722,OK,
2026-07-17,18,AE3663163K0600,C,BANT,2728,Pendente,
2026-07-17,19,MS21044N9,C,BANT,2728 e 2719,Pendente,
2026-07-17,20,MS21044N9,C,BANT,2729,OK,
2026-07-17,21,C145-00-46,C,BABR,2709,OK,
2026-07-17,22,62800-001,T,BABR,2709,OK,
2026-07-17,23,065-0042-15,R,BASM,2708,Pendente,
2026-07-17,24,S3326-2,R,BAMN,*,Pendente,
2026-07-17,25,MS29513-338,C,BANT,2719,Pendente,
2026-07-17,26,030-18200,R,BAMN,2732,OK,
2026-07-17,27,9864054-7,C,BAMN,2740,Pendente,
2026-07-17,28,2606015-2,R,BABR,2720,Pendente,
2026-07-17,29,76-207-12,C,BAMN,2740,Pendente,
2026-07-17,30,MS20007-30,C,BABE,2733,OK,
2026-07-17,31,MS20007-16,C,BABE,2733,Pendente,
2026-07-17,32,B-5121,C,EEAR,2703,OK,
2026-07-17,33,C668050-1104,C,BABR,2709,Pendente,
2026-07-17,34,431-0101-01,C,BABR,2709,OK,
2026-07-17,35,2650026-3,C,BABR,2709,OK,
2026-07-17,36,S2300-12,C,BABR,2709,OK,
2026-07-17,37,S2357-1,C,BABR,2709,OK,
2026-07-17,38,2N6576,C,BABR,2709,OK,
2026-07-17,39,22827-3,C,BABR,2709,OK,
2026-07-17,40,068-02800,C,BABR,2709,Pendente,
2026-07-17,41,2N6576,C,BABR,2709,OK,
2026-07-17,42,060-0015-00,R,BABR,2709,Pendente,
2026-07-17,43,066-4010-10,R,BABR,2709,OK,
2026-07-17,44,011-01020-10,R,BAMN,2740,Pendente,
2026-07-17,45,CM2990-G1,C,BABR,2709,Pendente,
2026-07-17,46,C262023-0107,C,CLA,2723,OK,
2026-07-17,47,2126001-1,C,BAMN,2737,Pendente,
2026-07-17,48,2612035-1,C,BANT,2722,Pendente,
2026-07-17,49,2641012-15,R,BANT,2728,Pendente,
2026-07-17,50,DD2W,C,BACO,2743,Pendente,
2026-07-17,51,S3100-581,C,BAMN,2737,Pendente,
2026-07-17,52,GF5500-81,C,BAMN,2736,Pendente,
2026-07-17,53,088-01132-0002,C,BANT,2728,Pendente,
2026-07-17,54,2641012-14,R,BANT,2719,Pendente,
2026-07-17,55,2641012-9,R,BANT,2719,Pendente,
2026-07-17,56,52283,C,BANT,2719,Pendente,
2026-07-17,57,AE3663162E0120,C,BANT,2723,Pendente,
2026-07-17,58,EA-5175-52-CES,R,BANT,2728,OK,
2026-07-17,59,S3100-630,C,BAMN,2737,Pendente,
2026-07-17,60,2660001-107,C,BANT,2719,Pendente,
2026-07-17,61,2660057-1,C,BANT,2719,Pendente,
2026-07-17,62,2660057-1,C,BANT,2728,Pendente,
2026-07-17,63,A-A-55487-5,C,BANT,2719,Pendente,
2026-07-17,64,S2319-64,C,BACO,2743,Pendente,
2026-07-17,65,060-0017-00,R,BANT,2708,Pendente,
2026-07-17,66,MS3456W12S3S,C,BABR,2709,Pendente,
2026-07-17,67,2682001-1,T,BABE/BANT,2739,OK,
2026-07-17,68,MS3509-28,C,BACG,2727,Pendente,
2026-07-17,69,S2899L0.5,C,BACG,2727,Pendente,
2026-07-17,70,1U149-015-15,R,BACO,2743,Pendente,
2026-07-17,71,AN6289J5,C,BABR,2709,Pendente,
2026-07-17,72,MS17825-3,C,BANT,2728,Pendente,
2026-07-17,73,MS17826-3,C,BANT,2728,Pendente,
2026-07-17,74,200-1902-00,C,BAMN,2736,Pendente,
2026-07-17,75,161-12800,R,BANT,2722 / 2728,Pendente,
2026-07-17,76,162-11800,R,BANT,2722 / 2728,Pendente,
2026-07-17,77,161-11700,R,BANT,2722 / 2728,Pendente,
2026-07-17,78,162-10700,R,BANT,2722 / 2728,Pendente,
2026-07-17,79,CI105-9,C,BANT,2722 / 2728,Pendente,
2026-07-17,80,S2669-1,C,BAMN,2738,Pendente,
2026-07-17,81,MS24694-S54,C,DACTA II,2742,Pendente,
2026-07-17,82,NAS1741-06R8,C,BANT,2722,Pendente,
2026-07-17,83,MS24693-S48,C,BANT,2722,Pendente,
2026-07-17,84,071-1242-06,R,CLA,2723,Pendente,
2026-07-17,85,066-3046-01,R,CLA,2723,Pendente,
2026-07-17,86,C661064-0237,R,BABR,2709,Pendente,
2026-07-17,87,76-207-12,C,BABE,2733,Pendente,
2026-07-17,88,071-1242-06,R,BABR,2709,Pendente,
2026-07-17,89,065-0060-01,R,BANT,2722,Pendente,
2026-07-17,91,069-1025-25,R,BACG,2727,Pendente,
2026-07-17,92,066-3084-32,R,BABR,2709,OK,
2026-07-17,93,SD5H14S6667,R,DACTA II,2742,Pendente,
2026-07-17,94,AN4H3A,C,BACO,2743,Pendente,
2026-07-17,95,2615140-2,C,BACO,2743,Pendente,
2026-07-17,96,430-00032-10,C,BABR,2720,Pendente,
2026-07-17,97,MS24392-10,C,BAMN,2741,OK,
2026-07-17,98,9910586-4,R,BAMN,2740,Pendente,
2026-07-17,99,025323-150,R,BABR,2720,Pendente,
2026-07-17,100,011-00916-00,R,BABE,2739,Pendente,
2026-07-17,101,F222086,C,BABR,2720,Pendente,
2026-07-17,102,4626,C,BACG,2727.0,Pendente,
2026-07-17,103,2601040-3,C,BACG,2727.0,Pendente,
2026-07-17,104,345-6196-04,C,BABE,2733.0,Pendente,
2026-07-17,105,200-01902-0000,C,BAMN,2738,Pendente,
2026-07-17,106,9864054-7,C,BAMN,2738,Pendente,
2026-07-17,107,MS28773-05,C,BABR,2720,Pendente,
2026-07-17,108,MS28773-05,C,BABE,2733,Pendente,
2026-07-17,109,2606015-3,R,BABR,2720,Pendente,
2026-07-17,110,C662041-0102,R,BABR,2720,Pendente,
2026-07-17,111,069-01033-0101,R,BANT,2722,OK,
2026-07-17,112,51539-012N,R,BANT,2719.0,Pendente,
2026-07-17,113,2671000PB1,C,BACG,2727,Pendente,
2026-07-17,114,580-219-154,C,BACO,2743,Pendente,
2026-07-17,115,2650085-15,C,BACO,2743,Pendente,
2026-07-17,116,2652021-80,C,BACO,2743,Pendente,
2026-07-17,117,SL6015-5,C,BACO,2743,Pendente,
2026-07-17,118,MS25171-1S,C,BACO,2743,Pendente,
2026-07-17,119,C-145-450,C,BAMN,2732,Pendente,
2026-07-17,120,K00-00351-00,C,BAMN,2740,Pendente,
2026-07-17,121,9910085-2,R,BANT,2728,Pendente,
2026-07-17,122,D210507,R,BANT,2728,Pendente,
2026-07-17,123,RV05-268,C,BANT,2719,Pendente,
2026-07-17,124,RV05-268,C,BANT,2728,Pendente,
2026-07-17,125,5040033933,R,BABR,2709,Pendente,
2026-07-17,126,1U648-001,C,DACTA II,2742,Pendente,
2026-07-17,127,161-12800,R,BABR,2709,Pendente,
2026-07-17,128,162-11800,R,BABR,2709,Pendente,
2026-07-17,129,302-120-402,C,BABR,2709,Pendente,
2026-07-17,130,850C86-2,C,BABR,2709,Pendente,
2026-07-17,131,AN316-4R,C,BABR,2709,Pendente,
2026-07-17,132,C668540-0102,C,EPCAR,2702,Pendente,
2026-07-17,133,MS20392-1C11,C,BAMN,2730,Pendente,
2026-07-17,134,161-11700,R,DACTA II,2742,Pendente,
2026-07-17,135,162-10700,R,DACTA II,2742,Pendente,
2026-07-17,136,AE3663161E0113,C,DACTA II,2742,Pendente,
2026-07-17,137,ST2231-05,C,BANT,2719 / 2728,Pendente,
2026-07-17,138,NAS561P5-12,C,BANT,2719 / 2728,Pendente,
2026-07-17,139,MS20392-1C11,C,BAMN,2730,Pendente,
2026-07-17,140,2617024-6,C,BABE,2739,Pendente,
2026-07-17,141,P860037,C,BABE,2739,Pendente,
2026-07-17,142,S2655-1,C,BABE,2739,Pendente,
2026-07-17,143,2651022-20-1,R,BABE,2739,Pendente,
2026-07-17,144,AE3663163K0600,C,BABR,2709.0,Pendente,
2026-07-17,145,161-11700,R,BACO,2743,Pendente,
2026-07-17,146,162-10700,R,BACO,2743,Pendente,
2026-07-17,147,2641011-5,R,BACO,2743,Pendente,
2026-07-17,148,C662041-0102,R,BABR,2720,Pendente,
2026-07-17,149,069-01033-0101,R,BABR,2720,Pendente,
2026-07-17,150,S1587-7,C,BABE,2739,Pendente,
2026-07-17,151,161-11700,R,BANT,2719 / 2728,Pendente,
2026-07-17,152,162-10700,R,BANT,2719 / 2728,Pendente,
2026-07-17,153,C352TS,T,DACTA II,2742,OK,
2026-07-17,154,066-3046-07,R,CLA,2723,Pendente,
2026-07-17,155,066-1055-00,R,CLA,2723,Pendente,
2026-07-17,156,065-0041-00,R,CLA,2723,Pendente,
2026-07-17,157,200-01902-0000,C,BABE,2731,Pendente,
2026-07-17,158,AN315C4R,C,BANT,2719,Pendente,
2026-07-17,159,2651024-5,C,BANT,2719,Pendente,
2026-07-17,160,MS20392-2C29,C,BANT,2719,Pendente,
2026-07-17,161,071-1052-00,R,BANT,2728,Pendente,
2026-07-17,162,2651022-20-1,R,BABE,2733,Pendente,
2026-07-17,163,071-1242-06,R,BANT,2728,Pendente,
2026-07-17,164,C661065-0237,R,BANT,2719,Pendente,
2026-07-17,165,2618510-10,T,BANT,2728,Pendente,
2026-07-17,166,071-1242-06,R,BANT,2719,Pendente,
2026-07-17,167,C661030-0301,R,BANT,2719,Pendente,
2026-07-17,168,2651040-2,T,EPCAR,2702,Pendente,
2026-07-17,169,2651022-20-1,T,EPCAR,2702,Pendente,
2026-07-17,170,NAS147-43,C,EPCAR,2702,Pendente,
2026-07-17,171,MS21044N7,C,EPCAR,2702,Pendente,
2026-07-17,172,NAS1149F0732P,C,EPCAR,2702,Pendente,
2026-07-17,173,MS20002C7,C,EPCAR,2702,Pendente,
2026-07-17,174,AN5C12A,C,EPCAR,2702,Pendente,
2026-07-17,175,NAS1149C0563R,C,EPCAR,2702,Pendente,
2026-07-17,176,S1450-5H16-032,C,EPCAR,2702,Pendente,
2026-07-17,177,MS21042L5,C,EPCAR,2702,Pendente,
2026-07-17,178,MS20007-16,C,EPCAR,2702,Pendente,
2026-07-17,179,C352TS,T,BACO,2743,OK,
2026-07-17,180,060-0015-00,R,BANT,2721,Pendente,
2026-07-17,181,065-0030-00,R,BANT,2728,Pendente,
2026-07-17,182,066-3060-00,R,BANT,2708 / 2721,Pendente,
2026-07-17,183,C598505-0303,R,BANT,2728,Pendente,
2026-07-17,184,2606016-17,C,BABR,2720,Pendente,
2026-07-17,185,2606016-17,C,BABR,2720,Pendente,
2026-07-17,186,DCN4-5407,C,BABR,2720,Pendente,
2026-07-17,187,NAS147-97,C,EPCAR,2702,Pendente,
2026-07-17,188,NAS147-84,C,EPCAR,2702,Pendente,
2026-07-17,189,AN363-720,C,EPCAR,2702,Pendente,
2026-07-17,190,MS20007-68,C,EPCAR,2702,Pendente,
2026-07-17,191,9910333-1,C,EPCAR,2702,Pendente,
2026-07-17,192,S3461-64,C,EPCAR,2702,Pendente,
2026-07-17,193,AN310C8,C,EPCAR,2702,Pendente,
2026-07-17,194,AN310C8,C,EPCAR,2702,Pendente,
2026-07-17,195,S3465-2-0160,C,BAMN,2737,Pendente,
2026-07-17,196,069-1025-25,R,CLA,2723,Pendente,
2026-07-17,197,069-01033-0101,R,BABR,2720,Pendente,
2026-07-17,198,901207K1,C,BABE,2739,Pendente,
2026-07-17,199,3240572,C,BABE,2739,Pendente,
2026-07-17,200,AE3663162E0120,C,BANT,2703,Pendente,
2026-07-17,201,AN924-3D,C,BACG,2727,Pendente,
2026-07-17,202,MS28778-3,C,BACG,2727,Pendente,
2026-07-17,203,C661065-0237,R,BABR,2721,Pendente,
2026-07-17,204,9910338-4,R,BABR,2721,Pendente,
2026-07-17,205,2643100-206,R,BANT,2719,Pendente,
2026-07-17,206,2618510-10,T,BANT,2719,Pendente,
2026-07-17,207,066-3084-32,R,BANT,2719,Pendente,
2026-07-17,208,3014226,C,BANT,2719,Pendente,
2026-07-17,209,S1450-4S10-032,C,BANT,2719,Pendente,
2026-07-17,210,MS27975-2,C,BANT,2719,Pendente,
2026-07-17,211,S1021Z8-8,C,BANT,2719,Pendente,
2026-07-17,212,R581559,C,BANT,2719,Pendente,
2026-07-17,213,R581559,C,BANT,2719,Pendente,
2026-07-17,214,R581559,C,BANT,2719,Pendente,
2026-07-17,215,C145-00-46,C,BAMN,2732,Pendente,
2026-07-17,216,U554426,C,BABE,2739,Pendente,
2026-07-17,217,2653019-1,C,BABR,2721,Pendente,
2026-07-17,218,MS35426-27,C,BABR,2721,Pendente,
2026-07-17,219,S1741-1,C,BABR,2721,Pendente,
2026-07-17,220,A1633-72,C,BACO,2742,Pendente,
2026-07-17,221,A1639-32,C,BACO,2742,Pendente,
2026-07-17,222,AN363-720,C,BACO,2742,Pendente,
2026-07-17,223,AS3209-016,C,BACO,2742,Pendente,
2026-07-17,224,DCN4-3807,C,BACO,2742,Pendente,
2026-07-17,225,MS20002C7,C,BACO,2742,Pendente,
2026-07-17,226,MS20007-68,C,BACO,2742,Pendente,
2026-07-17,227,MS28773-05,C,BACO,2742,Pendente,
2026-07-17,228,MS28775-022,C,BACO,2742,Pendente,
2026-07-17,229,MS28778-4,C,BACO,2742,Pendente,
2026-07-17,230,MS29512-08,C,BACO,2742,Pendente,
2026-07-17,231,NAS1149C0763R,C,BACO,2742,Pendente,
2026-07-17,232,NAS147-84,C,BACO,2742,Pendente,
2026-07-17,233,NAS147-97,C,BACO,2742,Pendente,
2026-07-17,234,C598505-0304,C,BANT,FROTA,Pendente,
2026-07-17,235,C598505-0304,C,BANT,FROTA,Pendente,
2026-07-17,236,C598505-0303,C,BANT,FROTA,Pendente,
2026-07-17,237,C598505-0303,C,BANT,FROTA,Pendente,
2026-07-17,238,70-22-01,C,BANT,FROTA,Pendente,
2026-07-17,239,70-22-01,C,BANT,FROTA,Pendente,
2026-07-17,240,066-01141-5101,R,BANT,FROTA,Pendente,
2026-07-17,241,MS35206-247,C,BANT,FROTA,Pendente,
2026-07-17,242,065-0042-15,R,BANT,FROTA,Pendente,
2026-07-17,243,C662041-0102,R,BANT,FROTA,Pendente,
2026-07-17,244,011-00412-00,R,BANT,FROTA,Pendente,
2026-07-17,245,3014227,C,BANT,FROTA,Pendente,
2026-07-17,246,A1633-72,C,BANT,FROTA,Pendente,
2026-07-17,247,066-3084-32,R,BANT,FROTA,Pendente,
2026-07-17,248,AE3663724G0330,C,BANT,FROTA,Pendente,
2026-07-17,249,0541140-1,C,BACG,2727,Pendente,
2026-07-17,250,644-04303416,C,BANT,2719,Pendente,
2026-07-17,251,C668050-1108,C,BABR,2721,Pendente,
2026-07-17,252,2641012-14,T,BABE,2731,Pendente,
2026-07-17,253,S2495-12B0600,C,BACG,2727,Pendente,
2026-07-17,254,2641014-9,T,BABE,2731,Pendente,
2026-07-17,255,S1985-1,C,CLA,2723,Pendente,
2026-07-17,256,S1985-1,C,CLA,2723,Pendente,
2026-07-17,257,200SGL153Q,R,BACO,2743,OK,
2026-07-17,258,9910338-8RX,R,BABR,2721,Pendente,
2026-07-17,259,162-11800,R,BANT,2703,Pendente,
2026-07-17,260,200SGL119Q-2,R,BANT,2722,OK,
2026-07-17,261,2641011-5,T,BANT,2719,Pendente,
2026-07-17,262,452-0133,T,BANT,2728,Pendente,
2026-07-17,263,C352TS,R,BANT,2728,OK,
2026-07-17,264,S3326-2,R,BABE,2731,Pendente,
2026-07-17,265,S2502-3,C,BABE,2731,Pendente,
2026-07-17,266,P860037,C,BABE,2733,Pendente,
2026-07-17,267,AE3663231B0160,C,BAMN,2736 / 2738 / 2741,Pendente,
2026-07-17,268,8210-002-01,R,BABR,2721,Pendente,
2026-07-17,269,DCN4-3807,C,BABR,2721,Pendente,
2026-07-17,270,MS28773-05,C,BABR,2721,Pendente,
2026-07-17,271,1215073-28,C,BABR,2721,Pendente,
2026-07-17,272,9910573-21,C,BABR,2721,Pendente,
2026-07-17,273,3121248-03,R,BABR,2721,Pendente,
2026-07-17,274,5040033933,R,BABR,2709,Pendente,
2026-07-17,275,R581559,C,BABR,2709,Pendente,
2026-07-17,276,S3413-104,C,BABR,2709,Pendente,
2026-07-17,277,S3413-105,C,BABR,2709,Pendente,
2026-07-17,278,S3413-107,C,BABR,2709,Pendente,
2026-07-17,279,S3413-109,C,BABR,2709,Pendente,
2026-07-17,280,S3413-110,C,BABR,2709,Pendente,
2026-07-17,281,S2319-64,C,BABR,2709,Pendente,
2026-07-17,282,S2319-50,C,BABR,2709,Pendente,
2026-07-17,283,B4864,C,BABR,2709,Pendente,
2026-07-17,284,B4940-1,C,BABR,2709,Pendente,
2026-07-17,285,B4940-2,C,BABR,2709,Pendente,
2026-07-17,286,2654012-2,C,BABR,2709,Pendente,
2026-07-17,287,5111602-16,C,BABE,2731,Pendente,
2026-07-17,288,2641032-202,C,BAMN,2741,Pendente,
2026-07-17,289,850C86-2,C,BABR,2709,Pendente,
2026-07-17,290,302-120-402,C,BABR,2709,Pendente,
2026-07-17,291,MS28778-3,C,BAMN,2736,Pendente,
2026-07-17,292,AE3663161E0113,C,BAMN,2736,Pendente,
2026-07-17,293,1414116-7,C,BABE,2739,Pendente,
2026-07-17,294,S1985-1,C,BANT,2708,Pendente,
2026-07-17,295,2270030-12,C,BANT,2708,Pendente,
2026-07-17,296,066-4010-12,R,BANT,2708,Pendente,
2026-07-17,297,3034792,R,DACTA II,2742,Pendente,
2026-07-17,298,3024973,C,DACTA II,2742,Pendente,
2026-07-17,299,M83461/1-012,C,DACTA II,2742,Pendente,
2026-07-17,300,3039937,C,DACTA II,2742,Pendente,
2026-07-17,301,3014227,C,DACTA II,2742,Pendente,
2026-07-17,302,C668050-1108,C,BABE,2723,Pendente,
2026-07-17,303,2522275-1,C,BABE,2723,Pendente,
2026-07-17,304,S2870-1,C,BABE,2723,Pendente,
2026-07-17,305,NSL 1422 B2,C,BABE,2723,Pendente,
2026-07-17,306,AN320-3,C,BABR,2709,Pendente,
2026-07-17,307,2613419-1,C,BABR,2709,Pendente,
2026-07-17,308,AN565B428H4,C,BABR,2709,Pendente,
2026-07-17,309,2662007-4,C,BABR,2709,Pendente,
2026-07-17,310,2662022-1,C,BABR,2709,Pendente,
2026-07-17,311,AN315-3L,C,BABR,2709,Pendente,
2026-07-17,312,B145-78-7,C,BABR,2709,Pendente,
2026-07-17,313,AS5174D1210,C,BAMN,2732,Pendente,
2026-07-17,314,MS24392-10,C,BAMN,2732,Pendente,
2026-07-17,315,An4-17,C,BANT,2729,Pendente,
2026-07-17,316,S1450-6B12-032,C,BANT,2729,Pendente,
2026-07-17,317,065-0059-01,C,BANT,2722,Pendente,
2026-07-17,318,065-0059-01,C,BANT,2708,Pendente,
2026-07-17,319,050-1518-00,C,BANT,2719,Pendente,
2026-07-17,320,MS21025-24,C,BANT,2729,Pendente,
2026-07-17,321,S51-14,C,BANT,2703,Pendente,
2026-07-17,322,065-0042-03,C,BANT,2719,Pendente,
2026-07-17,323,A1639-32,C,CLA,2723,Pendente,
2026-07-17,324,B-5096,C,CLA,2723,Pendente,
2026-07-17,325,A1633-72,C,CLA,2723,Pendente,
2026-07-17,326,S3326-2RX,R,BACO,2743,Pendente,
2026-07-17,327,799-1,R,BACO,2743,Pendente,
2026-07-17,328,060-0017-00,R,BANT,2703,Pendente,
2026-07-17,329,060-0017-00,R,BANT,2708,Pendente,
2026-07-17,330,4002HS,C,BABR,2709,Pendente,
2026-07-17,331,83-0057,C,BACG,2727,Pendente,
2026-07-17,332,060-0015-00,C,BANT,2729,Pendente,
2026-07-17,333,065-0042-15,C,BANT,2702,Pendente,
2026-07-17,334,99-223-6B23284,C,BANT,2702,Pendente,
2026-07-17,335,065-0042-15,C,BANT,2703,Pendente,
2026-07-17,336,2610014-1,C,BANT,2719,Pendente,
2026-07-17,337,NAS464P4A10,C,BANT,2719,Pendente,
2026-07-17,338,A4513-1,C,BANT,2729,Pendente,
2026-07-17,339,S1104-3,C,BANT,2719,Pendente,
2026-07-18,1,302-039-402,C,BABV,2741,Pendente,
2026-07-18,2,302-039-402,C,BAMN,2740,Pendente,
2026-07-18,3,065-0065-01,T,BANT,2719,Pendente,
2026-07-18,4,NAS1739B4-6,C,BABE,2731,Desconsiderado,
2026-07-18,5,CR2248-4-4,C,BABE,2731,Desconsiderado,
2026-07-18,6,NAS1097AD6-5,C,BABE,2731,Desconsiderado,
2026-07-18,7,NAS1097AD6-4,C,BABE,2731,Desconsiderado,
2026-07-18,8,NAS1097AD5-4,C,BABE,2731,Desconsiderado,
2026-07-18,9,NAS1097AD5-7,C,BABE,2731,Desconsiderado,
2026-07-18,10,NAS1097AD4-3,C,BABE,2731,Desconsiderado,
2026-07-18,11,NAS1097AD3-7,C,BABE,2731,Desconsiderado,
2026-07-18,12,5934PAD-3,R,BABE,2739,Pendente,
2026-07-18,13,068-02800,C,BANT,2722,Pendente,
2026-07-18,14,RA068-02800,C,BANT,2722,Pendente,
2026-07-18,15,MS21442-121,C,BABR,2709,Pendente,
2026-07-18,16,523919,C,BABR,2709,Pendente,
2026-07-18,17,065-0042-03,R,BANT,2722,OK,
2026-07-18,18,AE3663163K0600,C,BANT,2728,Pendente,
2026-07-18,19,MS21044N9,C,BANT,2728 e 2719,Pendente,
2026-07-18,20,MS21044N9,C,BANT,2729,OK,
2026-07-18,21,C145-00-46,C,BABR,2709,OK,
2026-07-18,22,62800-001,T,BABR,2709,OK,
2026-07-18,23,065-0042-15,R,BASM,2708,Pendente,
2026-07-18,24,S3326-2,R,BAMN,*,Pendente,
2026-07-18,25,MS29513-338,C,BANT,2719,Pendente,
2026-07-18,26,030-18200,R,BAMN,2732,OK,
2026-07-18,27,9864054-7,C,BAMN,2740,Pendente,
2026-07-18,28,2606015-2,R,BABR,2720,Pendente,
2026-07-18,29,76-207-12,C,BAMN,2740,Pendente,
2026-07-18,30,MS20007-30,C,BABE,2733,OK,
2026-07-18,31,MS20007-16,C,BABE,2733,Pendente,
2026-07-18,32,B-5121,C,EEAR,2703,OK,
2026-07-18,33,C668050-1104,C,BABR,2709,Pendente,
2026-07-18,34,431-0101-01,C,BABR,2709,OK,
2026-07-18,35,2650026-3,C,BABR,2709,OK,
2026-07-18,36,S2300-12,C,BABR,2709,OK,
2026-07-18,37,S2357-1,C,BABR,2709,OK,
2026-07-18,38,2N6576,C,BABR,2709,OK,
2026-07-18,39,22827-3,C,BABR,2709,OK,
2026-07-18,40,068-02800,C,BABR,2709,Pendente,
2026-07-18,41,2N6576,C,BABR,2709,OK,
2026-07-18,42,060-0015-00,R,BABR,2709,Pendente,
2026-07-18,43,066-4010-10,R,BABR,2709,OK,
2026-07-18,44,011-01020-10,R,BAMN,2740,Pendente,
2026-07-18,45,CM2990-G1,C,BABR,2709,Pendente,
2026-07-18,46,C262023-0107,C,CLA,2723,OK,
2026-07-18,47,2126001-1,C,BAMN,2737,Pendente,
2026-07-18,48,2612035-1,C,BANT,2722,Pendente,
2026-07-18,49,2641012-15,R,BANT,2728,Pendente,
2026-07-18,50,DD2W,C,BACO,2743,Pendente,
2026-07-18,51,S3100-581,C,BAMN,2737,Pendente,
2026-07-18,52,GF5500-81,C,BAMN,2736,Pendente,
2026-07-18,53,088-01132-0002,C,BANT,2728,Pendente,
2026-07-18,54,2641012-14,R,BANT,2719,Pendente,
2026-07-18,55,2641012-9,R,BANT,2719,Pendente,
2026-07-18,56,52283,C,BANT,2719,Pendente,
2026-07-18,57,AE3663162E0120,C,BANT,2723,Pendente,
2026-07-18,58,EA-5175-52-CES,R,BANT,2728,OK,
2026-07-18,59,S3100-630,C,BAMN,2737,Pendente,
2026-07-18,60,2660001-107,C,BANT,2719,Pendente,
2026-07-18,61,2660057-1,C,BANT,2719,Pendente,
2026-07-18,62,2660057-1,C,BANT,2728,Pendente,
2026-07-18,63,A-A-55487-5,C,BANT,2719,Pendente,
2026-07-18,64,S2319-64,C,BACO,2743,Pendente,
2026-07-18,65,060-0017-00,R,BANT,2708,Pendente,
2026-07-18,66,MS3456W12S3S,C,BABR,2709,Pendente,
2026-07-18,67,2682001-1,T,BABE/BANT,2739,OK,
2026-07-18,68,MS3509-28,C,BACG,2727,Pendente,
2026-07-18,69,S2899L0.5,C,BACG,2727,Pendente,
2026-07-18,70,1U149-015-15,R,BACO,2743,Pendente,
2026-07-18,71,AN6289J5,C,BABR,2709,Pendente,
2026-07-18,72,MS17825-3,C,BANT,2728,Pendente,
2026-07-18,73,MS17826-3,C,BANT,2728,Pendente,
2026-07-18,74,200-1902-00,C,BAMN,2736,Pendente,
2026-07-18,75,161-12800,R,BANT,2722 / 2728,Pendente,
2026-07-18,76,162-11800,R,BANT,2722 / 2728,Pendente,
2026-07-18,77,161-11700,R,BANT,2722 / 2728,Pendente,
2026-07-18,78,162-10700,R,BANT,2722 / 2728,Pendente,
2026-07-18,79,CI105-9,C,BANT,2722 / 2728,Pendente,
2026-07-18,80,S2669-1,C,BAMN,2738,Pendente,
2026-07-18,81,MS24694-S54,C,DACTA II,2742,Pendente,
2026-07-18,82,NAS1741-06R8,C,BANT,2722,Pendente,
2026-07-18,83,MS24693-S48,C,BANT,2722,Pendente,
2026-07-18,84,071-1242-06,R,CLA,2723,Pendente,
2026-07-18,85,066-3046-01,R,CLA,2723,Pendente,
2026-07-18,86,C661064-0237,R,BABR,2709,Pendente,
2026-07-18,87,76-207-12,C,BABE,2733,Pendente,
2026-07-18,88,071-1242-06,R,BABR,2709,Pendente,
2026-07-18,89,065-0060-01,R,BANT,2722,Pendente,
2026-07-18,91,069-1025-25,R,BACG,2727,Pendente,
2026-07-18,92,066-3084-32,R,BABR,2709,OK,
2026-07-18,93,SD5H14S6667,R,DACTA II,2742,Pendente,
2026-07-18,94,AN4H3A,C,BACO,2743,Pendente,
2026-07-18,95,2615140-2,C,BACO,2743,Pendente,
2026-07-18,96,430-00032-10,C,BABR,2720,Pendente,
2026-07-18,97,MS24392-10,C,BAMN,2741,OK,
2026-07-18,98,9910586-4,R,BAMN,2740,Pendente,
2026-07-18,99,025323-150,R,BABR,2720,Pendente,
2026-07-18,100,011-00916-00,R,BABE,2739,Pendente,
2026-07-18,101,F222086,C,BABR,2720,Pendente,
2026-07-18,102,4626,C,BACG,2727.0,Pendente,
2026-07-18,103,2601040-3,C,BACG,2727.0,Pendente,
2026-07-18,104,345-6196-04,C,BABE,2733.0,Pendente,
2026-07-18,105,200-01902-0000,C,BAMN,2738,Pendente,
2026-07-18,106,9864054-7,C,BAMN,2738,Pendente,
2026-07-18,107,MS28773-05,C,BABR,2720,Pendente,
2026-07-18,108,MS28773-05,C,BABE,2733,Pendente,
2026-07-18,109,2606015-3,R,BABR,2720,Pendente,
2026-07-18,110,C662041-0102,R,BABR,2720,Pendente,
2026-07-18,111,069-01033-0101,R,BANT,2722,OK,
2026-07-18,112,51539-012N,R,BANT,2719.0,Pendente,
2026-07-18,113,2671000PB1,C,BACG,2727,Pendente,
2026-07-18,114,580-219-154,C,BACO,2743,Pendente,
2026-07-18,115,2650085-15,C,BACO,2743,Pendente,
2026-07-18,116,2652021-80,C,BACO,2743,Pendente,
2026-07-18,117,SL6015-5,C,BACO,2743,Pendente,
2026-07-18,118,MS25171-1S,C,BACO,2743,Pendente,
2026-07-18,119,C-145-450,C,BAMN,2732,Pendente,
2026-07-18,120,K00-00351-00,C,BAMN,2740,Pendente,
2026-07-18,121,9910085-2,R,BANT,2728,Pendente,
2026-07-18,122,D210507,R,BANT,2728,Pendente,
2026-07-18,123,RV05-268,C,BANT,2719,Pendente,
2026-07-18,124,RV05-268,C,BANT,2728,Pendente,
2026-07-18,125,5040033933,R,BABR,2709,Pendente,
2026-07-18,126,1U648-001,C,DACTA II,2742,Pendente,
2026-07-18,127,161-12800,R,BABR,2709,Pendente,
2026-07-18,128,162-11800,R,BABR,2709,Pendente,
2026-07-18,129,302-120-402,C,BABR,2709,Pendente,
2026-07-18,130,850C86-2,C,BABR,2709,Pendente,
2026-07-18,131,AN316-4R,C,BABR,2709,Pendente,
2026-07-18,132,C668540-0102,C,EPCAR,2702,Pendente,
2026-07-18,133,MS20392-1C11,C,BAMN,2730,Pendente,
2026-07-18,134,161-11700,R,DACTA II,2742,Pendente,
2026-07-18,135,162-10700,R,DACTA II,2742,Pendente,
2026-07-18,136,AE3663161E0113,C,DACTA II,2742,Pendente,
2026-07-18,137,ST2231-05,C,BANT,2719 / 2728,Pendente,
2026-07-18,138,NAS561P5-12,C,BANT,2719 / 2728,Pendente,
2026-07-18,139,MS20392-1C11,C,BAMN,2730,Pendente,
2026-07-18,140,2617024-6,C,BABE,2739,Pendente,
2026-07-18,141,P860037,C,BABE,2739,Pendente,
2026-07-18,142,S2655-1,C,BABE,2739,Pendente,
2026-07-18,143,2651022-20-1,R,BABE,2739,Pendente,
2026-07-18,144,AE3663163K0600,C,BABR,2709.0,Pendente,
2026-07-18,145,161-11700,R,BACO,2743,Pendente,
2026-07-18,146,162-10700,R,BACO,2743,Pendente,
2026-07-18,147,2641011-5,R,BACO,2743,Pendente,
2026-07-18,148,C662041-0102,R,BABR,2720,Pendente,
2026-07-18,149,069-01033-0101,R,BABR,2720,Pendente,
2026-07-18,150,S1587-7,C,BABE,2739,Pendente,
2026-07-18,151,161-11700,R,BANT,2719 / 2728,Pendente,
2026-07-18,152,162-10700,R,BANT,2719 / 2728,Pendente,
2026-07-18,153,C352TS,T,DACTA II,2742,OK,
2026-07-18,154,066-3046-07,R,CLA,2723,Pendente,
2026-07-18,155,066-1055-00,R,CLA,2723,Pendente,
2026-07-18,156,065-0041-00,R,CLA,2723,Pendente,
2026-07-18,157,200-01902-0000,C,BABE,2731,Pendente,
2026-07-18,158,AN315C4R,C,BANT,2719,Pendente,
2026-07-18,159,2651024-5,C,BANT,2719,Pendente,
2026-07-18,160,MS20392-2C29,C,BANT,2719,Pendente,
2026-07-18,161,071-1052-00,R,BANT,2728,Pendente,
2026-07-18,162,2651022-20-1,R,BABE,2733,Pendente,
2026-07-18,163,071-1242-06,R,BANT,2728,Pendente,
2026-07-18,164,C661065-0237,R,BANT,2719,Pendente,
2026-07-18,165,2618510-10,T,BANT,2728,Pendente,
2026-07-18,166,071-1242-06,R,BANT,2719,Pendente,
2026-07-18,167,C661030-0301,R,BANT,2719,Pendente,
2026-07-18,168,2651040-2,T,EPCAR,2702,Pendente,
2026-07-18,169,2651022-20-1,T,EPCAR,2702,Pendente,
2026-07-18,170,NAS147-43,C,EPCAR,2702,Pendente,
2026-07-18,171,MS21044N7,C,EPCAR,2702,Pendente,
2026-07-18,172,NAS1149F0732P,C,EPCAR,2702,Pendente,
2026-07-18,173,MS20002C7,C,EPCAR,2702,Pendente,
2026-07-18,174,AN5C12A,C,EPCAR,2702,Pendente,
2026-07-18,175,NAS1149C0563R,C,EPCAR,2702,Pendente,
2026-07-18,176,S1450-5H16-032,C,EPCAR,2702,Pendente,
2026-07-18,177,MS21042L5,C,EPCAR,2702,Pendente,
2026-07-18,178,MS20007-16,C,EPCAR,2702,Pendente,
2026-07-18,179,C352TS,T,BACO,2743,OK,
2026-07-18,180,060-0015-00,R,BANT,2721,Pendente,
2026-07-18,181,065-0030-00,R,BANT,2728,Pendente,
2026-07-18,182,066-3060-00,R,BANT,2708 / 2721,Pendente,
2026-07-18,183,C598505-0303,R,BANT,2728,Pendente,
2026-07-18,184,2606016-17,C,BABR,2720,Pendente,
2026-07-18,185,2606016-17,C,BABR,2720,Pendente,
2026-07-18,186,DCN4-5407,C,BABR,2720,Pendente,
2026-07-18,187,NAS147-97,C,EPCAR,2702,Pendente,
2026-07-18,188,NAS147-84,C,EPCAR,2702,Pendente,
2026-07-18,189,AN363-720,C,EPCAR,2702,Pendente,
2026-07-18,190,MS20007-68,C,EPCAR,2702,Pendente,
2026-07-18,191,9910333-1,C,EPCAR,2702,Pendente,
2026-07-18,192,S3461-64,C,EPCAR,2702,Pendente,
2026-07-18,193,AN310C8,C,EPCAR,2702,Pendente,
2026-07-18,194,AN310C8,C,EPCAR,2702,Pendente,
2026-07-18,195,S3465-2-0160,C,BAMN,2737,Pendente,
2026-07-18,196,069-1025-25,R,CLA,2723,Pendente,
2026-07-18,197,069-01033-0101,R,BABR,2720,Pendente,
2026-07-18,198,901207K1,C,BABE,2739,Pendente,
2026-07-18,199,3240572,C,BABE,2739,Pendente,
2026-07-18,200,AE3663162E0120,C,BANT,2703,Pendente,
2026-07-18,201,AN924-3D,C,BACG,2727,Pendente,
2026-07-18,202,MS28778-3,C,BACG,2727,Pendente,
2026-07-18,203,C661065-0237,R,BABR,2721,Pendente,
2026-07-18,204,9910338-4,R,BABR,2721,Pendente,
2026-07-18,205,2643100-206,R,BANT,2719,Pendente,
2026-07-18,206,2618510-10,T,BANT,2719,Pendente,
2026-07-18,207,066-3084-32,R,BANT,2719,Pendente,
2026-07-18,208,3014226,C,BANT,2719,Pendente,
2026-07-18,209,S1450-4S10-032,C,BANT,2719,Pendente,
2026-07-18,210,MS27975-2,C,BANT,2719,Pendente,
2026-07-18,211,S1021Z8-8,C,BANT,2719,Pendente,
2026-07-18,212,R581559,C,BANT,2719,Pendente,
2026-07-18,213,R581559,C,BANT,2719,Pendente,
2026-07-18,214,R581559,C,BANT,2719,Pendente,
2026-07-18,215,C145-00-46,C,BAMN,2732,Pendente,
2026-07-18,216,U554426,C,BABE,2739,Pendente,
2026-07-18,217,2653019-1,C,BABR,2721,Pendente,
2026-07-18,218,MS35426-27,C,BABR,2721,Pendente,
2026-07-18,219,S1741-1,C,BABR,2721,Pendente,
2026-07-18,220,A1633-72,C,BACO,2742,Pendente,
2026-07-18,221,A1639-32,C,BACO,2742,Pendente,
2026-07-18,222,AN363-720,C,BACO,2742,Pendente,
2026-07-18,223,AS3209-016,C,BACO,2742,Pendente,
2026-07-18,224,DCN4-3807,C,BACO,2742,Pendente,
2026-07-18,225,MS20002C7,C,BACO,2742,Pendente,
2026-07-18,226,MS20007-68,C,BACO,2742,Pendente,
2026-07-18,227,MS28773-05,C,BACO,2742,Pendente,
2026-07-18,228,MS28775-022,C,BACO,2742,Pendente,
2026-07-18,229,MS28778-4,C,BACO,2742,Pendente,
2026-07-18,230,MS29512-08,C,BACO,2742,Pendente,
2026-07-18,231,NAS1149C0763R,C,BACO,2742,Pendente,
2026-07-18,232,NAS147-84,C,BACO,2742,Pendente,
2026-07-18,233,NAS147-97,C,BACO,2742,Pendente,
2026-07-18,234,C598505-0304,C,BANT,FROTA,Pendente,
2026-07-18,235,C598505-0304,C,BANT,FROTA,Pendente,
2026-07-18,236,C598505-0303,C,BANT,FROTA,Pendente,
2026-07-18,237,C598505-0303,C,BANT,FROTA,Pendente,
2026-07-18,238,70-22-01,C,BANT,FROTA,Pendente,
2026-07-18,239,70-22-01,C,BANT,FROTA,Pendente,
2026-07-18,240,066-01141-5101,R,BANT,FROTA,Pendente,
2026-07-18,241,MS35206-247,C,BANT,FROTA,Pendente,
2026-07-18,242,065-0042-15,R,BANT,FROTA,Pendente,
2026-07-18,243,C662041-0102,R,BANT,FROTA,Pendente,
2026-07-18,244,011-00412-00,R,BANT,FROTA,Pendente,
2026-07-18,245,3014227,C,BANT,FROTA,Pendente,
2026-07-18,246,A1633-72,C,BANT,FROTA,Pendente,
2026-07-18,247,066-3084-32,R,BANT,FROTA,Pendente,
2026-07-18,248,AE3663724G0330,C,BANT,FROTA,Pendente,
2026-07-18,249,0541140-1,C,BACG,2727,Pendente,
2026-07-18,250,644-04303416,C,BANT,2719,Pendente,
2026-07-18,251,C668050-1108,C,BABR,2721,Pendente,
2026-07-18,252,2641012-14,T,BABE,2731,Pendente,
2026-07-18,253,S2495-12B0600,C,BACG,2727,Pendente,
2026-07-18,254,2641014-9,T,BABE,2731,Pendente,
2026-07-18,255,S1985-1,C,CLA,2723,Pendente,
2026-07-18,256,S1985-1,C,CLA,2723,Pendente,
2026-07-18,257,200SGL153Q,R,BACO,2743,OK,
2026-07-18,258,9910338-8RX,R,BABR,2721,Pendente,
2026-07-18,259,162-11800,R,BANT,2703,Pendente,
2026-07-18,260,200SGL119Q-2,R,BANT,2722,OK,
2026-07-18,261,2641011-5,T,BANT,2719,Pendente,
2026-07-18,262,452-0133,T,BANT,2728,Pendente,
2026-07-18,263,C352TS,R,BANT,2728,OK,
2026-07-18,264,S3326-2,R,BABE,2731,Pendente,
2026-07-18,265,S2502-3,C,BABE,2731,Pendente,
2026-07-18,266,P860037,C,BABE,2733,Pendente,
2026-07-18,267,AE3663231B0160,C,BAMN,2736 / 2738 / 2741,Pendente,
2026-07-18,268,8210-002-01,R,BABR,2721,Pendente,
2026-07-18,269,DCN4-3807,C,BABR,2721,Pendente,
2026-07-18,270,MS28773-05,C,BABR,2721,Pendente,
2026-07-18,271,1215073-28,C,BABR,2721,Pendente,
2026-07-18,272,9910573-21,C,BABR,2721,Pendente,
2026-07-18,273,3121248-03,R,BABR,2721,Pendente,
2026-07-18,274,5040033933,R,BABR,2709,Pendente,
2026-07-18,275,R581559,C,BABR,2709,Pendente,
2026-07-18,276,S3413-104,C,BABR,2709,Pendente,
2026-07-18,277,S3413-105,C,BABR,2709,Pendente,
2026-07-18,278,S3413-107,C,BABR,2709,Pendente,
2026-07-18,279,S3413-109,C,BABR,2709,Pendente,
2026-07-18,280,S3413-110,C,BABR,2709,Pendente,
2026-07-18,281,S2319-64,C,BABR,2709,Pendente,
2026-07-18,282,S2319-50,C,BABR,2709,Pendente,
2026-07-18,283,B4864,C,BABR,2709,Pendente,
2026-07-18,284,B4940-1,C,BABR,2709,Pendente,
2026-07-18,285,B4940-2,C,BABR,2709,Pendente,
2026-07-18,286,2654012-2,C,BABR,2709,Pendente,
2026-07-18,287,5111602-16,C,BABE,2731,Pendente,
2026-07-18,288,2641032-202,C,BAMN,2741,Pendente,
2026-07-18,289,850C86-2,C,BABR,2709,Pendente,
2026-07-18,290,302-120-402,C,BABR,2709,Pendente,
2026-07-18,291,MS28778-3,C,BAMN,2736,Pendente,
2026-07-18,292,AE3663161E0113,C,BAMN,2736,Pendente,
2026-07-18,293,1414116-7,C,BABE,2739,Pendente,
2026-07-18,294,S1985-1,C,BANT,2708,Pendente,
2026-07-18,295,2270030-12,C,BANT,2708,Pendente,
2026-07-18,296,066-4010-12,R,BANT,2708,Pendente,
2026-07-18,297,3034792,R,DACTA II,2742,Pendente,
2026-07-18,298,3024973,C,DACTA II,2742,Pendente,
2026-07-18,299,M83461/1-012,C,DACTA II,2742,Pendente,
2026-07-18,300,3039937,C,DACTA II,2742,Pendente,
2026-07-18,301,3014227,C,DACTA II,2742,Pendente,
2026-07-18,302,C668050-1108,C,BABE,2723,Pendente,
2026-07-18,303,2522275-1,C,BABE,2723,Pendente,
2026-07-18,304,S2870-1,C,BABE,2723,Pendente,
2026-07-18,305,NSL 1422 B2,C,BABE,2723,Pendente,
2026-07-18,306,AN320-3,C,BABR,2709,Pendente,
2026-07-18,307,2613419-1,C,BABR,2709,Pendente,
2026-07-18,308,AN565B428H4,C,BABR,2709,Pendente,
2026-07-18,309,2662007-4,C,BABR,2709,Pendente,
2026-07-18,310,2662022-1,C,BABR,2709,Pendente,
2026-07-18,311,AN315-3L,C,BABR,2709,Pendente,
2026-07-18,312,B145-78-7,C,BABR,2709,Pendente,
2026-07-18,313,AS5174D1210,C,BAMN,2732,Pendente,
2026-07-18,314,MS24392-10,C,BAMN,2732,Pendente,
2026-07-18,315,An4-17,C,BANT,2729,Pendente,
2026-07-18,316,S1450-6B12-032,C,BANT,2729,Pendente,
2026-07-18,317,065-0059-01,C,BANT,2722,Pendente,
2026-07-18,318,065-0059-01,C,BANT,2708,Pendente,
2026-07-18,319,050-1518-00,C,BANT,2719,Pendente,
2026-07-18,320,MS21025-24,C,BANT,2729,Pendente,
2026-07-18,321,S51-14,C,BANT,2703,Pendente,
2026-07-18,322,065-0042-03,C,BANT,2719,Pendente,
2026-07-18,323,A1639-32,C,CLA,2723,Pendente,
2026-07-18,324,B-5096,C,CLA,2723,Pendente,
2026-07-18,325,A1633-72,C,CLA,2723,Pendente,
2026-07-18,326,S3326-2RX,R,BACO,2743,Pendente,
2026-07-18,327,799-1,R,BACO,2743,Pendente,
2026-07-18,328,060-0017-00,R,BANT,2703,Pendente,
2026-07-18,329,060-0017-00,R,BANT,2708,Pendente,
2026-07-18,330,4002HS,C,BABR,2709,Pendente,
2026-07-18,331,83-0057,C,BACG,2727,Pendente,
2026-07-18,332,060-0015-00,C,BANT,2729,Pendente,
2026-07-18,333,065-0042-15,C,BANT,2702,Pendente,
2026-07-18,334,99-223-6B23284,C,BANT,2702,Pendente,
2026-07-18,335,065-0042-15,C,BANT,2703,Pendente,
2026-07-18,336,2610014-1,C,BANT,2719,Pendente,
2026-07-18,337,NAS464P4A10,C,BANT,2719,Pendente,
2026-07-18,338,A4513-1,C,BANT,2729,Pendente,
2026-07-18,339,S1104-3,C,BANT,2719,Pendente,
2026-07-20,1,302-039-402,C,BABV,2741,Pendente,
2026-07-20,2,302-039-402,C,BAMN,2740,Pendente,
2026-07-20,3,065-0065-01,T,BANT,2719,Pendente,
2026-07-20,4,NAS1739B4-6,C,BABE,2731,Desconsiderado,
2026-07-20,5,CR2248-4-4,C,BABE,2731,Desconsiderado,
2026-07-20,6,NAS1097AD6-5,C,BABE,2731,Desconsiderado,
2026-07-20,7,NAS1097AD6-4,C,BABE,2731,Desconsiderado,
2026-07-20,8,NAS1097AD5-4,C,BABE,2731,Desconsiderado,
2026-07-20,9,NAS1097AD5-7,C,BABE,2731,Desconsiderado,
2026-07-20,10,NAS1097AD4-3,C,BABE,2731,Desconsiderado,
2026-07-20,11,NAS1097AD3-7,C,BABE,2731,Desconsiderado,
2026-07-20,12,5934PAD-3,R,BABE,2739,Pendente,
2026-07-20,13,068-02800,C,BANT,2722,Pendente,
2026-07-20,14,RA068-02800,C,BANT,2722,Pendente,
2026-07-20,15,MS21442-121,C,BABR,2709,Pendente,
2026-07-20,16,523919,C,BABR,2709,Pendente,
2026-07-20,17,065-0042-03,R,BANT,2722,OK,
2026-07-20,18,AE3663163K0600,C,BANT,2728,Pendente,
2026-07-20,19,MS21044N9,C,BANT,2728 e 2719,Pendente,
2026-07-20,20,MS21044N9,C,BANT,2729,OK,
2026-07-20,21,C145-00-46,C,BABR,2709,OK,
2026-07-20,22,62800-001,T,BABR,2709,OK,
2026-07-20,23,065-0042-15,R,BASM,2708,Pendente,
2026-07-20,24,S3326-2,R,BAMN,*,Pendente,
2026-07-20,25,MS29513-338,C,BANT,2719,Pendente,
2026-07-20,26,030-18200,R,BAMN,2732,OK,
2026-07-20,27,9864054-7,C,BAMN,2740,Pendente,
2026-07-20,28,2606015-2,R,BABR,2720,Pendente,
2026-07-20,29,76-207-12,C,BAMN,2740,Pendente,
2026-07-20,30,MS20007-30,C,BABE,2733,OK,
2026-07-20,31,MS20007-16,C,BABE,2733,Pendente,
2026-07-20,32,B-5121,C,EEAR,2703,OK,
2026-07-20,33,C668050-1104,C,BABR,2709,Pendente,
2026-07-20,34,431-0101-01,C,BABR,2709,OK,
2026-07-20,35,2650026-3,C,BABR,2709,OK,
2026-07-20,36,S2300-12,C,BABR,2709,OK,
2026-07-20,37,S2357-1,C,BABR,2709,OK,
2026-07-20,38,2N6576,C,BABR,2709,OK,
2026-07-20,39,22827-3,C,BABR,2709,OK,
2026-07-20,40,068-02800,C,BABR,2709,Pendente,
2026-07-20,41,2N6576,C,BABR,2709,OK,
2026-07-20,42,060-0015-00,R,BABR,2709,Pendente,
2026-07-20,43,066-4010-10,R,BABR,2709,OK,
2026-07-20,44,011-01020-10,R,BAMN,2740,Pendente,
2026-07-20,45,CM2990-G1,C,BABR,2709,Pendente,
2026-07-20,46,C262023-0107,C,CLA,2723,OK,
2026-07-20,47,2126001-1,C,BAMN,2737,Pendente,
2026-07-20,48,2612035-1,C,BANT,2722,Pendente,
2026-07-20,49,2641012-15,R,BANT,2728,Pendente,
2026-07-20,50,DD2W,C,BACO,2743,Pendente,
2026-07-20,51,S3100-581,C,BAMN,2737,Pendente,
2026-07-20,52,GF5500-81,C,BAMN,2736,Pendente,
2026-07-20,53,088-01132-0002,C,BANT,2728,Pendente,
2026-07-20,54,2641012-14,R,BANT,2719,Pendente,
2026-07-20,55,2641012-9,R,BANT,2719,Pendente,
2026-07-20,56,52283,C,BANT,2719,Pendente,
2026-07-20,57,AE3663162E0120,C,BANT,2723,Pendente,
2026-07-20,58,EA-5175-52-CES,R,BANT,2728,OK,
2026-07-20,59,S3100-630,C,BAMN,2737,Pendente,
2026-07-20,60,2660001-107,C,BANT,2719,Pendente,
2026-07-20,61,2660057-1,C,BANT,2719,Pendente,
2026-07-20,62,2660057-1,C,BANT,2728,Pendente,
2026-07-20,63,A-A-55487-5,C,BANT,2719,Pendente,
2026-07-20,64,S2319-64,C,BACO,2743,Pendente,
2026-07-20,65,060-0017-00,R,BANT,2708,Pendente,
2026-07-20,66,MS3456W12S3S,C,BABR,2709,Pendente,
2026-07-20,67,2682001-1,T,BABE/BANT,2739,OK,
2026-07-20,68,MS3509-28,C,BACG,2727,Pendente,
2026-07-20,69,S2899L0.5,C,BACG,2727,Pendente,
2026-07-20,70,1U149-015-15,R,BACO,2743,Pendente,
2026-07-20,71,AN6289J5,C,BABR,2709,Pendente,
2026-07-20,72,MS17825-3,C,BANT,2728,Pendente,
2026-07-20,73,MS17826-3,C,BANT,2728,Pendente,
2026-07-20,74,200-1902-00,C,BAMN,2736,Pendente,
2026-07-20,75,161-12800,R,BANT,2722 / 2728,Pendente,
2026-07-20,76,162-11800,R,BANT,2722 / 2728,Pendente,
2026-07-20,77,161-11700,R,BANT,2722 / 2728,Pendente,
2026-07-20,78,162-10700,R,BANT,2722 / 2728,Pendente,
2026-07-20,79,CI105-9,C,BANT,2722 / 2728,Pendente,
2026-07-20,80,S2669-1,C,BAMN,2738,Pendente,
2026-07-20,81,MS24694-S54,C,DACTA II,2742,Pendente,
2026-07-20,82,NAS1741-06R8,C,BANT,2722,Pendente,
2026-07-20,83,MS24693-S48,C,BANT,2722,Pendente,
2026-07-20,84,071-1242-06,R,CLA,2723,Pendente,
2026-07-20,85,066-3046-01,R,CLA,2723,Pendente,
2026-07-20,86,C661064-0237,R,BABR,2709,Pendente,
2026-07-20,87,76-207-12,C,BABE,2733,Pendente,
2026-07-20,88,071-1242-06,R,BABR,2709,Pendente,
2026-07-20,89,065-0060-01,R,BANT,2722,Pendente,
2026-07-20,91,069-1025-25,R,BACG,2727,Pendente,
2026-07-20,92,066-3084-32,R,BABR,2709,OK,
2026-07-20,93,SD5H14S6667,R,DACTA II,2742,Pendente,
2026-07-20,94,AN4H3A,C,BACO,2743,Pendente,
2026-07-20,95,2615140-2,C,BACO,2743,Pendente,
2026-07-20,96,430-00032-10,C,BABR,2720,Pendente,
2026-07-20,97,MS24392-10,C,BAMN,2741,OK,
2026-07-20,98,9910586-4,R,BAMN,2740,Pendente,
2026-07-20,99,025323-150,R,BABR,2720,Pendente,
2026-07-20,100,011-00916-00,R,BABE,2739,Pendente,
2026-07-20,101,F222086,C,BABR,2720,Pendente,
2026-07-20,102,4626,C,BACG,2727.0,Pendente,
2026-07-20,103,2601040-3,C,BACG,2727.0,Pendente,
2026-07-20,104,345-6196-04,C,BABE,2733.0,Pendente,
2026-07-20,105,200-01902-0000,C,BAMN,2738,Pendente,
2026-07-20,106,9864054-7,C,BAMN,2738,Pendente,
2026-07-20,107,MS28773-05,C,BABR,2720,Pendente,
2026-07-20,108,MS28773-05,C,BABE,2733,Pendente,
2026-07-20,109,2606015-3,R,BABR,2720,Pendente,
2026-07-20,110,C662041-0102,R,BABR,2720,Pendente,
2026-07-20,111,069-01033-0101,R,BANT,2722,OK,
2026-07-20,112,51539-012N,R,BANT,2719.0,Pendente,
2026-07-20,113,2671000PB1,C,BACG,2727,Pendente,
2026-07-20,114,580-219-154,C,BACO,2743,Pendente,
2026-07-20,115,2650085-15,C,BACO,2743,Pendente,
2026-07-20,116,2652021-80,C,BACO,2743,Pendente,
2026-07-20,117,SL6015-5,C,BACO,2743,Pendente,
2026-07-20,118,MS25171-1S,C,BACO,2743,Pendente,
2026-07-20,119,C-145-450,C,BAMN,2732,Pendente,
2026-07-20,120,K00-00351-00,C,BAMN,2740,Pendente,
2026-07-20,121,9910085-2,R,BANT,2728,Pendente,
2026-07-20,122,D210507,R,BANT,2728,Pendente,
2026-07-20,123,RV05-268,C,BANT,2719,Pendente,
2026-07-20,124,RV05-268,C,BANT,2728,Pendente,
2026-07-20,125,5040033933,R,BABR,2709,Pendente,
2026-07-20,126,1U648-001,C,DACTA II,2742,Pendente,
2026-07-20,127,161-12800,R,BABR,2709,Pendente,
2026-07-20,128,162-11800,R,BABR,2709,Pendente,
2026-07-20,129,302-120-402,C,BABR,2709,Pendente,
2026-07-20,130,850C86-2,C,BABR,2709,Pendente,
2026-07-20,131,AN316-4R,C,BABR,2709,Pendente,
2026-07-20,132,C668540-0102,C,EPCAR,2702,Pendente,
2026-07-20,133,MS20392-1C11,C,BAMN,2730,Pendente,
2026-07-20,134,161-11700,R,DACTA II,2742,Pendente,
2026-07-20,135,162-10700,R,DACTA II,2742,Pendente,
2026-07-20,136,AE3663161E0113,C,DACTA II,2742,Pendente,
2026-07-20,137,ST2231-05,C,BANT,2719 / 2728,Pendente,
2026-07-20,138,NAS561P5-12,C,BANT,2719 / 2728,Pendente,
2026-07-20,139,MS20392-1C11,C,BAMN,2730,Pendente,
2026-07-20,140,2617024-6,C,BABE,2739,Pendente,
2026-07-20,141,P860037,C,BABE,2739,Pendente,
2026-07-20,142,S2655-1,C,BABE,2739,Pendente,
2026-07-20,143,2651022-20-1,R,BABE,2739,Pendente,
2026-07-20,144,AE3663163K0600,C,BABR,2709.0,Pendente,
2026-07-20,145,161-11700,R,BACO,2743,Pendente,
2026-07-20,146,162-10700,R,BACO,2743,Pendente,
2026-07-20,147,2641011-5,R,BACO,2743,Pendente,
2026-07-20,148,C662041-0102,R,BABR,2720,Pendente,
2026-07-20,149,069-01033-0101,R,BABR,2720,Pendente,
2026-07-20,150,S1587-7,C,BABE,2739,Pendente,
2026-07-20,151,161-11700,R,BANT,2719 / 2728,Pendente,
2026-07-20,152,162-10700,R,BANT,2719 / 2728,Pendente,
2026-07-20,153,C352TS,T,DACTA II,2742,OK,
2026-07-20,154,066-3046-07,R,CLA,2723,Pendente,
2026-07-20,155,066-1055-00,R,CLA,2723,Pendente,
2026-07-20,156,065-0041-00,R,CLA,2723,Pendente,
2026-07-20,157,200-01902-0000,C,BABE,2731,Pendente,
2026-07-20,158,AN315C4R,C,BANT,2719,Pendente,
2026-07-20,159,2651024-5,C,BANT,2719,Pendente,
2026-07-20,160,MS20392-2C29,C,BANT,2719,Pendente,
2026-07-20,161,071-1052-00,R,BANT,2728,Pendente,
2026-07-20,162,2651022-20-1,R,BABE,2733,Pendente,
2026-07-20,163,071-1242-06,R,BANT,2728,Pendente,
2026-07-20,164,C661065-0237,R,BANT,2719,Pendente,
2026-07-20,165,2618510-10,T,BANT,2728,Pendente,
2026-07-20,166,071-1242-06,R,BANT,2719,Pendente,
2026-07-20,167,C661030-0301,R,BANT,2719,Pendente,
2026-07-20,168,2651040-2,T,EPCAR,2702,Pendente,
2026-07-20,169,2651022-20-1,T,EPCAR,2702,Pendente,
2026-07-20,170,NAS147-43,C,EPCAR,2702,Pendente,
2026-07-20,171,MS21044N7,C,EPCAR,2702,Pendente,
2026-07-20,172,NAS1149F0732P,C,EPCAR,2702,Pendente,
2026-07-20,173,MS20002C7,C,EPCAR,2702,Pendente,
2026-07-20,174,AN5C12A,C,EPCAR,2702,Pendente,
2026-07-20,175,NAS1149C0563R,C,EPCAR,2702,Pendente,
2026-07-20,176,S1450-5H16-032,C,EPCAR,2702,Pendente,
2026-07-20,177,MS21042L5,C,EPCAR,2702,Pendente,
2026-07-20,178,MS20007-16,C,EPCAR,2702,Pendente,
2026-07-20,179,C352TS,T,BACO,2743,OK,
2026-07-20,180,060-0015-00,R,BANT,2721,Pendente,
2026-07-20,181,065-0030-00,R,BANT,2728,Pendente,
2026-07-20,182,066-3060-00,R,BANT,2708 / 2721,Pendente,
2026-07-20,183,C598505-0303,R,BANT,2728,Pendente,
2026-07-20,184,2606016-17,C,BABR,2720,Pendente,
2026-07-20,185,2606016-17,C,BABR,2720,Pendente,
2026-07-20,186,DCN4-5407,C,BABR,2720,Pendente,
2026-07-20,187,NAS147-97,C,EPCAR,2702,Pendente,
2026-07-20,188,NAS147-84,C,EPCAR,2702,Pendente,
2026-07-20,189,AN363-720,C,EPCAR,2702,Pendente,
2026-07-20,190,MS20007-68,C,EPCAR,2702,Pendente,
2026-07-20,191,9910333-1,C,EPCAR,2702,Pendente,
2026-07-20,192,S3461-64,C,EPCAR,2702,Pendente,
2026-07-20,193,AN310C8,C,EPCAR,2702,Pendente,
2026-07-20,194,AN310C8,C,EPCAR,2702,Pendente,
2026-07-20,195,S3465-2-0160,C,BAMN,2737,Pendente,
2026-07-20,196,069-1025-25,R,CLA,2723,Pendente,
2026-07-20,197,069-01033-0101,R,BABR,2720,Pendente,
2026-07-20,198,901207K1,C,BABE,2739,Pendente,
2026-07-20,199,3240572,C,BABE,2739,Pendente,
2026-07-20,200,AE3663162E0120,C,BANT,2703,Pendente,
2026-07-20,201,AN924-3D,C,BACG,2727,Pendente,
2026-07-20,202,MS28778-3,C,BACG,2727,Pendente,
2026-07-20,203,C661065-0237,R,BABR,2721,Pendente,
2026-07-20,204,9910338-4,R,BABR,2721,Pendente,
2026-07-20,205,2643100-206,R,BANT,2719,Pendente,
2026-07-20,206,2618510-10,T,BANT,2719,Pendente,
2026-07-20,207,066-3084-32,R,BANT,2719,Pendente,
2026-07-20,208,3014226,C,BANT,2719,Pendente,
2026-07-20,209,S1450-4S10-032,C,BANT,2719,Pendente,
2026-07-20,210,MS27975-2,C,BANT,2719,Pendente,
2026-07-20,211,S1021Z8-8,C,BANT,2719,Pendente,
2026-07-20,212,R581559,C,BANT,2719,Pendente,
2026-07-20,213,R581559,C,BANT,2719,Pendente,
2026-07-20,214,R581559,C,BANT,2719,Pendente,
2026-07-20,215,C145-00-46,C,BAMN,2732,Pendente,
2026-07-20,216,U554426,C,BABE,2739,Pendente,
2026-07-20,217,2653019-1,C,BABR,2721,Pendente,
2026-07-20,218,MS35426-27,C,BABR,2721,Pendente,
2026-07-20,219,S1741-1,C,BABR,2721,Pendente,
2026-07-20,220,A1633-72,C,BACO,2742,Pendente,
2026-07-20,221,A1639-32,C,BACO,2742,Pendente,
2026-07-20,222,AN363-720,C,BACO,2742,Pendente,
2026-07-20,223,AS3209-016,C,BACO,2742,Pendente,
2026-07-20,224,DCN4-3807,C,BACO,2742,Pendente,
2026-07-20,225,MS20002C7,C,BACO,2742,Pendente,
2026-07-20,226,MS20007-68,C,BACO,2742,Pendente,
2026-07-20,227,MS28773-05,C,BACO,2742,Pendente,
2026-07-20,228,MS28775-022,C,BACO,2742,Pendente,
2026-07-20,229,MS28778-4,C,BACO,2742,Pendente,
2026-07-20,230,MS29512-08,C,BACO,2742,Pendente,
2026-07-20,231,NAS1149C0763R,C,BACO,2742,Pendente,
2026-07-20,232,NAS147-84,C,BACO,2742,Pendente,
2026-07-20,233,NAS147-97,C,BACO,2742,Pendente,
2026-07-20,234,C598505-0304,C,BANT,FROTA,Pendente,
2026-07-20,235,C598505-0304,C,BANT,FROTA,Pendente,
2026-07-20,236,C598505-0303,C,BANT,FROTA,Pendente,
2026-07-20,237,C598505-0303,C,BANT,FROTA,Pendente,
2026-07-20,238,70-22-01,C,BANT,FROTA,Pendente,
2026-07-20,239,70-22-01,C,BANT,FROTA,Pendente,
2026-07-20,240,066-01141-5101,R,BANT,FROTA,Pendente,
2026-07-20,241,MS35206-247,C,BANT,FROTA,Pendente,
2026-07-20,242,065-0042-15,R,BANT,FROTA,Pendente,
2026-07-20,243,C662041-0102,R,BANT,FROTA,Pendente,
2026-07-20,244,011-00412-00,R,BANT,FROTA,Pendente,
2026-07-20,245,3014227,C,BANT,FROTA,Pendente,
2026-07-20,246,A1633-72,C,BANT,FROTA,Pendente,
2026-07-20,247,066-3084-32,R,BANT,FROTA,Pendente,
2026-07-20,248,AE3663724G0330,C,BANT,FROTA,Pendente,
2026-07-20,249,0541140-1,C,BACG,2727,Pendente,
2026-07-20,250,644-04303416,C,BANT,2719,Pendente,
2026-07-20,251,C668050-1108,C,BABR,2721,Pendente,
2026-07-20,252,2641012-14,T,BABE,2731,Pendente,
2026-07-20,253,S2495-12B0600,C,BACG,2727,Pendente,
2026-07-20,254,2641014-9,T,BABE,2731,Pendente,
2026-07-20,255,S1985-1,C,CLA,2723,Pendente,
2026-07-20,256,S1985-1,C,CLA,2723,Pendente,
2026-07-20,257,200SGL153Q,R,BACO,2743,OK,
2026-07-20,258,9910338-8RX,R,BABR,2721,Pendente,
2026-07-20,259,162-11800,R,BANT,2703,Pendente,
2026-07-20,260,200SGL119Q-2,R,BANT,2722,OK,
2026-07-20,261,2641011-5,T,BANT,2719,Pendente,
2026-07-20,262,452-0133,T,BANT,2728,Pendente,
2026-07-20,263,C352TS,R,BANT,2728,OK,
2026-07-20,264,S3326-2,R,BABE,2731,Pendente,
2026-07-20,265,S2502-3,C,BABE,2731,Pendente,
2026-07-20,266,P860037,C,BABE,2733,Pendente,
2026-07-20,267,AE3663231B0160,C,BAMN,2736 / 2738 / 2741,Pendente,
2026-07-20,268,8210-002-01,R,BABR,2721,Pendente,
2026-07-20,269,DCN4-3807,C,BABR,2721,Pendente,
2026-07-20,270,MS28773-05,C,BABR,2721,Pendente,
2026-07-20,271,1215073-28,C,BABR,2721,Pendente,
2026-07-20,272,9910573-21,C,BABR,2721,Pendente,
2026-07-20,273,3121248-03,R,BABR,2721,Pendente,
2026-07-20,274,5040033933,R,BABR,2709,Pendente,
2026-07-20,275,R581559,C,BABR,2709,Pendente,
2026-07-20,276,S3413-104,C,BABR,2709,Pendente,
2026-07-20,277,S3413-105,C,BABR,2709,Pendente,
2026-07-20,278,S3413-107,C,BABR,2709,Pendente,
2026-07-20,279,S3413-109,C,BABR,2709,Pendente,
2026-07-20,280,S3413-110,C,BABR,2709,Pendente,
2026-07-20,281,S2319-64,C,BABR,2709,Pendente,
2026-07-20,282,S2319-50,C,BABR,2709,Pendente,
2026-07-20,283,B4864,C,BABR,2709,Pendente,
2026-07-20,284,B4940-1,C,BABR,2709,Pendente,
2026-07-20,285,B4940-2,C,BABR,2709,Pendente,
2026-07-20,286,2654012-2,C,BABR,2709,Pendente,
2026-07-20,287,5111602-16,C,BABE,2731,Pendente,
2026-07-20,288,2641032-202,C,BAMN,2741,Pendente,
2026-07-20,289,850C86-2,C,BABR,2709,Pendente,
2026-07-20,290,302-120-402,C,BABR,2709,Pendente,
2026-07-20,291,MS28778-3,C,BAMN,2736,Pendente,
2026-07-20,292,AE3663161E0113,C,BAMN,2736,Pendente,
2026-07-20,293,1414116-7,C,BABE,2739,Pendente,
2026-07-20,294,S1985-1,C,BANT,2708,Pendente,
2026-07-20,295,2270030-12,C,BANT,2708,Pendente,
2026-07-20,296,066-4010-12,R,BANT,2708,Pendente,
2026-07-20,297,3034792,R,DACTA II,2742,Pendente,
2026-07-20,298,3024973,C,DACTA II,2742,Pendente,
2026-07-20,299,M83461/1-012,C,DACTA II,2742,Pendente,
2026-07-20,300,3039937,C,DACTA II,2742,Pendente,
2026-07-20,301,3014227,C,DACTA II,2742,Pendente,
2026-07-20,302,C668050-1108,C,BABE,2723,Pendente,
2026-07-20,303,2522275-1,C,BABE,2723,Pendente,
2026-07-20,304,S2870-1,C,BABE,2723,Pendente,
2026-07-20,305,NSL 1422 B2,C,BABE,2723,Pendente,
2026-07-20,306,AN320-3,C,BABR,2709,Pendente,
2026-07-20,307,2613419-1,C,BABR,2709,Pendente,
2026-07-20,308,AN565B428H4,C,BABR,2709,Pendente,
2026-07-20,309,2662007-4,C,BABR,2709,Pendente,
2026-07-20,310,2662022-1,C,BABR,2709,Pendente,
2026-07-20,311,AN315-3L,C,BABR,2709,Pendente,
2026-07-20,312,B145-78-7,C,BABR,2709,Pendente,
2026-07-20,313,AS5174D1210,C,BAMN,2732,Pendente,
2026-07-20,314,MS24392-10,C,BAMN,2732,Pendente,
2026-07-20,315,An4-17,C,BANT,2729,Pendente,
2026-07-20,316,S1450-6B12-032,C,BANT,2729,Pendente,
2026-07-20,317,065-0059-01,C,BANT,2722,Pendente,
2026-07-20,318,065-0059-01,C,BANT,2708,Pendente,
2026-07-20,319,050-1518-00,C,BANT,2719,Pendente,
2026-07-20,320,MS21025-24,C,BANT,2729,Pendente,
2026-07-20,321,S51-14,C,BANT,2703,Pendente,
2026-07-20,322,065-0042-03,C,BANT,2719,Pendente,
2026-07-20,323,A1639-32,C,CLA,2723,Pendente,
2026-07-20,324,B-5096,C,CLA,2723,Pendente,
2026-07-20,325,A1633-72,C,CLA,2723,Pendente,
2026-07-20,326,S3326-2RX,R,BACO,2743,Pendente,
2026-07-20,327,799-1,R,BACO,2743,Pendente,
2026-07-20,328,060-0017-00,R,BANT,2703,Pendente,
2026-07-20,329,060-0017-00,R,BANT,2708,Pendente,
2026-07-20,330,4002HS,C,BABR,2709,Pendente,
2026-07-20,331,83-0057,C,BACG,2727,Pendente,
2026-07-20,332,060-0015-00,C,BANT,2729,Pendente,
2026-07-20,333,065-0042-15,C,BANT,2702,Pendente,
2026-07-20,334,99-223-6B23284,C,BANT,2702,Pendente,
2026-07-20,335,065-0042-15,C,BANT,2703,Pendente,
2026-07-20,336,2610014-1,C,BANT,2719,Pendente,
2026-07-20,337,NAS464P4A10,C,BANT,2719,Pendente,
2026-07-20,338,A4513-1,C,BANT,2729,Pendente,
2026-07-20,339,S1104-3,C,BANT,2719,Pendente,
2026-07-21,1,302-039-402,C,BABV,2741,Pendente,
2026-07-21,2,302-039-402,C,BAMN,2740,Pendente,
2026-07-21,3,065-0065-01,T,BANT,2719,Pendente,
2026-07-21,4,NAS1739B4-6,C,BABE,2731,Desconsiderado,
2026-07-21,5,CR2248-4-4,C,BABE,2731,Desconsiderado,
2026-07-21,6,NAS1097AD6-5,C,BABE,2731,Desconsiderado,
2026-07-21,7,NAS1097AD6-4,C,BABE,2731,Desconsiderado,
2026-07-21,8,NAS1097AD5-4,C,BABE,2731,Desconsiderado,
2026-07-21,9,NAS1097AD5-7,C,BABE,2731,Desconsiderado,
2026-07-21,10,NAS1097AD4-3,C,BABE,2731,Desconsiderado,
2026-07-21,11,NAS1097AD3-7,C,BABE,2731,Desconsiderado,
2026-07-21,12,5934PAD-3,R,BABE,2739,Pendente,
2026-07-21,13,068-02800,C,BANT,2722,Pendente,
2026-07-21,14,RA068-02800,C,BANT,2722,Pendente,
2026-07-21,15,MS21442-121,C,BABR,2709,Pendente,
2026-07-21,16,523919,C,BABR,2709,Pendente,
2026-07-21,17,065-0042-03,R,BANT,2722,OK,
2026-07-21,18,AE3663163K0600,C,BANT,2728,Pendente,
2026-07-21,19,MS21044N9,C,BANT,2728 e 2719,Pendente,
2026-07-21,20,MS21044N9,C,BANT,2729,OK,
2026-07-21,21,C145-00-46,C,BABR,2709,OK,
2026-07-21,22,62800-001,T,BABR,2709,OK,
2026-07-21,23,065-0042-15,R,BASM,2708,Pendente,
2026-07-21,24,S3326-2,R,BAMN,*,Pendente,
2026-07-21,25,MS29513-338,C,BANT,2719,Pendente,
2026-07-21,26,030-18200,R,BAMN,2732,OK,
2026-07-21,27,9864054-7,C,BAMN,2740,Pendente,
2026-07-21,28,2606015-2,R,BABR,2720,Pendente,
2026-07-21,29,76-207-12,C,BAMN,2740,Pendente,
2026-07-21,30,MS20007-30,C,BABE,2733,OK,
2026-07-21,31,MS20007-16,C,BABE,2733,Pendente,
2026-07-21,32,B-5121,C,EEAR,2703,OK,
2026-07-21,33,C668050-1104,C,BABR,2709,Pendente,
2026-07-21,34,431-0101-01,C,BABR,2709,OK,
2026-07-21,35,2650026-3,C,BABR,2709,OK,
2026-07-21,36,S2300-12,C,BABR,2709,OK,
2026-07-21,37,S2357-1,C,BABR,2709,OK,
2026-07-21,38,2N6576,C,BABR,2709,OK,
2026-07-21,39,22827-3,C,BABR,2709,OK,
2026-07-21,40,068-02800,C,BABR,2709,Pendente,
2026-07-21,41,2N6576,C,BABR,2709,OK,
2026-07-21,42,060-0015-00,R,BABR,2709,Pendente,
2026-07-21,43,066-4010-10,R,BABR,2709,OK,
2026-07-21,44,011-01020-10,R,BAMN,2740,Pendente,
2026-07-21,45,CM2990-G1,C,BABR,2709,Pendente,
2026-07-21,46,C262023-0107,C,CLA,2723,OK,
2026-07-21,47,2126001-1,C,BAMN,2737,Pendente,
2026-07-21,48,2612035-1,C,BANT,2722,Pendente,
2026-07-21,49,2641012-15,R,BANT,2728,Pendente,
2026-07-21,50,DD2W,C,BACO,2743,Pendente,
2026-07-21,51,S3100-581,C,BAMN,2737,Pendente,
2026-07-21,52,GF5500-81,C,BAMN,2736,Pendente,
2026-07-21,53,088-01132-0002,C,BANT,2728,Pendente,
2026-07-21,54,2641012-14,R,BANT,2719,Pendente,
2026-07-21,55,2641012-9,R,BANT,2719,Pendente,
2026-07-21,56,52283,C,BANT,2719,Pendente,
2026-07-21,57,AE3663162E0120,C,BANT,2723,Pendente,
2026-07-21,58,EA-5175-52-CES,R,BANT,2728,OK,
2026-07-21,59,S3100-630,C,BAMN,2737,Pendente,
2026-07-21,60,2660001-107,C,BANT,2719,Pendente,
2026-07-21,61,2660057-1,C,BANT,2719,Pendente,
2026-07-21,62,2660057-1,C,BANT,2728,Pendente,
2026-07-21,63,A-A-55487-5,C,BANT,2719,Pendente,
2026-07-21,64,S2319-64,C,BACO,2743,Pendente,
2026-07-21,65,060-0017-00,R,BANT,2708,Pendente,
2026-07-21,66,MS3456W12S3S,C,BABR,2709,Pendente,
2026-07-21,67,2682001-1,T,BABE/BANT,2739,OK,
2026-07-21,68,MS3509-28,C,BACG,2727,Pendente,
2026-07-21,69,S2899L0.5,C,BACG,2727,Pendente,
2026-07-21,70,1U149-015-15,R,BACO,2743,Pendente,
2026-07-21,71,AN6289J5,C,BABR,2709,Pendente,
2026-07-21,72,MS17825-3,C,BANT,2728,Pendente,
2026-07-21,73,MS17826-3,C,BANT,2728,Pendente,
2026-07-21,74,200-1902-00,C,BAMN,2736,Pendente,
2026-07-21,75,161-12800,R,BANT,2722 / 2728,Pendente,
2026-07-21,76,162-11800,R,BANT,2722 / 2728,Pendente,
2026-07-21,77,161-11700,R,BANT,2722 / 2728,Pendente,
2026-07-21,78,162-10700,R,BANT,2722 / 2728,Pendente,
2026-07-21,79,CI105-9,C,BANT,2722 / 2728,Pendente,
2026-07-21,80,S2669-1,C,BAMN,2738,Pendente,
2026-07-21,81,MS24694-S54,C,DACTA II,2742,Pendente,
2026-07-21,82,NAS1741-06R8,C,BANT,2722,Pendente,
2026-07-21,83,MS24693-S48,C,BANT,2722,Pendente,
2026-07-21,84,071-1242-06,R,CLA,2723,Pendente,
2026-07-21,85,066-3046-01,R,CLA,2723,Pendente,
2026-07-21,86,C661064-0237,R,BABR,2709,Pendente,
2026-07-21,87,76-207-12,C,BABE,2733,Pendente,
2026-07-21,88,071-1242-06,R,BABR,2709,Pendente,
2026-07-21,89,065-0060-01,R,BANT,2722,Pendente,
2026-07-21,91,069-1025-25,R,BACG,2727,Pendente,
2026-07-21,92,066-3084-32,R,BABR,2709,OK,
2026-07-21,93,SD5H14S6667,R,DACTA II,2742,Pendente,
2026-07-21,94,AN4H3A,C,BACO,2743,Pendente,
2026-07-21,95,2615140-2,C,BACO,2743,Pendente,
2026-07-21,96,430-00032-10,C,BABR,2720,Pendente,
2026-07-21,97,MS24392-10,C,BAMN,2741,OK,
2026-07-21,98,9910586-4,R,BAMN,2740,Pendente,
2026-07-21,99,025323-150,R,BABR,2720,Pendente,
2026-07-21,100,011-00916-00,R,BABE,2739,Pendente,
2026-07-21,101,F222086,C,BABR,2720,Pendente,
2026-07-21,102,4626,C,BACG,2727.0,Pendente,
2026-07-21,103,2601040-3,C,BACG,2727.0,Pendente,
2026-07-21,104,345-6196-04,C,BABE,2733.0,Pendente,
2026-07-21,105,200-01902-0000,C,BAMN,2738,Pendente,
2026-07-21,106,9864054-7,C,BAMN,2738,Pendente,
2026-07-21,107,MS28773-05,C,BABR,2720,Pendente,
2026-07-21,108,MS28773-05,C,BABE,2733,Pendente,
2026-07-21,109,2606015-3,R,BABR,2720,Pendente,
2026-07-21,110,C662041-0102,R,BABR,2720,Pendente,
2026-07-21,111,069-01033-0101,R,BANT,2722,OK,
2026-07-21,112,51539-012N,R,BANT,2719.0,Pendente,
2026-07-21,113,2671000PB1,C,BACG,2727,Pendente,
2026-07-21,114,580-219-154,C,BACO,2743,Pendente,
2026-07-21,115,2650085-15,C,BACO,2743,Pendente,
2026-07-21,116,2652021-80,C,BACO,2743,Pendente,
2026-07-21,117,SL6015-5,C,BACO,2743,Pendente,
2026-07-21,118,MS25171-1S,C,BACO,2743,Pendente,
2026-07-21,119,C-145-450,C,BAMN,2732,Pendente,
2026-07-21,120,K00-00351-00,C,BAMN,2740,Pendente,
2026-07-21,121,9910085-2,R,BANT,2728,Pendente,
2026-07-21,122,D210507,R,BANT,2728,Pendente,
2026-07-21,123,RV05-268,C,BANT,2719,Pendente,
2026-07-21,124,RV05-268,C,BANT,2728,Pendente,
2026-07-21,125,5040033933,R,BABR,2709,Pendente,
2026-07-21,126,1U648-001,C,DACTA II,2742,Pendente,
2026-07-21,127,161-12800,R,BABR,2709,Pendente,
2026-07-21,128,162-11800,R,BABR,2709,Pendente,
2026-07-21,129,302-120-402,C,BABR,2709,Pendente,
2026-07-21,130,850C86-2,C,BABR,2709,Pendente,
2026-07-21,131,AN316-4R,C,BABR,2709,Pendente,
2026-07-21,132,C668540-0102,C,EPCAR,2702,Pendente,
2026-07-21,133,MS20392-1C11,C,BAMN,2730,Pendente,
2026-07-21,134,161-11700,R,DACTA II,2742,Pendente,
2026-07-21,135,162-10700,R,DACTA II,2742,Pendente,
2026-07-21,136,AE3663161E0113,C,DACTA II,2742,Pendente,
2026-07-21,137,ST2231-05,C,BANT,2719 / 2728,Pendente,
2026-07-21,138,NAS561P5-12,C,BANT,2719 / 2728,Pendente,
2026-07-21,139,MS20392-1C11,C,BAMN,2730,Pendente,
2026-07-21,140,2617024-6,C,BABE,2739,Pendente,
2026-07-21,141,P860037,C,BABE,2739,Pendente,
2026-07-21,142,S2655-1,C,BABE,2739,Pendente,
2026-07-21,143,2651022-20-1,R,BABE,2739,Pendente,
2026-07-21,144,AE3663163K0600,C,BABR,2709.0,Pendente,
2026-07-21,145,161-11700,R,BACO,2743,Pendente,
2026-07-21,146,162-10700,R,BACO,2743,Pendente,
2026-07-21,147,2641011-5,R,BACO,2743,Pendente,
2026-07-21,148,C662041-0102,R,BABR,2720,Pendente,
2026-07-21,149,069-01033-0101,R,BABR,2720,Pendente,
2026-07-21,150,S1587-7,C,BABE,2739,Pendente,
2026-07-21,151,161-11700,R,BANT,2719 / 2728,Pendente,
2026-07-21,152,162-10700,R,BANT,2719 / 2728,Pendente,
2026-07-21,153,C352TS,T,DACTA II,2742,OK,
2026-07-21,154,066-3046-07,R,CLA,2723,Pendente,
2026-07-21,155,066-1055-00,R,CLA,2723,Pendente,
2026-07-21,156,065-0041-00,R,CLA,2723,Pendente,
2026-07-21,157,200-01902-0000,C,BABE,2731,Pendente,
2026-07-21,158,AN315C4R,C,BANT,2719,Pendente,
2026-07-21,159,2651024-5,C,BANT,2719,Pendente,
2026-07-21,160,MS20392-2C29,C,BANT,2719,Pendente,
2026-07-21,161,071-1052-00,R,BANT,2728,Pendente,
2026-07-21,162,2651022-20-1,R,BABE,2733,Pendente,
2026-07-21,163,071-1242-06,R,BANT,2728,Pendente,
2026-07-21,164,C661065-0237,R,BANT,2719,Pendente,
2026-07-21,165,2618510-10,T,BANT,2728,Pendente,
2026-07-21,166,071-1242-06,R,BANT,2719,Pendente,
2026-07-21,167,C661030-0301,R,BANT,2719,Pendente,
2026-07-21,168,2651040-2,T,EPCAR,2702,Pendente,
2026-07-21,169,2651022-20-1,T,EPCAR,2702,Pendente,
2026-07-21,170,NAS147-43,C,EPCAR,2702,Pendente,
2026-07-21,171,MS21044N7,C,EPCAR,2702,Pendente,
2026-07-21,172,NAS1149F0732P,C,EPCAR,2702,Pendente,
2026-07-21,173,MS20002C7,C,EPCAR,2702,Pendente,
2026-07-21,174,AN5C12A,C,EPCAR,2702,Pendente,
2026-07-21,175,NAS1149C0563R,C,EPCAR,2702,Pendente,
2026-07-21,176,S1450-5H16-032,C,EPCAR,2702,Pendente,
2026-07-21,177,MS21042L5,C,EPCAR,2702,Pendente,
2026-07-21,178,MS20007-16,C,EPCAR,2702,Pendente,
2026-07-21,179,C352TS,T,BACO,2743,OK,
2026-07-21,180,060-0015-00,R,BANT,2721,Pendente,
2026-07-21,181,065-0030-00,R,BANT,2728,Pendente,
2026-07-21,182,066-3060-00,R,BANT,2708 / 2721,Pendente,
2026-07-21,183,C598505-0303,R,BANT,2728,Pendente,
2026-07-21,184,2606016-17,C,BABR,2720,Pendente,
2026-07-21,185,2606016-17,C,BABR,2720,Pendente,
2026-07-21,186,DCN4-5407,C,BABR,2720,Pendente,
2026-07-21,187,NAS147-97,C,EPCAR,2702,Pendente,
2026-07-21,188,NAS147-84,C,EPCAR,2702,Pendente,
2026-07-21,189,AN363-720,C,EPCAR,2702,Pendente,
2026-07-21,190,MS20007-68,C,EPCAR,2702,Pendente,
2026-07-21,191,9910333-1,C,EPCAR,2702,Pendente,
2026-07-21,192,S3461-64,C,EPCAR,2702,Pendente,
2026-07-21,193,AN310C8,C,EPCAR,2702,Pendente,
2026-07-21,194,AN310C8,C,EPCAR,2702,Pendente,
2026-07-21,195,S3465-2-0160,C,BAMN,2737,Pendente,
2026-07-21,196,069-1025-25,R,CLA,2723,Pendente,
2026-07-21,197,069-01033-0101,R,BABR,2720,Pendente,
2026-07-21,198,901207K1,C,BABE,2739,Pendente,
2026-07-21,199,3240572,C,BABE,2739,Pendente,
2026-07-21,200,AE3663162E0120,C,BANT,2703,Pendente,
2026-07-21,201,AN924-3D,C,BACG,2727,Pendente,
2026-07-21,202,MS28778-3,C,BACG,2727,Pendente,
2026-07-21,203,C661065-0237,R,BABR,2721,Pendente,
2026-07-21,204,9910338-4,R,BABR,2721,Pendente,
2026-07-21,205,2643100-206,R,BANT,2719,Pendente,
2026-07-21,206,2618510-10,T,BANT,2719,Pendente,
2026-07-21,207,066-3084-32,R,BANT,2719,Pendente,
2026-07-21,208,3014226,C,BANT,2719,Pendente,
2026-07-21,209,S1450-4S10-032,C,BANT,2719,Pendente,
2026-07-21,210,MS27975-2,C,BANT,2719,Pendente,
2026-07-21,211,S1021Z8-8,C,BANT,2719,Pendente,
2026-07-21,212,R581559,C,BANT,2719,Pendente,
2026-07-21,213,R581559,C,BANT,2719,Pendente,
2026-07-21,214,R581559,C,BANT,2719,Pendente,
2026-07-21,215,C145-00-46,C,BAMN,2732,Pendente,
2026-07-21,216,U554426,C,BABE,2739,Pendente,
2026-07-21,217,2653019-1,C,BABR,2721,Pendente,
2026-07-21,218,MS35426-27,C,BABR,2721,Pendente,
2026-07-21,219,S1741-1,C,BABR,2721,Pendente,
2026-07-21,220,A1633-72,C,BACO,2742,Pendente,
2026-07-21,221,A1639-32,C,BACO,2742,Pendente,
2026-07-21,222,AN363-720,C,BACO,2742,Pendente,
2026-07-21,223,AS3209-016,C,BACO,2742,Pendente,
2026-07-21,224,DCN4-3807,C,BACO,2742,Pendente,
2026-07-21,225,MS20002C7,C,BACO,2742,Pendente,
2026-07-21,226,MS20007-68,C,BACO,2742,Pendente,
2026-07-21,227,MS28773-05,C,BACO,2742,Pendente,
2026-07-21,228,MS28775-022,C,BACO,2742,Pendente,
2026-07-21,229,MS28778-4,C,BACO,2742,Pendente,
2026-07-21,230,MS29512-08,C,BACO,2742,Pendente,
2026-07-21,231,NAS1149C0763R,C,BACO,2742,Pendente,
2026-07-21,232,NAS147-84,C,BACO,2742,Pendente,
2026-07-21,233,NAS147-97,C,BACO,2742,Pendente,
2026-07-21,234,C598505-0304,C,BANT,FROTA,Pendente,
2026-07-21,235,C598505-0304,C,BANT,FROTA,Pendente,
2026-07-21,236,C598505-0303,C,BANT,FROTA,Pendente,
2026-07-21,237,C598505-0303,C,BANT,FROTA,Pendente,
2026-07-21,238,70-22-01,C,BANT,FROTA,Pendente,
2026-07-21,239,70-22-01,C,BANT,FROTA,Pendente,
2026-07-21,240,066-01141-5101,R,BANT,FROTA,Pendente,
2026-07-21,241,MS35206-247,C,BANT,FROTA,Pendente,
2026-07-21,242,065-0042-15,R,BANT,FROTA,Pendente,
2026-07-21,243,C662041-0102,R,BANT,FROTA,Pendente,
2026-07-21,244,011-00412-00,R,BANT,FROTA,Pendente,
2026-07-21,245,3014227,C,BANT,FROTA,Pendente,
2026-07-21,246,A1633-72,C,BANT,FROTA,Pendente,
2026-07-21,247,066-3084-32,R,BANT,FROTA,Pendente,
2026-07-21,248,AE3663724G0330,C,BANT,FROTA,Pendente,
2026-07-21,249,0541140-1,C,BACG,2727,Pendente,
2026-07-21,250,644-04303416,C,BANT,2719,Pendente,
2026-07-21,251,C668050-1108,C,BABR,2721,Pendente,
2026-07-21,252,2641012-14,T,BABE,2731,Pendente,
2026-07-21,253,S2495-12B0600,C,BACG,2727,Pendente,
2026-07-21,254,2641014-9,T,BABE,2731,Pendente,
2026-07-21,255,S1985-1,C,CLA,2723,Pendente,
2026-07-21,256,S1985-1,C,CLA,2723,Pendente,
2026-07-21,257,200SGL153Q,R,BACO,2743,OK,
2026-07-21,258,9910338-8RX,R,BABR,2721,Pendente,
2026-07-21,259,162-11800,R,BANT,2703,Pendente,
2026-07-21,260,200SGL119Q-2,R,BANT,2722,OK,
2026-07-21,261,2641011-5,T,BANT,2719,Pendente,
2026-07-21,262,452-0133,T,BANT,2728,Pendente,
2026-07-21,263,C352TS,R,BANT,2728,OK,
2026-07-21,264,S3326-2,R,BABE,2731,Pendente,
2026-07-21,265,S2502-3,C,BABE,2731,Pendente,
2026-07-21,266,P860037,C,BABE,2733,Pendente,
2026-07-21,267,AE3663231B0160,C,BAMN,2736 / 2738 / 2741,Pendente,
2026-07-21,268,8210-002-01,R,BABR,2721,Pendente,
2026-07-21,269,DCN4-3807,C,BABR,2721,Pendente,
2026-07-21,270,MS28773-05,C,BABR,2721,Pendente,
2026-07-21,271,1215073-28,C,BABR,2721,Pendente,
2026-07-21,272,9910573-21,C,BABR,2721,Pendente,
2026-07-21,273,3121248-03,R,BABR,2721,Pendente,
2026-07-21,274,5040033933,R,BABR,2709,Pendente,
2026-07-21,275,R581559,C,BABR,2709,Pendente,
2026-07-21,276,S3413-104,C,BABR,2709,Pendente,
2026-07-21,277,S3413-105,C,BABR,2709,Pendente,
2026-07-21,278,S3413-107,C,BABR,2709,Pendente,
2026-07-21,279,S3413-109,C,BABR,2709,Pendente,
2026-07-21,280,S3413-110,C,BABR,2709,Pendente,
2026-07-21,281,S2319-64,C,BABR,2709,Pendente,
2026-07-21,282,S2319-50,C,BABR,2709,Pendente,
2026-07-21,283,B4864,C,BABR,2709,Pendente,
2026-07-21,284,B4940-1,C,BABR,2709,Pendente,
2026-07-21,285,B4940-2,C,BABR,2709,Pendente,
2026-07-21,286,2654012-2,C,BABR,2709,Pendente,
2026-07-21,287,5111602-16,C,BABE,2731,Pendente,
2026-07-21,288,2641032-202,C,BAMN,2741,Pendente,
2026-07-21,289,850C86-2,C,BABR,2709,Pendente,
2026-07-21,290,302-120-402,C,BABR,2709,Pendente,
2026-07-21,291,MS28778-3,C,BAMN,2736,Pendente,
2026-07-21,292,AE3663161E0113,C,BAMN,2736,Pendente,
2026-07-21,293,1414116-7,C,BABE,2739,Pendente,
2026-07-21,294,S1985-1,C,BANT,2708,Pendente,
2026-07-21,295,2270030-12,C,BANT,2708,Pendente,
2026-07-21,296,066-4010-12,R,BANT,2708,Pendente,
2026-07-21,297,3034792,R,DACTA II,2742,Pendente,
2026-07-21,298,3024973,C,DACTA II,2742,Pendente,
2026-07-21,299,M83461/1-012,C,DACTA II,2742,Pendente,
2026-07-21,300,3039937,C,DACTA II,2742,Pendente,
2026-07-21,301,3014227,C,DACTA II,2742,Pendente,
2026-07-21,302,C668050-1108,C,BABE,2723,Pendente,
2026-07-21,303,2522275-1,C,BABE,2723,Pendente,
2026-07-21,304,S2870-1,C,BABE,2723,Pendente,
2026-07-21,305,NSL 1422 B2,C,BABE,2723,Pendente,
2026-07-21,306,AN320-3,C,BABR,2709,Pendente,
2026-07-21,307,2613419-1,C,BABR,2709,Pendente,
2026-07-21,308,AN565B428H4,C,BABR,2709,Pendente,
2026-07-21,309,2662007-4,C,BABR,2709,Pendente,
2026-07-21,310,2662022-1,C,BABR,2709,Pendente,
2026-07-21,311,AN315-3L,C,BABR,2709,Pendente,
2026-07-21,312,B145-78-7,C,BABR,2709,Pendente,
2026-07-21,313,AS5174D1210,C,BAMN,2732,Pendente,
2026-07-21,314,MS24392-10,C,BAMN,2732,Pendente,
2026-07-21,315,An4-17,C,BANT,2729,Pendente,
2026-07-21,316,S1450-6B12-032,C,BANT,2729,Pendente,
2026-07-21,317,065-0059-01,C,BANT,2722,Pendente,
2026-07-21,318,065-0059-01,C,BANT,2708,Pendente,
2026-07-21,319,050-1518-00,C,BANT,2719,Pendente,
2026-07-21,320,MS21025-24,C,BANT,2729,Pendente,
2026-07-21,321,S51-14,C,BANT,2703,Pendente,
2026-07-21,322,065-0042-03,C,BANT,2719,Pendente,
2026-07-21,323,A1639-32,C,CLA,2723,Pendente,
2026-07-21,324,B-5096,C,CLA,2723,Pendente,
2026-07-21,325,A1633-72,C,CLA,2723,Pendente,
2026-07-21,326,S3326-2RX,R,BACO,2743,Pendente,
2026-07-21,327,799-1,R,BACO,2743,Pendente,
2026-07-21,328,060-0017-00,R,BANT,2703,Pendente,
2026-07-21,329,060-0017-00,R,BANT,2708,Pendente,
2026-07-21,330,4002HS,C,BABR,2709,Pendente,
2026-07-21,331,83-0057,C,BACG,2727,Pendente,
2026-07-21,332,060-0015-00,C,BANT,2729,Pendente,
2026-07-21,333,065-0042-15,C,BANT,2702,Pendente,
2026-07-21,334,99-223-6B23284,C,BANT,2702,Pendente,
2026-07-21,335,065-0042-15,C,BANT,2703,Pendente,
2026-07-21,336,2610014-1,C,BANT,2719,Pendente,
2026-07-21,337,NAS464P4A10,C,BANT,2719,Pendente,
2026-07-21,338,A4513-1,C,BANT,2729,Pendente,
2026-07-21,339,S1104-3,C,BANT,2719,Pendente,
2026-07-21,340,011-00870-00,R,BAMN,2730,Pendente,
2026-07-21,341,MS3116F8-3S,C,BANT,2729,Pendente,
2026-07-22,1,302-039-402,C,BABV,2741,Pendente,
2026-07-22,2,302-039-402,C,BAMN,2740,Pendente,
2026-07-22,3,065-0065-01,T,BANT,2719,Pendente,
2026-07-22,4,NAS1739B4-6,C,BABE,2731,Desconsiderado,
2026-07-22,5,CR2248-4-4,C,BABE,2731,Desconsiderado,
2026-07-22,6,NAS1097AD6-5,C,BABE,2731,Desconsiderado,
2026-07-22,7,NAS1097AD6-4,C,BABE,2731,Desconsiderado,
2026-07-22,8,NAS1097AD5-4,C,BABE,2731,Desconsiderado,
2026-07-22,9,NAS1097AD5-7,C,BABE,2731,Desconsiderado,
2026-07-22,10,NAS1097AD4-3,C,BABE,2731,Desconsiderado,
2026-07-22,11,NAS1097AD3-7,C,BABE,2731,Desconsiderado,
2026-07-22,12,5934PAD-3,R,BABE,2739,Pendente,
2026-07-22,13,068-02800,C,BANT,2722,Pendente,
2026-07-22,14,RA068-02800,C,BANT,2722,Pendente,
2026-07-22,15,MS21442-121,C,BABR,2709,Pendente,
2026-07-22,16,523919,C,BABR,2709,Pendente,
2026-07-22,17,065-0042-03,R,BANT,2722,OK,
2026-07-22,18,AE3663163K0600,C,BANT,2728,Pendente,
2026-07-22,19,MS21044N9,C,BANT,2728 e 2719,Pendente,
2026-07-22,20,MS21044N9,C,BANT,2729,OK,
2026-07-22,21,C145-00-46,C,BABR,2709,OK,
2026-07-22,22,62800-001,T,BABR,2709,OK,
2026-07-22,23,065-0042-15,R,BASM,2708,Pendente,
2026-07-22,24,S3326-2,R,BAMN,*,Pendente,
2026-07-22,25,MS29513-338,C,BANT,2719,Pendente,
2026-07-22,26,030-18200,R,BAMN,2732,OK,
2026-07-22,27,9864054-7,C,BAMN,2740,Pendente,
2026-07-22,28,2606015-2,R,BABR,2720,Pendente,
2026-07-22,29,76-207-12,C,BAMN,2740,Pendente,
2026-07-22,30,MS20007-30,C,BABE,2733,OK,
2026-07-22,31,MS20007-16,C,BABE,2733,Pendente,
2026-07-22,32,B-5121,C,EEAR,2703,OK,
2026-07-22,33,C668050-1104,C,BABR,2709,Pendente,
2026-07-22,34,431-0101-01,C,BABR,2709,OK,
2026-07-22,35,2650026-3,C,BABR,2709,OK,
2026-07-22,36,S2300-12,C,BABR,2709,OK,
2026-07-22,37,S2357-1,C,BABR,2709,OK,
2026-07-22,38,2N6576,C,BABR,2709,OK,
2026-07-22,39,22827-3,C,BABR,2709,OK,
2026-07-22,40,068-02800,C,BABR,2709,Pendente,
2026-07-22,41,2N6576,C,BABR,2709,OK,
2026-07-22,42,060-0015-00,R,BABR,2709,Pendente,
2026-07-22,43,066-4010-10,R,BABR,2709,OK,
2026-07-22,44,011-01020-10,R,BAMN,2740,Pendente,
2026-07-22,45,CM2990-G1,C,BABR,2709,Pendente,
2026-07-22,46,C262023-0107,C,CLA,2723,OK,
2026-07-22,47,2126001-1,C,BAMN,2737,Pendente,
2026-07-22,48,2612035-1,C,BANT,2722,Pendente,
2026-07-22,49,2641012-15,R,BANT,2728,Pendente,
2026-07-22,50,DD2W,C,BACO,2743,Pendente,
2026-07-22,51,S3100-581,C,BAMN,2737,Pendente,
2026-07-22,52,GF5500-81,C,BAMN,2736,Pendente,
2026-07-22,53,088-01132-0002,C,BANT,2728,Pendente,
2026-07-22,54,2641012-14,R,BANT,2719,Pendente,
2026-07-22,55,2641012-9,R,BANT,2719,Pendente,
2026-07-22,56,52283,C,BANT,2719,Pendente,
2026-07-22,57,AE3663162E0120,C,BANT,2723,Pendente,
2026-07-22,58,EA-5175-52-CES,R,BANT,2728,OK,
2026-07-22,59,S3100-630,C,BAMN,2737,Pendente,
2026-07-22,60,2660001-107,C,BANT,2719,Pendente,
2026-07-22,61,2660057-1,C,BANT,2719,Pendente,
2026-07-22,62,2660057-1,C,BANT,2728,Pendente,
2026-07-22,63,A-A-55487-5,C,BANT,2719,Pendente,
2026-07-22,64,S2319-64,C,BACO,2743,Pendente,
2026-07-22,65,060-0017-00,R,BANT,2708,Pendente,
2026-07-22,66,MS3456W12S3S,C,BABR,2709,Pendente,
2026-07-22,67,2682001-1,T,BABE/BANT,2739,OK,
2026-07-22,68,MS3509-28,C,BACG,2727,Pendente,
2026-07-22,69,S2899L0.5,C,BACG,2727,Pendente,
2026-07-22,70,1U149-015-15,R,BACO,2743,Pendente,
2026-07-22,71,AN6289J5,C,BABR,2709,Pendente,
2026-07-22,72,MS17825-3,C,BANT,2728,Pendente,
2026-07-22,73,MS17826-3,C,BANT,2728,Pendente,
2026-07-22,74,200-1902-00,C,BAMN,2736,Pendente,
2026-07-22,75,161-12800,R,BANT,2722 / 2728,Pendente,
2026-07-22,76,162-11800,R,BANT,2722 / 2728,Pendente,
2026-07-22,77,161-11700,R,BANT,2722 / 2728,Pendente,
2026-07-22,78,162-10700,R,BANT,2722 / 2728,Pendente,
2026-07-22,79,CI105-9,C,BANT,2722 / 2728,Pendente,
2026-07-22,80,S2669-1,C,BAMN,2738,Pendente,
2026-07-22,81,MS24694-S54,C,DACTA II,2742,Pendente,
2026-07-22,82,NAS1741-06R8,C,BANT,2722,Pendente,
2026-07-22,83,MS24693-S48,C,BANT,2722,Pendente,
2026-07-22,84,071-1242-06,R,CLA,2723,Pendente,
2026-07-22,85,066-3046-01,R,CLA,2723,Pendente,
2026-07-22,86,C661064-0237,R,BABR,2709,Pendente,
2026-07-22,87,76-207-12,C,BABE,2733,Pendente,
2026-07-22,88,071-1242-06,R,BABR,2709,Pendente,
2026-07-22,89,065-0060-01,R,BANT,2722,Pendente,
2026-07-22,91,069-1025-25,R,BACG,2727,Pendente,
2026-07-22,92,066-3084-32,R,BABR,2709,OK,
2026-07-22,93,SD5H14S6667,R,DACTA II,2742,Pendente,
2026-07-22,94,AN4H3A,C,BACO,2743,Pendente,
2026-07-22,95,2615140-2,C,BACO,2743,Pendente,
2026-07-22,96,430-00032-10,C,BABR,2720,Pendente,
2026-07-22,97,MS24392-10,C,BAMN,2741,OK,
2026-07-22,98,9910586-4,R,BAMN,2740,Pendente,
2026-07-22,99,025323-150,R,BABR,2720,Pendente,
2026-07-22,100,011-00916-00,R,BABE,2739,Pendente,
2026-07-22,101,F222086,C,BABR,2720,Pendente,
2026-07-22,102,4626,C,BACG,2727.0,Pendente,
2026-07-22,103,2601040-3,C,BACG,2727.0,Pendente,
2026-07-22,104,345-6196-04,C,BABE,2733.0,Pendente,
2026-07-22,105,200-01902-0000,C,BAMN,2738,Pendente,
2026-07-22,106,9864054-7,C,BAMN,2738,Pendente,
2026-07-22,107,MS28773-05,C,BABR,2720,Pendente,
2026-07-22,108,MS28773-05,C,BABE,2733,Pendente,
2026-07-22,109,2606015-3,R,BABR,2720,Pendente,
2026-07-22,110,C662041-0102,R,BABR,2720,Pendente,
2026-07-22,111,069-01033-0101,R,BANT,2722,OK,
2026-07-22,112,51539-012N,R,BANT,2719.0,Pendente,
2026-07-22,113,2671000PB1,C,BACG,2727,Pendente,
2026-07-22,114,580-219-154,C,BACO,2743,Pendente,
2026-07-22,115,2650085-15,C,BACO,2743,Pendente,
2026-07-22,116,2652021-80,C,BACO,2743,Pendente,
2026-07-22,117,SL6015-5,C,BACO,2743,Pendente,
2026-07-22,118,MS25171-1S,C,BACO,2743,Pendente,
2026-07-22,119,C-145-450,C,BAMN,2732,Pendente,
2026-07-22,120,K00-00351-00,C,BAMN,2740,Pendente,
2026-07-22,121,9910085-2,R,BANT,2728,Pendente,
2026-07-22,122,D210507,R,BANT,2728,Pendente,
2026-07-22,123,RV05-268,C,BANT,2719,Pendente,
2026-07-22,124,RV05-268,C,BANT,2728,Pendente,
2026-07-22,125,5040033933,R,BABR,2709,Pendente,
2026-07-22,126,1U648-001,C,DACTA II,2742,Pendente,
2026-07-22,127,161-12800,R,BABR,2709,Pendente,
2026-07-22,128,162-11800,R,BABR,2709,Pendente,
2026-07-22,129,302-120-402,C,BABR,2709,Pendente,
2026-07-22,130,850C86-2,C,BABR,2709,Pendente,
2026-07-22,131,AN316-4R,C,BABR,2709,Pendente,
2026-07-22,132,C668540-0102,C,EPCAR,2702,Pendente,
2026-07-22,133,MS20392-1C11,C,BAMN,2730,Pendente,
2026-07-22,134,161-11700,R,DACTA II,2742,Pendente,
2026-07-22,135,162-10700,R,DACTA II,2742,Pendente,
2026-07-22,136,AE3663161E0113,C,DACTA II,2742,Pendente,
2026-07-22,137,ST2231-05,C,BANT,2719 / 2728,Pendente,
2026-07-22,138,NAS561P5-12,C,BANT,2719 / 2728,Pendente,
2026-07-22,139,MS20392-1C11,C,BAMN,2730,Pendente,
2026-07-22,140,2617024-6,C,BABE,2739,Pendente,
2026-07-22,141,P860037,C,BABE,2739,Pendente,
2026-07-22,142,S2655-1,C,BABE,2739,Pendente,
2026-07-22,143,2651022-20-1,R,BABE,2739,Pendente,
2026-07-22,144,AE3663163K0600,C,BABR,2709.0,Pendente,
2026-07-22,145,161-11700,R,BACO,2743,Pendente,
2026-07-22,146,162-10700,R,BACO,2743,Pendente,
2026-07-22,147,2641011-5,R,BACO,2743,Pendente,
2026-07-22,148,C662041-0102,R,BABR,2720,Pendente,
2026-07-22,149,069-01033-0101,R,BABR,2720,Pendente,
2026-07-22,150,S1587-7,C,BABE,2739,Pendente,
2026-07-22,151,161-11700,R,BANT,2719 / 2728,Pendente,
2026-07-22,152,162-10700,R,BANT,2719 / 2728,Pendente,
2026-07-22,153,C352TS,T,DACTA II,2742,OK,
2026-07-22,154,066-3046-07,R,CLA,2723,Pendente,
2026-07-22,155,066-1055-00,R,CLA,2723,Pendente,
2026-07-22,156,065-0041-00,R,CLA,2723,Pendente,
2026-07-22,157,200-01902-0000,C,BABE,2731,Pendente,
2026-07-22,158,AN315C4R,C,BANT,2719,Pendente,
2026-07-22,159,2651024-5,C,BANT,2719,Pendente,
2026-07-22,160,MS20392-2C29,C,BANT,2719,Pendente,
2026-07-22,161,071-1052-00,R,BANT,2728,Pendente,
2026-07-22,162,2651022-20-1,R,BABE,2733,Pendente,
2026-07-22,163,071-1242-06,R,BANT,2728,Pendente,
2026-07-22,164,C661065-0237,R,BANT,2719,Pendente,
2026-07-22,165,2618510-10,T,BANT,2728,Pendente,
2026-07-22,166,071-1242-06,R,BANT,2719,Pendente,
2026-07-22,167,C661030-0301,R,BANT,2719,Pendente,
2026-07-22,168,2651040-2,T,EPCAR,2702,Pendente,
2026-07-22,169,2651022-20-1,T,EPCAR,2702,Pendente,
2026-07-22,170,NAS147-43,C,EPCAR,2702,Pendente,
2026-07-22,171,MS21044N7,C,EPCAR,2702,Pendente,
2026-07-22,172,NAS1149F0732P,C,EPCAR,2702,Pendente,
2026-07-22,173,MS20002C7,C,EPCAR,2702,Pendente,
2026-07-22,174,AN5C12A,C,EPCAR,2702,Pendente,
2026-07-22,175,NAS1149C0563R,C,EPCAR,2702,Pendente,
2026-07-22,176,S1450-5H16-032,C,EPCAR,2702,Pendente,
2026-07-22,177,MS21042L5,C,EPCAR,2702,Pendente,
2026-07-22,178,MS20007-16,C,EPCAR,2702,Pendente,
2026-07-22,179,C352TS,T,BACO,2743,OK,
2026-07-22,180,060-0015-00,R,BANT,2721,Pendente,
2026-07-22,181,065-0030-00,R,BANT,2728,Pendente,
2026-07-22,182,066-3060-00,R,BANT,2708 / 2721,Pendente,
2026-07-22,183,C598505-0303,R,BANT,2728,Pendente,
2026-07-22,184,2606016-17,C,BABR,2720,Pendente,
2026-07-22,185,2606016-17,C,BABR,2720,Pendente,
2026-07-22,186,DCN4-5407,C,BABR,2720,Pendente,
2026-07-22,187,NAS147-97,C,EPCAR,2702,Pendente,
2026-07-22,188,NAS147-84,C,EPCAR,2702,Pendente,
2026-07-22,189,AN363-720,C,EPCAR,2702,Pendente,
2026-07-22,190,MS20007-68,C,EPCAR,2702,Pendente,
2026-07-22,191,9910333-1,C,EPCAR,2702,Pendente,
2026-07-22,192,S3461-64,C,EPCAR,2702,Pendente,
2026-07-22,193,AN310C8,C,EPCAR,2702,Pendente,
2026-07-22,194,AN310C8,C,EPCAR,2702,Pendente,
2026-07-22,195,S3465-2-0160,C,BAMN,2737,Pendente,
2026-07-22,196,069-1025-25,R,CLA,2723,Pendente,
2026-07-22,197,069-01033-0101,R,BABR,2720,Pendente,
2026-07-22,198,901207K1,C,BABE,2739,Pendente,
2026-07-22,199,3240572,C,BABE,2739,Pendente,
2026-07-22,200,AE3663162E0120,C,BANT,2703,Pendente,
2026-07-22,201,AN924-3D,C,BACG,2727,Pendente,
2026-07-22,202,MS28778-3,C,BACG,2727,Pendente,
2026-07-22,203,C661065-0237,R,BABR,2721,Pendente,
2026-07-22,204,9910338-4,R,BABR,2721,Pendente,
2026-07-22,205,2643100-206,R,BANT,2719,Pendente,
2026-07-22,206,2618510-10,T,BANT,2719,Pendente,
2026-07-22,207,066-3084-32,R,BANT,2719,Pendente,
2026-07-22,208,3014226,C,BANT,2719,Pendente,
2026-07-22,209,S1450-4S10-032,C,BANT,2719,Pendente,
2026-07-22,210,MS27975-2,C,BANT,2719,Pendente,
2026-07-22,211,S1021Z8-8,C,BANT,2719,Pendente,
2026-07-22,212,R581559,C,BANT,2719,Pendente,
2026-07-22,213,R581559,C,BANT,2719,Pendente,
2026-07-22,214,R581559,C,BANT,2719,Pendente,
2026-07-22,215,C145-00-46,C,BAMN,2732,Pendente,
2026-07-22,216,U554426,C,BABE,2739,Pendente,
2026-07-22,217,2653019-1,C,BABR,2721,Pendente,
2026-07-22,218,MS35426-27,C,BABR,2721,Pendente,
2026-07-22,219,S1741-1,C,BABR,2721,Pendente,
2026-07-22,220,A1633-72,C,BACO,2742,Pendente,
2026-07-22,221,A1639-32,C,BACO,2742,Pendente,
2026-07-22,222,AN363-720,C,BACO,2742,Pendente,
2026-07-22,223,AS3209-016,C,BACO,2742,Pendente,
2026-07-22,224,DCN4-3807,C,BACO,2742,Pendente,
2026-07-22,225,MS20002C7,C,BACO,2742,Pendente,
2026-07-22,226,MS20007-68,C,BACO,2742,Pendente,
2026-07-22,227,MS28773-05,C,BACO,2742,Pendente,
2026-07-22,228,MS28775-022,C,BACO,2742,Pendente,
2026-07-22,229,MS28778-4,C,BACO,2742,Pendente,
2026-07-22,230,MS29512-08,C,BACO,2742,Pendente,
2026-07-22,231,NAS1149C0763R,C,BACO,2742,Pendente,
2026-07-22,232,NAS147-84,C,BACO,2742,Pendente,
2026-07-22,233,NAS147-97,C,BACO,2742,Pendente,
2026-07-22,234,C598505-0304,C,BANT,FROTA,Pendente,
2026-07-22,235,C598505-0304,C,BANT,FROTA,Pendente,
2026-07-22,236,C598505-0303,C,BANT,FROTA,Pendente,
2026-07-22,237,C598505-0303,C,BANT,FROTA,Pendente,
2026-07-22,238,70-22-01,C,BANT,FROTA,Pendente,
2026-07-22,239,70-22-01,C,BANT,FROTA,Pendente,
2026-07-22,240,066-01141-5101,R,BANT,FROTA,Pendente,
2026-07-22,241,MS35206-247,C,BANT,FROTA,Pendente,
2026-07-22,242,065-0042-15,R,BANT,FROTA,Pendente,
2026-07-22,243,C662041-0102,R,BANT,FROTA,Pendente,
2026-07-22,244,011-00412-00,R,BANT,FROTA,Pendente,
2026-07-22,245,3014227,C,BANT,FROTA,Pendente,
2026-07-22,246,A1633-72,C,BANT,FROTA,Pendente,
2026-07-22,247,066-3084-32,R,BANT,FROTA,Pendente,
2026-07-22,248,AE3663724G0330,C,BANT,FROTA,Pendente,
2026-07-22,249,0541140-1,C,BACG,2727,Pendente,
2026-07-22,250,644-04303416,C,BANT,2719,Pendente,
2026-07-22,251,C668050-1108,C,BABR,2721,Pendente,
2026-07-22,252,2641012-14,T,BABE,2731,Pendente,
2026-07-22,253,S2495-12B0600,C,BACG,2727,Pendente,
2026-07-22,254,2641014-9,T,BABE,2731,Pendente,
2026-07-22,255,S1985-1,C,CLA,2723,Pendente,
2026-07-22,256,S1985-1,C,CLA,2723,Pendente,
2026-07-22,257,200SGL153Q,R,BACO,2743,OK,
2026-07-22,258,9910338-8RX,R,BABR,2721,Pendente,
2026-07-22,259,162-11800,R,BANT,2703,Pendente,
2026-07-22,260,200SGL119Q-2,R,BANT,2722,OK,
2026-07-22,261,2641011-5,T,BANT,2719,Pendente,
2026-07-22,262,452-0133,T,BANT,2728,Pendente,
2026-07-22,263,C352TS,R,BANT,2728,OK,
2026-07-22,264,S3326-2,R,BABE,2731,Pendente,
2026-07-22,265,S2502-3,C,BABE,2731,Pendente,
2026-07-22,266,P860037,C,BABE,2733,Pendente,
2026-07-22,267,AE3663231B0160,C,BAMN,2736 / 2738 / 2741,Pendente,
2026-07-22,268,8210-002-01,R,BABR,2721,Pendente,
2026-07-22,269,DCN4-3807,C,BABR,2721,Pendente,
2026-07-22,270,MS28773-05,C,BABR,2721,Pendente,
2026-07-22,271,1215073-28,C,BABR,2721,Pendente,
2026-07-22,272,9910573-21,C,BABR,2721,Pendente,
2026-07-22,273,3121248-03,R,BABR,2721,Pendente,
2026-07-22,274,5040033933,R,BABR,2709,Pendente,
2026-07-22,275,R581559,C,BABR,2709,Pendente,
2026-07-22,276,S3413-104,C,BABR,2709,Pendente,
2026-07-22,277,S3413-105,C,BABR,2709,Pendente,
2026-07-22,278,S3413-107,C,BABR,2709,Pendente,
2026-07-22,279,S3413-109,C,BABR,2709,Pendente,
2026-07-22,280,S3413-110,C,BABR,2709,Pendente,
2026-07-22,281,S2319-64,C,BABR,2709,Pendente,
2026-07-22,282,S2319-50,C,BABR,2709,Pendente,
2026-07-22,283,B4864,C,BABR,2709,Pendente,
2026-07-22,284,B4940-1,C,BABR,2709,Pendente,
2026-07-22,285,B4940-2,C,BABR,2709,Pendente,
2026-07-22,286,2654012-2,C,BABR,2709,Pendente,
2026-07-22,287,5111602-16,C,BABE,2731,Pendente,
2026-07-22,288,2641032-202,C,BAMN,2741,Pendente,
2026-07-22,289,850C86-2,C,BABR,2709,Pendente,
2026-07-22,290,302-120-402,C,BABR,2709,Pendente,
2026-07-22,291,MS28778-3,C,BAMN,2736,Pendente,
2026-07-22,292,AE3663161E0113,C,BAMN,2736,Pendente,
2026-07-22,293,1414116-7,C,BABE,2739,Pendente,
2026-07-22,294,S1985-1,C,BANT,2708,Pendente,
2026-07-22,295,2270030-12,C,BANT,2708,Pendente,
2026-07-22,296,066-4010-12,R,BANT,2708,Pendente,
2026-07-22,297,3034792,R,DACTA II,2742,Pendente,
2026-07-22,298,3024973,C,DACTA II,2742,Pendente,
2026-07-22,299,M83461/1-012,C,DACTA II,2742,Pendente,
2026-07-22,300,3039937,C,DACTA II,2742,Pendente,
2026-07-22,301,3014227,C,DACTA II,2742,Pendente,
2026-07-22,302,C668050-1108,C,BABE,2723,Pendente,
2026-07-22,303,2522275-1,C,BABE,2723,Pendente,
2026-07-22,304,S2870-1,C,BABE,2723,Pendente,
2026-07-22,305,NSL 1422 B2,C,BABE,2723,Pendente,
2026-07-22,306,AN320-3,C,BABR,2709,Pendente,
2026-07-22,307,2613419-1,C,BABR,2709,Pendente,
2026-07-22,308,AN565B428H4,C,BABR,2709,Pendente,
2026-07-22,309,2662007-4,C,BABR,2709,Pendente,
2026-07-22,310,2662022-1,C,BABR,2709,Pendente,
2026-07-22,311,AN315-3L,C,BABR,2709,Pendente,
2026-07-22,312,B145-78-7,C,BABR,2709,Pendente,
2026-07-22,313,AS5174D1210,C,BAMN,2732,Pendente,
2026-07-22,314,MS24392-10,C,BAMN,2732,Pendente,
2026-07-22,315,An4-17,C,BANT,2729,Pendente,
2026-07-22,316,S1450-6B12-032,C,BANT,2729,Pendente,
2026-07-22,317,065-0059-01,C,BANT,2722,Pendente,
2026-07-22,318,065-0059-01,C,BANT,2708,Pendente,
2026-07-22,319,050-1518-00,C,BANT,2719,Pendente,
2026-07-22,320,MS21025-24,C,BANT,2729,Pendente,
2026-07-22,321,S51-14,C,BANT,2703,Pendente,
2026-07-22,322,065-0042-03,C,BANT,2719,Pendente,
2026-07-22,323,A1639-32,C,CLA,2723,Pendente,
2026-07-22,324,B-5096,C,CLA,2723,Pendente,
2026-07-22,325,A1633-72,C,CLA,2723,Pendente,
2026-07-22,326,S3326-2RX,R,BACO,2743,Pendente,
2026-07-22,327,799-1,R,BACO,2743,Pendente,
2026-07-22,328,060-0017-00,R,BANT,2703,Pendente,
2026-07-22,329,060-0017-00,R,BANT,2708,Pendente,
2026-07-22,330,4002HS,C,BABR,2709,Pendente,
2026-07-22,331,83-0057,C,BACG,2727,Pendente,
2026-07-22,332,060-0015-00,C,BANT,2729,Pendente,
2026-07-22,333,065-0042-15,C,BANT,2702,Pendente,
2026-07-22,334,99-223-6B23284,C,BANT,2702,Pendente,
2026-07-22,335,065-0042-15,C,BANT,2703,Pendente,
2026-07-22,336,2610014-1,C,BANT,2719,Pendente,
2026-07-22,337,NAS464P4A10,C,BANT,2719,Pendente,
2026-07-22,338,A4513-1,C,BANT,2729,Pendente,
2026-07-22,339,S1104-3,C,BANT,2719,Pendente,
2026-07-22,340,011-00870-00,R,BAMN,2730,Pendente,
2026-07-22,341,MS3116F8-3S,C,BANT,2729,Pendente,
2026-07-23,1,302-039-402,C,BABV,2741,Pendente,1.0
2026-07-23,2,302-039-402,C,BAMN,2740,Pendente,1.0
2026-07-23,3,065-0065-01,T,BANT,2719,Pendente,1.0
2026-07-23,4,NAS1739B4-6,C,BABE,2731,Desconsiderado,100.0
2026-07-23,5,CR2248-4-4,C,BABE,2731,Desconsiderado,100.0
2026-07-23,6,NAS1097AD6-5,C,BABE,2731,Desconsiderado,500.0
2026-07-23,7,NAS1097AD6-4,C,BABE,2731,Desconsiderado,100.0
2026-07-23,8,NAS1097AD5-4,C,BABE,2731,Desconsiderado,1.0
2026-07-23,9,NAS1097AD5-7,C,BABE,2731,Desconsiderado,1.0
2026-07-23,10,NAS1097AD4-3,C,BABE,2731,Desconsiderado,1.0
2026-07-23,11,NAS1097AD3-7,C,BABE,2731,Desconsiderado,50.0
2026-07-23,12,5934PAD-3,R,BABE,2739,Pendente,1.0
2026-07-23,13,068-02800,C,BANT,2722,Pendente,1.0
2026-07-23,14,RA068-02800,C,BANT,2722,Pendente,1.0
2026-07-23,15,MS21442-121,C,BABR,2709,Pendente,2.0
2026-07-23,16,523919,C,BABR,2709,Pendente,2.0
2026-07-23,17,065-0042-03,R,BANT,2722,OK,1.0
2026-07-23,18,AE3663163K0600,C,BANT,2728,Pendente,1.0
2026-07-23,19,MS21044N9,C,BANT,2728 e 2719,Pendente,16.0
2026-07-23,20,MS21044N9,C,BANT,2729,OK,8.0
2026-07-23,21,C145-00-46,C,BABR,2709,OK,1.0
2026-07-23,22,62800-001,T,BABR,2709,OK,1.0
2026-07-23,23,065-0042-15,R,BASM,2708,Pendente,1.0
2026-07-23,24,S3326-2,R,BAMN,*,Pendente,1.0
2026-07-23,25,MS29513-338,C,BANT,2719,Pendente,4.0
2026-07-23,26,030-18200,R,BAMN,2732,OK,1.0
2026-07-23,27,9864054-7,C,BAMN,2740,Pendente,1.0
2026-07-23,28,2606015-2,R,BABR,2720,Pendente,1.0
2026-07-23,29,76-207-12,C,BAMN,2740,Pendente,1.0
2026-07-23,30,MS20007-30,C,BABE,2733,OK,2.0
2026-07-23,31,MS20007-16,C,BABE,2733,Pendente,2.0
2026-07-23,32,B-5121,C,EEAR,2703,OK,1.0
2026-07-23,33,C668050-1104,C,BABR,2709,Pendente,1.0
2026-07-23,34,431-0101-01,C,BABR,2709,OK,1.0
2026-07-23,35,2650026-3,C,BABR,2709,OK,2.0
2026-07-23,36,S2300-12,C,BABR,2709,OK,3.0
2026-07-23,37,S2357-1,C,BABR,2709,OK,10.0
2026-07-23,38,2N6576,C,BABR,2709,OK,3.0
2026-07-23,39,22827-3,C,BABR,2709,OK,10.0
2026-07-23,40,068-02800,C,BABR,2709,Pendente,2.0
2026-07-23,41,2N6576,C,BABR,2709,OK,2.0
2026-07-23,42,060-0015-00,R,BABR,2709,Pendente,1.0
2026-07-23,43,066-4010-10,R,BABR,2709,OK,1.0
2026-07-23,44,011-01020-10,R,BAMN,2740,Pendente,1.0
2026-07-23,45,CM2990-G1,C,BABR,2709,Pendente,4.0
2026-07-23,46,C262023-0107,C,CLA,2723,OK,2.0
2026-07-23,47,2126001-1,C,BAMN,2737,Pendente,1.0
2026-07-23,48,2612035-1,C,BANT,2722,Pendente,1.0
2026-07-23,49,2641012-15,R,BANT,2728,Pendente,1.0
2026-07-23,50,DD2W,C,BACO,2743,Pendente,10.0
2026-07-23,51,S3100-581,C,BAMN,2737,Pendente,1.0
2026-07-23,52,GF5500-81,C,BAMN,2736,Pendente,1.0
2026-07-23,53,088-01132-0002,C,BANT,2728,Pendente,1.0
2026-07-23,54,2641012-14,R,BANT,2719,Pendente,1.0
2026-07-23,55,2641012-9,R,BANT,2719,Pendente,1.0
2026-07-23,56,52283,C,BANT,2719,Pendente,2.0
2026-07-23,57,AE3663162E0120,C,BANT,2723,Pendente,1.0
2026-07-23,58,EA-5175-52-CES,R,BANT,2728,OK,1.0
2026-07-23,59,S3100-630,C,BAMN,2737,Pendente,1.0
2026-07-23,60,2660001-107,C,BANT,2719,Pendente,1.0
2026-07-23,61,2660057-1,C,BANT,2719,Pendente,2.0
2026-07-23,62,2660057-1,C,BANT,2728,Pendente,2.0
2026-07-23,63,A-A-55487-5,C,BANT,2719,Pendente,8.0
2026-07-23,64,S2319-64,C,BACO,2743,Pendente,40.0
2026-07-23,65,060-0017-00,R,BANT,2708,Pendente,1.0
2026-07-23,66,MS3456W12S3S,C,BABR,2709,Pendente,2.0
2026-07-23,67,2682001-1,T,BABE/BANT,2739,OK,1.0
2026-07-23,68,MS3509-28,C,BACG,2727,Pendente,2.0
2026-07-23,69,S2899L0.5,C,BACG,2727,Pendente,1.0
2026-07-23,70,1U149-015-15,R,BACO,2743,Pendente,1.0
2026-07-23,71,AN6289J5,C,BABR,2709,Pendente,2.0
2026-07-23,72,MS17825-3,C,BANT,2728,Pendente,2.0
2026-07-23,73,MS17826-3,C,BANT,2728,Pendente,2.0
2026-07-23,74,200-1902-00,C,BAMN,2736,Pendente,2.0
2026-07-23,75,161-12800,R,BANT,2722 / 2728,Pendente,1.0
2026-07-23,76,162-11800,R,BANT,2722 / 2728,Pendente,3.0
2026-07-23,77,161-11700,R,BANT,2722 / 2728,Pendente,1.0
2026-07-23,78,162-10700,R,BANT,2722 / 2728,Pendente,1.0
2026-07-23,79,CI105-9,C,BANT,2722 / 2728,Pendente,1.0
2026-07-23,80,S2669-1,C,BAMN,2738,Pendente,1.0
2026-07-23,81,MS24694-S54,C,DACTA II,2742,Pendente,1.0
2026-07-23,82,NAS1741-06R8,C,BANT,2722,Pendente,10.0
2026-07-23,83,MS24693-S48,C,BANT,2722,Pendente,50.0
2026-07-23,84,071-1242-06,R,CLA,2723,Pendente,1.0
2026-07-23,85,066-3046-01,R,CLA,2723,Pendente,1.0
2026-07-23,86,C661064-0237,R,BABR,2709,Pendente,1.0
2026-07-23,87,76-207-12,C,BABE,2733,Pendente,1.0
2026-07-23,88,071-1242-06,R,BABR,2709,Pendente,1.0
2026-07-23,89,065-0060-01,R,BANT,2722,Pendente,1.0
2026-07-23,91,069-1025-25,R,BACG,2727,Pendente,1.0
2026-07-23,92,066-3084-32,R,BABR,2709,OK,1.0
2026-07-23,93,SD5H14S6667,R,DACTA II,2742,Pendente,1.0
2026-07-23,94,AN4H3A,C,BACO,2743,Pendente,1.0
2026-07-23,95,2615140-2,C,BACO,2743,Pendente,1.0
2026-07-23,96,430-00032-10,C,BABR,2720,Pendente,1.0
2026-07-23,97,MS24392-10,C,BAMN,2741,OK,1.0
2026-07-23,98,9910586-4,R,BAMN,2740,Pendente,1.0
2026-07-23,99,025323-150,R,BABR,2720,Pendente,1.0
2026-07-23,100,011-00916-00,R,BABE,2739,Pendente,1.0
2026-07-23,101,F222086,C,BABR,2720,Pendente,1.0
2026-07-23,102,4626,C,BACG,2727.0,Pendente,1.0
2026-07-23,103,2601040-3,C,BACG,2727.0,Pendente,1.0
2026-07-23,104,345-6196-04,C,BABE,2733.0,Pendente,1.0
2026-07-23,105,200-01902-0000,C,BAMN,2738,Pendente,1.0
2026-07-23,106,9864054-7,C,BAMN,2738,Pendente,1.0
2026-07-23,107,MS28773-05,C,BABR,2720,Pendente,1.0
2026-07-23,108,MS28773-05,C,BABE,2733,Pendente,1.0
2026-07-23,109,2606015-3,R,BABR,2720,Pendente,1.0
2026-07-23,110,C662041-0102,R,BABR,2720,Pendente,1.0
2026-07-23,111,069-01033-0101,R,BANT,2722,OK,1.0
2026-07-23,112,51539-012N,R,BANT,2719.0,Pendente,1.0
2026-07-23,113,2671000PB1,C,BACG,2727,Pendente,1.0
2026-07-23,114,580-219-154,C,BACO,2743,Pendente,1.0
2026-07-23,115,2650085-15,C,BACO,2743,Pendente,1.0
2026-07-23,116,2652021-80,C,BACO,2743,Pendente,2.0
2026-07-23,117,SL6015-5,C,BACO,2743,Pendente,2.0
2026-07-23,118,MS25171-1S,C,BACO,2743,Pendente,10.0
2026-07-23,119,C-145-450,C,BAMN,2732,Pendente,1.0
2026-07-23,120,K00-00351-00,C,BAMN,2740,Pendente,3.0
2026-07-23,121,9910085-2,R,BANT,2728,Pendente,1.0
2026-07-23,122,D210507,R,BANT,2728,Pendente,1.0
2026-07-23,123,RV05-268,C,BANT,2719,Pendente,1.0
2026-07-23,124,RV05-268,C,BANT,2728,Pendente,1.0
2026-07-23,125,5040033933,R,BABR,2709,Pendente,1.0
2026-07-23,126,1U648-001,C,DACTA II,2742,Pendente,1.0
2026-07-23,127,161-12800,R,BABR,2709,Pendente,1.0
2026-07-23,128,162-11800,R,BABR,2709,Pendente,1.0
2026-07-23,129,302-120-402,C,BABR,2709,Pendente,1.0
2026-07-23,130,850C86-2,C,BABR,2709,Pendente,1.0
2026-07-23,131,AN316-4R,C,BABR,2709,Pendente,6.0
2026-07-23,132,C668540-0102,C,EPCAR,2702,Pendente,1.0
2026-07-23,133,MS20392-1C11,C,BAMN,2730,Pendente,1.0
2026-07-23,134,161-11700,R,DACTA II,2742,Pendente,1.0
2026-07-23,135,162-10700,R,DACTA II,2742,Pendente,1.0
2026-07-23,136,AE3663161E0113,C,DACTA II,2742,Pendente,1.0
2026-07-23,137,ST2231-05,C,BANT,2719 / 2728,Pendente,10.0
2026-07-23,138,NAS561P5-12,C,BANT,2719 / 2728,Pendente,2.0
2026-07-23,139,MS20392-1C11,C,BAMN,2730,Pendente,1.0
2026-07-23,140,2617024-6,C,BABE,2739,Pendente,1.0
2026-07-23,141,P860037,C,BABE,2739,Pendente,1.0
2026-07-23,142,S2655-1,C,BABE,2739,Pendente,1.0
2026-07-23,143,2651022-20-1,R,BABE,2739,Pendente,1.0
2026-07-23,144,AE3663163K0600,C,BABR,2709.0,Pendente,1.0
2026-07-23,145,161-11700,R,BACO,2743,Pendente,1.0
2026-07-23,146,162-10700,R,BACO,2743,Pendente,1.0
2026-07-23,147,2641011-5,R,BACO,2743,Pendente,2.0
2026-07-23,148,C662041-0102,R,BABR,2720,Pendente,2.0
2026-07-23,149,069-01033-0101,R,BABR,2720,Pendente,1.0
2026-07-23,150,S1587-7,C,BABE,2739,Pendente,1.0
2026-07-23,151,161-11700,R,BANT,2719 / 2728,Pendente,2.0
2026-07-23,152,162-10700,R,BANT,2719 / 2728,Pendente,2.0
2026-07-23,153,C352TS,T,DACTA II,2742,OK,1.0
2026-07-23,154,066-3046-07,R,CLA,2723,Pendente,1.0
2026-07-23,155,066-1055-00,R,CLA,2723,Pendente,1.0
2026-07-23,156,065-0041-00,R,CLA,2723,Pendente,1.0
2026-07-23,157,200-01902-0000,C,BABE,2731,Pendente,1.0
2026-07-23,158,AN315C4R,C,BANT,2719,Pendente,2.0
2026-07-23,159,2651024-5,C,BANT,2719,Pendente,2.0
2026-07-23,160,MS20392-2C29,C,BANT,2719,Pendente,1.0
2026-07-23,161,071-1052-00,R,BANT,2728,Pendente,1.0
2026-07-23,162,2651022-20-1,R,BABE,2733,Pendente,1.0
2026-07-23,163,071-1242-06,R,BANT,2728,Pendente,1.0
2026-07-23,164,C661065-0237,R,BANT,2719,Pendente,1.0
2026-07-23,165,2618510-10,T,BANT,2728,Pendente,1.0
2026-07-23,166,071-1242-06,R,BANT,2719,Pendente,1.0
2026-07-23,167,C661030-0301,R,BANT,2719,Pendente,1.0
2026-07-23,168,2651040-2,T,EPCAR,2702,Pendente,1.0
2026-07-23,169,2651022-20-1,T,EPCAR,2702,Pendente,1.0
2026-07-23,170,NAS147-43,C,EPCAR,2702,Pendente,2.0
2026-07-23,171,MS21044N7,C,EPCAR,2702,Pendente,2.0
2026-07-23,172,NAS1149F0732P,C,EPCAR,2702,Pendente,2.0
2026-07-23,173,MS20002C7,C,EPCAR,2702,Pendente,4.0
2026-07-23,174,AN5C12A,C,EPCAR,2702,Pendente,1.0
2026-07-23,175,NAS1149C0563R,C,EPCAR,2702,Pendente,2.0
2026-07-23,176,S1450-5H16-032,C,EPCAR,2702,Pendente,1.0
2026-07-23,177,MS21042L5,C,EPCAR,2702,Pendente,1.0
2026-07-23,178,MS20007-16,C,EPCAR,2702,Pendente,2.0
2026-07-23,179,C352TS,T,BACO,2743,OK,1.0
2026-07-23,180,060-0015-00,R,BANT,2721,Pendente,1.0
2026-07-23,181,065-0030-00,R,BANT,2728,Pendente,1.0
2026-07-23,182,066-3060-00,R,BANT,2708 / 2721,Pendente,2.0
2026-07-23,183,C598505-0303,R,BANT,2728,Pendente,1.0
2026-07-23,184,2606016-17,C,BABR,2720,Pendente,1.0
2026-07-23,185,2606016-17,C,BABR,2720,Pendente,1.0
2026-07-23,186,DCN4-5407,C,BABR,2720,Pendente,50.0
2026-07-23,187,NAS147-97,C,EPCAR,2702,Pendente,1.0
2026-07-23,188,NAS147-84,C,EPCAR,2702,Pendente,2.0
2026-07-23,189,AN363-720,C,EPCAR,2702,Pendente,4.0
2026-07-23,190,MS20007-68,C,EPCAR,2702,Pendente,1.0
2026-07-23,191,9910333-1,C,EPCAR,2702,Pendente,6.0
2026-07-23,192,S3461-64,C,EPCAR,2702,Pendente,1.0
2026-07-23,193,AN310C8,C,EPCAR,2702,Pendente,3.0
2026-07-23,194,AN310C8,C,EPCAR,2702,Pendente,3.0
2026-07-23,195,S3465-2-0160,C,BAMN,2737,Pendente,1.0
2026-07-23,196,069-1025-25,R,CLA,2723,Pendente,1.0
2026-07-23,197,069-01033-0101,R,BABR,2720,Pendente,1.0
2026-07-23,198,901207K1,C,BABE,2739,Pendente,5.0
2026-07-23,199,3240572,C,BABE,2739,Pendente,2.0
2026-07-23,200,AE3663162E0120,C,BANT,2703,Pendente,2.0
2026-07-23,201,AN924-3D,C,BACG,2727,Pendente,4.0
2026-07-23,202,MS28778-3,C,BACG,2727,Pendente,2.0
2026-07-23,203,C661065-0237,R,BABR,2721,Pendente,1.0
2026-07-23,204,9910338-4,R,BABR,2721,Pendente,1.0
2026-07-23,205,2643100-206,R,BANT,2719,Pendente,1.0
2026-07-23,206,2618510-10,T,BANT,2719,Pendente,1.0
2026-07-23,207,066-3084-32,R,BANT,2719,Pendente,1.0
2026-07-23,208,3014226,C,BANT,2719,Pendente,1.0
2026-07-23,209,S1450-4S10-032,C,BANT,2719,Pendente,2.0
2026-07-23,210,MS27975-2,C,BANT,2719,Pendente,2.0
2026-07-23,211,S1021Z8-8,C,BANT,2719,Pendente,6.0
2026-07-23,212,R581559,C,BANT,2719,Pendente,2.0
2026-07-23,213,R581559,C,BANT,2719,Pendente,1.0
2026-07-23,214,R581559,C,BANT,2719,Pendente,1.0
2026-07-23,215,C145-00-46,C,BAMN,2732,Pendente,1.0
2026-07-23,216,U554426,C,BABE,2739,Pendente,60.0
2026-07-23,217,2653019-1,C,BABR,2721,Pendente,1.0
2026-07-23,218,MS35426-27,C,BABR,2721,Pendente,4.0
2026-07-23,219,S1741-1,C,BABR,2721,Pendente,4.0
2026-07-23,220,A1633-72,C,BACO,2742,Pendente,1.0
2026-07-23,221,A1639-32,C,BACO,2742,Pendente,8.0
2026-07-23,222,AN363-720,C,BACO,2742,Pendente,4.0
2026-07-23,223,AS3209-016,C,BACO,2742,Pendente,1.0
2026-07-23,224,DCN4-3807,C,BACO,2742,Pendente,1.0
2026-07-23,225,MS20002C7,C,BACO,2742,Pendente,4.0
2026-07-23,226,MS20007-68,C,BACO,2742,Pendente,1.0
2026-07-23,227,MS28773-05,C,BACO,2742,Pendente,1.0
2026-07-23,228,MS28775-022,C,BACO,2742,Pendente,1.0
2026-07-23,229,MS28778-4,C,BACO,2742,Pendente,1.0
2026-07-23,230,MS29512-08,C,BACO,2742,Pendente,1.0
2026-07-23,231,NAS1149C0763R,C,BACO,2742,Pendente,4.0
2026-07-23,232,NAS147-84,C,BACO,2742,Pendente,2.0
2026-07-23,233,NAS147-97,C,BACO,2742,Pendente,1.0
2026-07-23,234,C598505-0304,C,BANT,FROTA,Pendente,1.0
2026-07-23,235,C598505-0304,C,BANT,FROTA,Pendente,1.0
2026-07-23,236,C598505-0303,C,BANT,FROTA,Pendente,2.0
2026-07-23,237,C598505-0303,C,BANT,FROTA,Pendente,1.0
2026-07-23,238,70-22-01,C,BANT,FROTA,Pendente,2.0
2026-07-23,239,70-22-01,C,BANT,FROTA,Pendente,2.0
2026-07-23,240,066-01141-5101,R,BANT,FROTA,Pendente,1.0
2026-07-23,241,MS35206-247,C,BANT,FROTA,Pendente,20.0
2026-07-23,242,065-0042-15,R,BANT,FROTA,Pendente,1.0
2026-07-23,243,C662041-0102,R,BANT,FROTA,Pendente,1.0
2026-07-23,244,011-00412-00,R,BANT,FROTA,Pendente,1.0
2026-07-23,245,3014227,C,BANT,FROTA,Pendente,1.0
2026-07-23,246,A1633-72,C,BANT,FROTA,Pendente,1.0
2026-07-23,247,066-3084-32,R,BANT,FROTA,Pendente,1.0
2026-07-23,248,AE3663724G0330,C,BANT,FROTA,Pendente,3.0
2026-07-23,249,0541140-1,C,BACG,2727,Pendente,1.0
2026-07-23,250,644-04303416,C,BANT,2719,Pendente,1.0
2026-07-23,251,C668050-1108,C,BABR,2721,Pendente,1.0
2026-07-23,252,2641012-14,T,BABE,2731,Pendente,1.0
2026-07-23,253,S2495-12B0600,C,BACG,2727,Pendente,1.0
2026-07-23,254,2641014-9,T,BABE,2731,Pendente,1.0
2026-07-23,255,S1985-1,C,CLA,2723,Pendente,1.0
2026-07-23,256,S1985-1,C,CLA,2723,Pendente,1.0
2026-07-23,257,200SGL153Q,R,BACO,2743,OK,1.0
2026-07-23,258,9910338-8RX,R,BABR,2721,Pendente,1.0
2026-07-23,259,162-11800,R,BANT,2703,Pendente,2.0
2026-07-23,260,200SGL119Q-2,R,BANT,2722,OK,1.0
2026-07-23,261,2641011-5,T,BANT,2719,Pendente,1.0
2026-07-23,262,452-0133,T,BANT,2728,Pendente,1.0
2026-07-23,263,C352TS,R,BANT,2728,OK,1.0
2026-07-23,264,S3326-2,R,BABE,2731,Pendente,1.0
2026-07-23,265,S2502-3,C,BABE,2731,Pendente,2.0
2026-07-23,266,P860037,C,BABE,2733,Pendente,2.0
2026-07-23,267,AE3663231B0160,C,BAMN,2736 / 2738 / 2741,Pendente,3.0
2026-07-23,268,8210-002-01,R,BABR,2721,Pendente,1.0
2026-07-23,269,DCN4-3807,C,BABR,2721,Pendente,2.0
2026-07-23,270,MS28773-05,C,BABR,2721,Pendente,2.0
2026-07-23,271,1215073-28,C,BABR,2721,Pendente,2.0
2026-07-23,272,9910573-21,C,BABR,2721,Pendente,1.0
2026-07-23,273,3121248-03,R,BABR,2721,Pendente,1.0
2026-07-23,274,5040033933,R,BABR,2709,Pendente,1.0
2026-07-23,275,R581559,C,BABR,2709,Pendente,4.0
2026-07-23,276,S3413-104,C,BABR,2709,Pendente,10.0
2026-07-23,277,S3413-105,C,BABR,2709,Pendente,10.0
2026-07-23,278,S3413-107,C,BABR,2709,Pendente,10.0
2026-07-23,279,S3413-109,C,BABR,2709,Pendente,5.0
2026-07-23,280,S3413-110,C,BABR,2709,Pendente,10.0
2026-07-23,281,S2319-64,C,BABR,2709,Pendente,50.0
2026-07-23,282,S2319-50,C,BABR,2709,Pendente,50.0
2026-07-23,283,B4864,C,BABR,2709,Pendente,1.0
2026-07-23,284,B4940-1,C,BABR,2709,Pendente,1.0
2026-07-23,285,B4940-2,C,BABR,2709,Pendente,10.0
2026-07-23,286,2654012-2,C,BABR,2709,Pendente,1.0
2026-07-23,287,5111602-16,C,BABE,2731,Pendente,67.0
2026-07-23,288,2641032-202,C,BAMN,2741,Pendente,1.0
2026-07-23,289,850C86-2,C,BABR,2709,Pendente,2.0
2026-07-23,290,302-120-402,C,BABR,2709,Pendente,1.0
2026-07-23,291,MS28778-3,C,BAMN,2736,Pendente,6.0
2026-07-23,292,AE3663161E0113,C,BAMN,2736,Pendente,1.0
2026-07-23,293,1414116-7,C,BABE,2739,Pendente,4.0
2026-07-23,294,S1985-1,C,BANT,2708,Pendente,1.0
2026-07-23,295,2270030-12,C,BANT,2708,Pendente,1.0
2026-07-23,296,066-4010-12,R,BANT,2708,Pendente,1.0
2026-07-23,297,3034792,R,DACTA II,2742,Pendente,1.0
2026-07-23,298,3024973,C,DACTA II,2742,Pendente,1.0
2026-07-23,299,M83461/1-012,C,DACTA II,2742,Pendente,1.0
2026-07-23,300,3039937,C,DACTA II,2742,Pendente,1.0
2026-07-23,301,3014227,C,DACTA II,2742,Pendente,1.0
2026-07-23,302,C668050-1108,C,BABE,2723,Pendente,1.0
2026-07-23,303,2522275-1,C,BABE,2723,Pendente,2.0
2026-07-23,304,S2870-1,C,BABE,2723,Pendente,2.0
2026-07-23,305,NSL 1422 B2,C,BABE,2723,Pendente,6.0
2026-07-23,306,AN320-3,C,BABR,2709,Pendente,4.0
2026-07-23,307,2613419-1,C,BABR,2709,Pendente,1.0
2026-07-23,308,AN565B428H4,C,BABR,2709,Pendente,2.0
2026-07-23,309,2662007-4,C,BABR,2709,Pendente,2.0
2026-07-23,310,2662022-1,C,BABR,2709,Pendente,2.0
2026-07-23,311,AN315-3L,C,BABR,2709,Pendente,2.0
2026-07-23,312,B145-78-7,C,BABR,2709,Pendente,1.0
2026-07-23,313,AS5174D1210,C,BAMN,2732,Pendente,1.0
2026-07-23,314,MS24392-10,C,BAMN,2732,Pendente,1.0
2026-07-23,315,An4-17,C,BANT,2729,Pendente,1.0
2026-07-23,316,S1450-6B12-032,C,BANT,2729,Pendente,2.0
2026-07-23,317,065-0059-01,C,BANT,2722,Pendente,1.0
2026-07-23,318,065-0059-01,C,BANT,2708,Pendente,1.0
2026-07-23,319,050-1518-00,C,BANT,2719,Pendente,1.0
2026-07-23,320,MS21025-24,C,BANT,2729,Pendente,1.0
2026-07-23,321,S51-14,C,BANT,2703,Pendente,1.0
2026-07-23,322,065-0042-03,C,BANT,2719,Pendente,1.0
2026-07-23,323,A1639-32,C,CLA,2723,Pendente,8.0
2026-07-23,324,B-5096,C,CLA,2723,Pendente,8.0
2026-07-23,325,A1633-72,C,CLA,2723,Pendente,2.0
2026-07-23,326,S3326-2RX,R,BACO,2743,Pendente,1.0
2026-07-23,327,799-1,R,BACO,2743,Pendente,1.0
2026-07-23,328,060-0017-00,R,BANT,2703,Pendente,1.0
2026-07-23,329,060-0017-00,R,BANT,2708,Pendente,1.0
2026-07-23,330,4002HS,C,BABR,2709,Pendente,10.0
2026-07-23,331,83-0057,C,BACG,2727,Pendente,1.0
2026-07-23,332,060-0015-00,C,BANT,2729,Pendente,1.0
2026-07-23,333,065-0042-15,C,BANT,2702,Pendente,1.0
2026-07-23,334,99-223-6B23284,C,BANT,2702,Pendente,1.0
2026-07-23,335,065-0042-15,C,BANT,2703,Pendente,1.0
2026-07-23,336,2610014-1,C,BANT,2719,Pendente,1.0
2026-07-23,337,NAS464P4A10,C,BANT,2719,Pendente,5.0
2026-07-23,338,A4513-1,C,BANT,2729,Pendente,1.0
2026-07-23,339,S1104-3,C,BANT,2719,Pendente,1.0
2026-07-23,340,011-00870-00,R,BAMN,2730,Pendente,1.0
2026-07-23,341,MS3116F8-3S,C,BANT,2729,Pendente,1.0
2026-07-23,342,2611024-1,C,BANT,2703,Pendente,2.0
2026-07-23,343,S2527-1,C,BACO,2743,Pendente,2.0
2026-07-23,344,24RB/EWC,C,BACO,2743,Pendente,3.0
2026-07-23,345,1308,C,BACO,2743,Pendente,1.0
2026-07-24,1,302-039-402,C,BABV,2741,Pendente,1.0
2026-07-24,2,302-039-402,C,BAMN,2740,Pendente,1.0
2026-07-24,3,065-0065-01,T,BANT,2719,Pendente,1.0
2026-07-24,4,NAS1739B4-6,C,BABE,2731,Desconsiderado,100.0
2026-07-24,5,CR2248-4-4,C,BABE,2731,Desconsiderado,100.0
2026-07-24,6,NAS1097AD6-5,C,BABE,2731,Desconsiderado,500.0
2026-07-24,7,NAS1097AD6-4,C,BABE,2731,Desconsiderado,100.0
2026-07-24,8,NAS1097AD5-4,C,BABE,2731,Desconsiderado,1.0
2026-07-24,9,NAS1097AD5-7,C,BABE,2731,Desconsiderado,1.0
2026-07-24,10,NAS1097AD4-3,C,BABE,2731,Desconsiderado,1.0
2026-07-24,11,NAS1097AD3-7,C,BABE,2731,Desconsiderado,50.0
2026-07-24,12,5934PAD-3,R,BABE,2739,Pendente,1.0
2026-07-24,13,068-02800,C,BANT,2722,Pendente,1.0
2026-07-24,14,RA068-02800,C,BANT,2722,Pendente,1.0
2026-07-24,15,MS21442-121,C,BABR,2709,Pendente,2.0
2026-07-24,16,523919,C,BABR,2709,Pendente,2.0
2026-07-24,17,065-0042-03,R,BANT,2722,OK,1.0
2026-07-24,18,AE3663163K0600,C,BANT,2728,Pendente,1.0
2026-07-24,19,MS21044N9,C,BANT,2728 e 2719,Pendente,16.0
2026-07-24,20,MS21044N9,C,BANT,2729,OK,8.0
2026-07-24,21,C145-00-46,C,BABR,2709,OK,1.0
2026-07-24,22,62800-001,T,BABR,2709,OK,1.0
2026-07-24,23,065-0042-15,R,BASM,2708,Pendente,1.0
2026-07-24,24,S3326-2,R,BAMN,*,Pendente,1.0
2026-07-24,25,MS29513-338,C,BANT,2719,Pendente,4.0
2026-07-24,26,030-18200,R,BAMN,2732,OK,1.0
2026-07-24,27,9864054-7,C,BAMN,2740,Pendente,1.0
2026-07-24,28,2606015-2,R,BABR,2720,Pendente,1.0
2026-07-24,29,76-207-12,C,BAMN,2740,Pendente,1.0
2026-07-24,30,MS20007-30,C,BABE,2733,OK,2.0
2026-07-24,31,MS20007-16,C,BABE,2733,Pendente,2.0
2026-07-24,32,B-5121,C,EEAR,2703,OK,1.0
2026-07-24,33,C668050-1104,C,BABR,2709,Pendente,1.0
2026-07-24,34,431-0101-01,C,BABR,2709,OK,1.0
2026-07-24,35,2650026-3,C,BABR,2709,OK,2.0
2026-07-24,36,S2300-12,C,BABR,2709,OK,3.0
2026-07-24,37,S2357-1,C,BABR,2709,OK,10.0
2026-07-24,38,2N6576,C,BABR,2709,OK,3.0
2026-07-24,39,22827-3,C,BABR,2709,OK,10.0
2026-07-24,40,068-02800,C,BABR,2709,Pendente,2.0
2026-07-24,41,2N6576,C,BABR,2709,OK,2.0
2026-07-24,42,060-0015-00,R,BABR,2709,Pendente,1.0
2026-07-24,43,066-4010-10,R,BABR,2709,OK,1.0
2026-07-24,44,011-01020-10,R,BAMN,2740,Pendente,1.0
2026-07-24,45,CM2990-G1,C,BABR,2709,Pendente,4.0
2026-07-24,46,C262023-0107,C,CLA,2723,OK,2.0
2026-07-24,47,2126001-1,C,BAMN,2737,Pendente,1.0
2026-07-24,48,2612035-1,C,BANT,2722,Pendente,1.0
2026-07-24,49,2641012-15,R,BANT,2728,Pendente,1.0
2026-07-24,50,DD2W,C,BACO,2743,Pendente,10.0
2026-07-24,51,S3100-581,C,BAMN,2737,Pendente,1.0
2026-07-24,52,GF5500-81,C,BAMN,2736,Pendente,1.0
2026-07-24,53,088-01132-0002,C,BANT,2728,Pendente,1.0
2026-07-24,54,2641012-14,R,BANT,2719,Pendente,1.0
2026-07-24,55,2641012-9,R,BANT,2719,Pendente,1.0
2026-07-24,56,52283,C,BANT,2719,Pendente,2.0
2026-07-24,57,AE3663162E0120,C,BANT,2723,Pendente,1.0
2026-07-24,58,EA-5175-52-CES,R,BANT,2728,OK,1.0
2026-07-24,59,S3100-630,C,BAMN,2737,Pendente,1.0
2026-07-24,60,2660001-107,C,BANT,2719,Pendente,1.0
2026-07-24,61,2660057-1,C,BANT,2719,Pendente,2.0
2026-07-24,62,2660057-1,C,BANT,2728,Pendente,2.0
2026-07-24,63,A-A-55487-5,C,BANT,2719,Pendente,8.0
2026-07-24,64,S2319-64,C,BACO,2743,Pendente,40.0
2026-07-24,65,060-0017-00,R,BANT,2708,Pendente,1.0
2026-07-24,66,MS3456W12S3S,C,BABR,2709,Pendente,2.0
2026-07-24,67,2682001-1,T,BABE/BANT,2739,OK,1.0
2026-07-24,68,MS3509-28,C,BACG,2727,Pendente,2.0
2026-07-24,69,S2899L0.5,C,BACG,2727,Pendente,1.0
2026-07-24,70,1U149-015-15,R,BACO,2743,Pendente,1.0
2026-07-24,71,AN6289J5,C,BABR,2709,Pendente,2.0
2026-07-24,72,MS17825-3,C,BANT,2728,Pendente,2.0
2026-07-24,73,MS17826-3,C,BANT,2728,Pendente,2.0
2026-07-24,74,200-1902-00,C,BAMN,2736,Pendente,2.0
2026-07-24,75,161-12800,R,BANT,2722 / 2728,Pendente,1.0
2026-07-24,76,162-11800,R,BANT,2722 / 2728,Pendente,3.0
2026-07-24,77,161-11700,R,BANT,2722 / 2728,Pendente,1.0
2026-07-24,78,162-10700,R,BANT,2722 / 2728,Pendente,1.0
2026-07-24,79,CI105-9,C,BANT,2722 / 2728,Pendente,1.0
2026-07-24,80,S2669-1,C,BAMN,2738,Pendente,1.0
2026-07-24,81,MS24694-S54,C,DACTA II,2742,Pendente,1.0
2026-07-24,82,NAS1741-06R8,C,BANT,2722,Pendente,10.0
2026-07-24,83,MS24693-S48,C,BANT,2722,Pendente,50.0
2026-07-24,84,071-1242-06,R,CLA,2723,Pendente,1.0
2026-07-24,85,066-3046-01,R,CLA,2723,Pendente,1.0
2026-07-24,86,C661064-0237,R,BABR,2709,Pendente,1.0
2026-07-24,87,76-207-12,C,BABE,2733,Pendente,1.0
2026-07-24,88,071-1242-06,R,BABR,2709,Pendente,1.0
2026-07-24,89,065-0060-01,R,BANT,2722,Pendente,1.0
2026-07-24,91,069-1025-25,R,BACG,2727,Pendente,1.0
2026-07-24,92,066-3084-32,R,BABR,2709,OK,1.0
2026-07-24,93,SD5H14S6667,R,DACTA II,2742,Pendente,1.0
2026-07-24,94,AN4H3A,C,BACO,2743,Pendente,1.0
2026-07-24,95,2615140-2,C,BACO,2743,Pendente,1.0
2026-07-24,96,430-00032-10,C,BABR,2720,Pendente,1.0
2026-07-24,97,MS24392-10,C,BAMN,2741,OK,1.0
2026-07-24,98,9910586-4,R,BAMN,2740,Pendente,1.0
2026-07-24,99,025323-150,R,BABR,2720,Pendente,1.0
2026-07-24,100,011-00916-00,R,BABE,2739,Pendente,1.0
2026-07-24,101,F222086,C,BABR,2720,Pendente,1.0
2026-07-24,102,4626,C,BACG,2727.0,Pendente,1.0
2026-07-24,103,2601040-3,C,BACG,2727.0,Pendente,1.0
2026-07-24,104,345-6196-04,C,BABE,2733.0,Pendente,1.0
2026-07-24,105,200-01902-0000,C,BAMN,2738,Pendente,1.0
2026-07-24,106,9864054-7,C,BAMN,2738,Pendente,1.0
2026-07-24,107,MS28773-05,C,BABR,2720,Pendente,1.0
2026-07-24,108,MS28773-05,C,BABE,2733,Pendente,1.0
2026-07-24,109,2606015-3,R,BABR,2720,Pendente,1.0
2026-07-24,110,C662041-0102,R,BABR,2720,Pendente,1.0
2026-07-24,111,069-01033-0101,R,BANT,2722,OK,1.0
2026-07-24,112,51539-012N,R,BANT,2719.0,Pendente,1.0
2026-07-24,113,2671000PB1,C,BACG,2727,Pendente,1.0
2026-07-24,114,580-219-154,C,BACO,2743,Pendente,1.0
2026-07-24,115,2650085-15,C,BACO,2743,Pendente,1.0
2026-07-24,116,2652021-80,C,BACO,2743,Pendente,2.0
2026-07-24,117,SL6015-5,C,BACO,2743,Pendente,2.0
2026-07-24,118,MS25171-1S,C,BACO,2743,Pendente,10.0
2026-07-24,119,C-145-450,C,BAMN,2732,Pendente,1.0
2026-07-24,120,K00-00351-00,C,BAMN,2740,Pendente,3.0
2026-07-24,121,9910085-2,R,BANT,2728,Pendente,1.0
2026-07-24,122,D210507,R,BANT,2728,Pendente,1.0
2026-07-24,123,RV05-268,C,BANT,2719,Pendente,1.0
2026-07-24,124,RV05-268,C,BANT,2728,Pendente,1.0
2026-07-24,125,5040033933,R,BABR,2709,Pendente,1.0
2026-07-24,126,1U648-001,C,DACTA II,2742,Pendente,1.0
2026-07-24,127,161-12800,R,BABR,2709,Pendente,1.0
2026-07-24,128,162-11800,R,BABR,2709,Pendente,1.0
2026-07-24,129,302-120-402,C,BABR,2709,Pendente,1.0
2026-07-24,130,850C86-2,C,BABR,2709,Pendente,1.0
2026-07-24,131,AN316-4R,C,BABR,2709,Pendente,6.0
2026-07-24,132,C668540-0102,C,EPCAR,2702,Pendente,1.0
2026-07-24,133,MS20392-1C11,C,BAMN,2730,Pendente,1.0
2026-07-24,134,161-11700,R,DACTA II,2742,Pendente,1.0
2026-07-24,135,162-10700,R,DACTA II,2742,Pendente,1.0
2026-07-24,136,AE3663161E0113,C,DACTA II,2742,Pendente,1.0
2026-07-24,137,ST2231-05,C,BANT,2719 / 2728,Pendente,10.0
2026-07-24,138,NAS561P5-12,C,BANT,2719 / 2728,Pendente,2.0
2026-07-24,139,MS20392-1C11,C,BAMN,2730,Pendente,1.0
2026-07-24,140,2617024-6,C,BABE,2739,Pendente,1.0
2026-07-24,141,P860037,C,BABE,2739,Pendente,1.0
2026-07-24,142,S2655-1,C,BABE,2739,Pendente,1.0
2026-07-24,143,2651022-20-1,R,BABE,2739,Pendente,1.0
2026-07-24,144,AE3663163K0600,C,BABR,2709.0,Pendente,1.0
2026-07-24,145,161-11700,R,BACO,2743,Pendente,1.0
2026-07-24,146,162-10700,R,BACO,2743,Pendente,1.0
2026-07-24,147,2641011-5,R,BACO,2743,Pendente,2.0
2026-07-24,148,C662041-0102,R,BABR,2720,Pendente,2.0
2026-07-24,149,069-01033-0101,R,BABR,2720,Pendente,1.0
2026-07-24,150,S1587-7,C,BABE,2739,Pendente,1.0
2026-07-24,151,161-11700,R,BANT,2719 / 2728,Pendente,2.0
2026-07-24,152,162-10700,R,BANT,2719 / 2728,Pendente,2.0
2026-07-24,153,C352TS,T,DACTA II,2742,OK,1.0
2026-07-24,154,066-3046-07,R,CLA,2723,Pendente,1.0
2026-07-24,155,066-1055-00,R,CLA,2723,Pendente,1.0
2026-07-24,156,065-0041-00,R,CLA,2723,Pendente,1.0
2026-07-24,157,200-01902-0000,C,BABE,2731,Pendente,1.0
2026-07-24,158,AN315C4R,C,BANT,2719,Pendente,2.0
2026-07-24,159,2651024-5,C,BANT,2719,Pendente,2.0
2026-07-24,160,MS20392-2C29,C,BANT,2719,Pendente,1.0
2026-07-24,161,071-1052-00,R,BANT,2728,Pendente,1.0
2026-07-24,162,2651022-20-1,R,BABE,2733,Pendente,1.0
2026-07-24,163,071-1242-06,R,BANT,2728,Pendente,1.0
2026-07-24,164,C661065-0237,R,BANT,2719,Pendente,1.0
2026-07-24,165,2618510-10,T,BANT,2728,Pendente,1.0
2026-07-24,166,071-1242-06,R,BANT,2719,Pendente,1.0
2026-07-24,167,C661030-0301,R,BANT,2719,Pendente,1.0
2026-07-24,168,2651040-2,T,EPCAR,2702,Pendente,1.0
2026-07-24,169,2651022-20-1,T,EPCAR,2702,Pendente,1.0
2026-07-24,170,NAS147-43,C,EPCAR,2702,Pendente,2.0
2026-07-24,171,MS21044N7,C,EPCAR,2702,Pendente,2.0
2026-07-24,172,NAS1149F0732P,C,EPCAR,2702,Pendente,2.0
2026-07-24,173,MS20002C7,C,EPCAR,2702,Pendente,4.0
2026-07-24,174,AN5C12A,C,EPCAR,2702,Pendente,1.0
2026-07-24,175,NAS1149C0563R,C,EPCAR,2702,Pendente,2.0
2026-07-24,176,S1450-5H16-032,C,EPCAR,2702,Pendente,1.0
2026-07-24,177,MS21042L5,C,EPCAR,2702,Pendente,1.0
2026-07-24,178,MS20007-16,C,EPCAR,2702,Pendente,2.0
2026-07-24,179,C352TS,T,BACO,2743,OK,1.0
2026-07-24,180,060-0015-00,R,BANT,2721,Pendente,1.0
2026-07-24,181,065-0030-00,R,BANT,2728,Pendente,1.0
2026-07-24,182,066-3060-00,R,BANT,2708 / 2721,Pendente,2.0
2026-07-24,183,C598505-0303,R,BANT,2728,Pendente,1.0
2026-07-24,184,2606016-17,C,BABR,2720,Pendente,1.0
2026-07-24,185,2606016-17,C,BABR,2720,Pendente,1.0
2026-07-24,186,DCN4-5407,C,BABR,2720,Pendente,50.0
2026-07-24,187,NAS147-97,C,EPCAR,2702,Pendente,1.0
2026-07-24,188,NAS147-84,C,EPCAR,2702,Pendente,2.0
2026-07-24,189,AN363-720,C,EPCAR,2702,Pendente,4.0
2026-07-24,190,MS20007-68,C,EPCAR,2702,Pendente,1.0
2026-07-24,191,9910333-1,C,EPCAR,2702,Pendente,6.0
2026-07-24,192,S3461-64,C,EPCAR,2702,Pendente,1.0
2026-07-24,193,AN310C8,C,EPCAR,2702,Pendente,3.0
2026-07-24,194,AN310C8,C,EPCAR,2702,Pendente,3.0
2026-07-24,195,S3465-2-0160,C,BAMN,2737,Pendente,1.0
2026-07-24,196,069-1025-25,R,CLA,2723,Pendente,1.0
2026-07-24,197,069-01033-0101,R,BABR,2720,Pendente,1.0
2026-07-24,198,901207K1,C,BABE,2739,Pendente,5.0
2026-07-24,199,3240572,C,BABE,2739,Pendente,2.0
2026-07-24,200,AE3663162E0120,C,BANT,2703,Pendente,2.0
2026-07-24,201,AN924-3D,C,BACG,2727,Pendente,4.0
2026-07-24,202,MS28778-3,C,BACG,2727,Pendente,2.0
2026-07-24,203,C661065-0237,R,BABR,2721,Pendente,1.0
2026-07-24,204,9910338-4,R,BABR,2721,Pendente,1.0
2026-07-24,205,2643100-206,R,BANT,2719,Pendente,1.0
2026-07-24,206,2618510-10,T,BANT,2719,Pendente,1.0
2026-07-24,207,066-3084-32,R,BANT,2719,Pendente,1.0
2026-07-24,208,3014226,C,BANT,2719,Pendente,1.0
2026-07-24,209,S1450-4S10-032,C,BANT,2719,Pendente,2.0
2026-07-24,210,MS27975-2,C,BANT,2719,Pendente,2.0
2026-07-24,211,S1021Z8-8,C,BANT,2719,Pendente,6.0
2026-07-24,212,R581559,C,BANT,2719,Pendente,2.0
2026-07-24,213,R581559,C,BANT,2719,Pendente,1.0
2026-07-24,214,R581559,C,BANT,2719,Pendente,1.0
2026-07-24,215,C145-00-46,C,BAMN,2732,Pendente,1.0
2026-07-24,216,U554426,C,BABE,2739,Pendente,60.0
2026-07-24,217,2653019-1,C,BABR,2721,Pendente,1.0
2026-07-24,218,MS35426-27,C,BABR,2721,Pendente,4.0
2026-07-24,219,S1741-1,C,BABR,2721,Pendente,4.0
2026-07-24,220,A1633-72,C,BACO,2742,Pendente,1.0
2026-07-24,221,A1639-32,C,BACO,2742,Pendente,8.0
2026-07-24,222,AN363-720,C,BACO,2742,Pendente,4.0
2026-07-24,223,AS3209-016,C,BACO,2742,Pendente,1.0
2026-07-24,224,DCN4-3807,C,BACO,2742,Pendente,1.0
2026-07-24,225,MS20002C7,C,BACO,2742,Pendente,4.0
2026-07-24,226,MS20007-68,C,BACO,2742,Pendente,1.0
2026-07-24,227,MS28773-05,C,BACO,2742,Pendente,1.0
2026-07-24,228,MS28775-022,C,BACO,2742,Pendente,1.0
2026-07-24,229,MS28778-4,C,BACO,2742,Pendente,1.0
2026-07-24,230,MS29512-08,C,BACO,2742,Pendente,1.0
2026-07-24,231,NAS1149C0763R,C,BACO,2742,Pendente,4.0
2026-07-24,232,NAS147-84,C,BACO,2742,Pendente,2.0
2026-07-24,233,NAS147-97,C,BACO,2742,Pendente,1.0
2026-07-24,234,C598505-0304,C,BANT,FROTA,Pendente,1.0
2026-07-24,235,C598505-0304,C,BANT,FROTA,Pendente,1.0
2026-07-24,236,C598505-0303,C,BANT,FROTA,Pendente,2.0
2026-07-24,237,C598505-0303,C,BANT,FROTA,Pendente,1.0
2026-07-24,238,70-22-01,C,BANT,FROTA,Pendente,2.0
2026-07-24,239,70-22-01,C,BANT,FROTA,Pendente,2.0
2026-07-24,240,066-01141-5101,R,BANT,FROTA,Pendente,1.0
2026-07-24,241,MS35206-247,C,BANT,FROTA,Pendente,20.0
2026-07-24,242,065-0042-15,R,BANT,FROTA,Pendente,1.0
2026-07-24,243,C662041-0102,R,BANT,FROTA,Pendente,1.0
2026-07-24,244,011-00412-00,R,BANT,FROTA,Pendente,1.0
2026-07-24,245,3014227,C,BANT,FROTA,Pendente,1.0
2026-07-24,246,A1633-72,C,BANT,FROTA,Pendente,1.0
2026-07-24,247,066-3084-32,R,BANT,FROTA,Pendente,1.0
2026-07-24,248,AE3663724G0330,C,BANT,FROTA,Pendente,3.0
2026-07-24,249,0541140-1,C,BACG,2727,Pendente,1.0
2026-07-24,250,644-04303416,C,BANT,2719,Pendente,1.0
2026-07-24,251,C668050-1108,C,BABR,2721,Pendente,1.0
2026-07-24,252,2641012-14,T,BABE,2731,Pendente,1.0
2026-07-24,253,S2495-12B0600,C,BACG,2727,Pendente,1.0
2026-07-24,254,2641014-9,T,BABE,2731,Pendente,1.0
2026-07-24,255,S1985-1,C,CLA,2723,Pendente,1.0
2026-07-24,256,S1985-1,C,CLA,2723,Pendente,1.0
2026-07-24,257,200SGL153Q,R,BACO,2743,OK,1.0
2026-07-24,258,9910338-8RX,R,BABR,2721,Pendente,1.0
2026-07-24,259,162-11800,R,BANT,2703,Pendente,2.0
2026-07-24,260,200SGL119Q-2,R,BANT,2722,OK,1.0
2026-07-24,261,2641011-5,T,BANT,2719,Pendente,1.0
2026-07-24,262,452-0133,T,BANT,2728,Pendente,1.0
2026-07-24,263,C352TS,R,BANT,2728,OK,1.0
2026-07-24,264,S3326-2,R,BABE,2731,Pendente,1.0
2026-07-24,265,S2502-3,C,BABE,2731,Pendente,2.0
2026-07-24,266,P860037,C,BABE,2733,Pendente,2.0
2026-07-24,267,AE3663231B0160,C,BAMN,2736 / 2738 / 2741,Pendente,3.0
2026-07-24,268,8210-002-01,R,BABR,2721,Pendente,1.0
2026-07-24,269,DCN4-3807,C,BABR,2721,Pendente,2.0
2026-07-24,270,MS28773-05,C,BABR,2721,Pendente,2.0
2026-07-24,271,1215073-28,C,BABR,2721,Pendente,2.0
2026-07-24,272,9910573-21,C,BABR,2721,Pendente,1.0
2026-07-24,273,3121248-03,R,BABR,2721,Pendente,1.0
2026-07-24,274,5040033933,R,BABR,2709,Pendente,1.0
2026-07-24,275,R581559,C,BABR,2709,Pendente,4.0
2026-07-24,276,S3413-104,C,BABR,2709,Pendente,10.0
2026-07-24,277,S3413-105,C,BABR,2709,Pendente,10.0
2026-07-24,278,S3413-107,C,BABR,2709,Pendente,10.0
2026-07-24,279,S3413-109,C,BABR,2709,Pendente,5.0
2026-07-24,280,S3413-110,C,BABR,2709,Pendente,10.0
2026-07-24,281,S2319-64,C,BABR,2709,Pendente,50.0
2026-07-24,282,S2319-50,C,BABR,2709,Pendente,50.0
2026-07-24,283,B4864,C,BABR,2709,Pendente,1.0
2026-07-24,284,B4940-1,C,BABR,2709,Pendente,1.0
2026-07-24,285,B4940-2,C,BABR,2709,Pendente,10.0
2026-07-24,286,2654012-2,C,BABR,2709,Pendente,1.0
2026-07-24,287,5111602-16,C,BABE,2731,Pendente,67.0
2026-07-24,288,2641032-202,C,BAMN,2741,Pendente,1.0
2026-07-24,289,850C86-2,C,BABR,2709,Pendente,2.0
2026-07-24,290,302-120-402,C,BABR,2709,Pendente,1.0
2026-07-24,291,MS28778-3,C,BAMN,2736,Pendente,6.0
2026-07-24,292,AE3663161E0113,C,BAMN,2736,Pendente,1.0
2026-07-24,293,1414116-7,C,BABE,2739,Pendente,4.0
2026-07-24,294,S1985-1,C,BANT,2708,Pendente,1.0
2026-07-24,295,2270030-12,C,BANT,2708,Pendente,1.0
2026-07-24,296,066-4010-12,R,BANT,2708,Pendente,1.0
2026-07-24,297,3034792,R,DACTA II,2742,Pendente,1.0
2026-07-24,298,3024973,C,DACTA II,2742,Pendente,1.0
2026-07-24,299,M83461/1-012,C,DACTA II,2742,Pendente,1.0
2026-07-24,300,3039937,C,DACTA II,2742,Pendente,1.0
2026-07-24,301,3014227,C,DACTA II,2742,Pendente,1.0
2026-07-24,302,C668050-1108,C,BABE,2723,Pendente,1.0
2026-07-24,303,2522275-1,C,BABE,2723,Pendente,2.0
2026-07-24,304,S2870-1,C,BABE,2723,Pendente,2.0
2026-07-24,305,NSL 1422 B2,C,BABE,2723,Pendente,6.0
2026-07-24,306,AN320-3,C,BABR,2709,Pendente,4.0
2026-07-24,307,2613419-1,C,BABR,2709,Pendente,1.0
2026-07-24,308,AN565B428H4,C,BABR,2709,Pendente,2.0
2026-07-24,309,2662007-4,C,BABR,2709,Pendente,2.0
2026-07-24,310,2662022-1,C,BABR,2709,Pendente,2.0
2026-07-24,311,AN315-3L,C,BABR,2709,Pendente,2.0
2026-07-24,312,B145-78-7,C,BABR,2709,Pendente,1.0
2026-07-24,313,AS5174D1210,C,BAMN,2732,Pendente,1.0
2026-07-24,314,MS24392-10,C,BAMN,2732,Pendente,1.0
2026-07-24,315,An4-17,C,BANT,2729,Pendente,1.0
2026-07-24,316,S1450-6B12-032,C,BANT,2729,Pendente,2.0
2026-07-24,317,065-0059-01,C,BANT,2722,Pendente,1.0
2026-07-24,318,065-0059-01,C,BANT,2708,Pendente,1.0
2026-07-24,319,050-1518-00,C,BANT,2719,Pendente,1.0
2026-07-24,320,MS21025-24,C,BANT,2729,Pendente,1.0
2026-07-24,321,S51-14,C,BANT,2703,Pendente,1.0
2026-07-24,322,065-0042-03,C,BANT,2719,Pendente,1.0
2026-07-24,323,A1639-32,C,CLA,2723,Pendente,8.0
2026-07-24,324,B-5096,C,CLA,2723,Pendente,8.0
2026-07-24,325,A1633-72,C,CLA,2723,Pendente,2.0
2026-07-24,326,S3326-2RX,R,BACO,2743,Pendente,1.0
2026-07-24,327,799-1,R,BACO,2743,Pendente,1.0
2026-07-24,328,060-0017-00,R,BANT,2703,Pendente,1.0
2026-07-24,329,060-0017-00,R,BANT,2708,Pendente,1.0
2026-07-24,330,4002HS,C,BABR,2709,Pendente,10.0
2026-07-24,331,83-0057,C,BACG,2727,Pendente,1.0
2026-07-24,332,060-0015-00,C,BANT,2729,Pendente,1.0
2026-07-24,333,065-0042-15,C,BANT,2702,Pendente,1.0
2026-07-24,334,99-223-6B23284,C,BANT,2702,Pendente,1.0
2026-07-24,335,065-0042-15,C,BANT,2703,Pendente,1.0
2026-07-24,336,2610014-1,C,BANT,2719,Pendente,1.0
2026-07-24,337,NAS464P4A10,C,BANT,2719,Pendente,5.0
2026-07-24,338,A4513-1,C,BANT,2729,Pendente,1.0
2026-07-24,339,S1104-3,C,BANT,2719,Pendente,1.0
2026-07-24,340,011-00870-00,R,BAMN,2730,Pendente,1.0
2026-07-24,341,MS3116F8-3S,C,BANT,2729,Pendente,1.0
2026-07-24,342,2611024-1,C,BANT,2703,Pendente,2.0
2026-07-24,343,S2527-1,C,BACO,2743,Pendente,2.0
2026-07-24,344,24RB/EWC,C,BACO,2743,Pendente,3.0
2026-07-24,345,1308,C,BACO,2743,Pendente,1.0
2026-07-25,1,302-039-402,C,BABV,2741,Pendente,1.0
2026-07-25,2,302-039-402,C,BAMN,2740,Pendente,1.0
2026-07-25,3,065-0065-01,T,BANT,2719,Pendente,1.0
2026-07-25,4,NAS1739B4-6,C,BABE,2731,Desconsiderado,100.0
2026-07-25,5,CR2248-4-4,C,BABE,2731,Desconsiderado,100.0
2026-07-25,6,NAS1097AD6-5,C,BABE,2731,Desconsiderado,500.0
2026-07-25,7,NAS1097AD6-4,C,BABE,2731,Desconsiderado,100.0
2026-07-25,8,NAS1097AD5-4,C,BABE,2731,Desconsiderado,1.0
2026-07-25,9,NAS1097AD5-7,C,BABE,2731,Desconsiderado,1.0
2026-07-25,10,NAS1097AD4-3,C,BABE,2731,Desconsiderado,1.0
2026-07-25,11,NAS1097AD3-7,C,BABE,2731,Desconsiderado,50.0
2026-07-25,12,5934PAD-3,R,BABE,2739,Pendente,1.0
2026-07-25,13,068-02800,C,BANT,2722,Pendente,1.0
2026-07-25,14,RA068-02800,C,BANT,2722,Pendente,1.0
2026-07-25,15,MS21442-121,C,BABR,2709,Pendente,2.0
2026-07-25,16,523919,C,BABR,2709,Pendente,2.0
2026-07-25,17,065-0042-03,R,BANT,2722,OK,1.0
2026-07-25,18,AE3663163K0600,C,BANT,2728,Pendente,1.0
2026-07-25,19,MS21044N9,C,BANT,2728 e 2719,Pendente,16.0
2026-07-25,20,MS21044N9,C,BANT,2729,OK,8.0
2026-07-25,21,C145-00-46,C,BABR,2709,OK,1.0
2026-07-25,22,62800-001,T,BABR,2709,OK,1.0
2026-07-25,23,065-0042-15,R,BASM,2708,Pendente,1.0
2026-07-25,24,S3326-2,R,BAMN,*,Pendente,1.0
2026-07-25,25,MS29513-338,C,BANT,2719,Pendente,4.0
2026-07-25,26,030-18200,R,BAMN,2732,OK,1.0
2026-07-25,27,9864054-7,C,BAMN,2740,Pendente,1.0
2026-07-25,28,2606015-2,R,BABR,2720,Pendente,1.0
2026-07-25,29,76-207-12,C,BAMN,2740,Pendente,1.0
2026-07-25,30,MS20007-30,C,BABE,2733,OK,2.0
2026-07-25,31,MS20007-16,C,BABE,2733,Pendente,2.0
2026-07-25,32,B-5121,C,EEAR,2703,OK,1.0
2026-07-25,33,C668050-1104,C,BABR,2709,Pendente,1.0
2026-07-25,34,431-0101-01,C,BABR,2709,OK,1.0
2026-07-25,35,2650026-3,C,BABR,2709,OK,2.0
2026-07-25,36,S2300-12,C,BABR,2709,OK,3.0
2026-07-25,37,S2357-1,C,BABR,2709,OK,10.0
2026-07-25,38,2N6576,C,BABR,2709,OK,3.0
2026-07-25,39,22827-3,C,BABR,2709,OK,10.0
2026-07-25,40,068-02800,C,BABR,2709,Pendente,2.0
2026-07-25,41,2N6576,C,BABR,2709,OK,2.0
2026-07-25,42,060-0015-00,R,BABR,2709,Pendente,1.0
2026-07-25,43,066-4010-10,R,BABR,2709,OK,1.0
2026-07-25,44,011-01020-10,R,BAMN,2740,Pendente,1.0
2026-07-25,45,CM2990-G1,C,BABR,2709,Pendente,4.0
2026-07-25,46,C262023-0107,C,CLA,2723,OK,2.0
2026-07-25,47,2126001-1,C,BAMN,2737,Pendente,1.0
2026-07-25,48,2612035-1,C,BANT,2722,Pendente,1.0
2026-07-25,49,2641012-15,R,BANT,2728,Pendente,1.0
2026-07-25,50,DD2W,C,BACO,2743,Pendente,10.0
2026-07-25,51,S3100-581,C,BAMN,2737,Pendente,1.0
2026-07-25,52,GF5500-81,C,BAMN,2736,Pendente,1.0
2026-07-25,53,088-01132-0002,C,BANT,2728,Pendente,1.0
2026-07-25,54,2641012-14,R,BANT,2719,Pendente,1.0
2026-07-25,55,2641012-9,R,BANT,2719,Pendente,1.0
2026-07-25,56,52283,C,BANT,2719,Pendente,2.0
2026-07-25,57,AE3663162E0120,C,BANT,2723,Pendente,1.0
2026-07-25,58,EA-5175-52-CES,R,BANT,2728,OK,1.0
2026-07-25,59,S3100-630,C,BAMN,2737,Pendente,1.0
2026-07-25,60,2660001-107,C,BANT,2719,Pendente,1.0
2026-07-25,61,2660057-1,C,BANT,2719,Pendente,2.0
2026-07-25,62,2660057-1,C,BANT,2728,Pendente,2.0
2026-07-25,63,A-A-55487-5,C,BANT,2719,Pendente,8.0
2026-07-25,64,S2319-64,C,BACO,2743,Pendente,40.0
2026-07-25,65,060-0017-00,R,BANT,2708,Pendente,1.0
2026-07-25,66,MS3456W12S3S,C,BABR,2709,Pendente,2.0
2026-07-25,67,2682001-1,T,BABE/BANT,2739,OK,1.0
2026-07-25,68,MS3509-28,C,BACG,2727,Pendente,2.0
2026-07-25,69,S2899L0.5,C,BACG,2727,Pendente,1.0
2026-07-25,70,1U149-015-15,R,BACO,2743,Pendente,1.0
2026-07-25,71,AN6289J5,C,BABR,2709,Pendente,2.0
2026-07-25,72,MS17825-3,C,BANT,2728,Pendente,2.0
2026-07-25,73,MS17826-3,C,BANT,2728,Pendente,2.0
2026-07-25,74,200-1902-00,C,BAMN,2736,Pendente,2.0
2026-07-25,75,161-12800,R,BANT,2722 / 2728,Pendente,1.0
2026-07-25,76,162-11800,R,BANT,2722 / 2728,Pendente,3.0
2026-07-25,77,161-11700,R,BANT,2722 / 2728,Pendente,1.0
2026-07-25,78,162-10700,R,BANT,2722 / 2728,Pendente,1.0
2026-07-25,79,CI105-9,C,BANT,2722 / 2728,Pendente,1.0
2026-07-25,80,S2669-1,C,BAMN,2738,Pendente,1.0
2026-07-25,81,MS24694-S54,C,DACTA II,2742,Pendente,1.0
2026-07-25,82,NAS1741-06R8,C,BANT,2722,Pendente,10.0
2026-07-25,83,MS24693-S48,C,BANT,2722,Pendente,50.0
2026-07-25,84,071-1242-06,R,CLA,2723,Pendente,1.0
2026-07-25,85,066-3046-01,R,CLA,2723,Pendente,1.0
2026-07-25,86,C661064-0237,R,BABR,2709,Pendente,1.0
2026-07-25,87,76-207-12,C,BABE,2733,Pendente,1.0
2026-07-25,88,071-1242-06,R,BABR,2709,Pendente,1.0
2026-07-25,89,065-0060-01,R,BANT,2722,Pendente,1.0
2026-07-25,91,069-1025-25,R,BACG,2727,Pendente,1.0
2026-07-25,92,066-3084-32,R,BABR,2709,OK,1.0
2026-07-25,93,SD5H14S6667,R,DACTA II,2742,Pendente,1.0
2026-07-25,94,AN4H3A,C,BACO,2743,Pendente,1.0
2026-07-25,95,2615140-2,C,BACO,2743,Pendente,1.0
2026-07-25,96,430-00032-10,C,BABR,2720,Pendente,1.0
2026-07-25,97,MS24392-10,C,BAMN,2741,OK,1.0
2026-07-25,98,9910586-4,R,BAMN,2740,Pendente,1.0
2026-07-25,99,025323-150,R,BABR,2720,Pendente,1.0
2026-07-25,100,011-00916-00,R,BABE,2739,Pendente,1.0
2026-07-25,101,F222086,C,BABR,2720,Pendente,1.0
2026-07-25,102,4626,C,BACG,2727.0,Pendente,1.0
2026-07-25,103,2601040-3,C,BACG,2727.0,Pendente,1.0
2026-07-25,104,345-6196-04,C,BABE,2733.0,Pendente,1.0
2026-07-25,105,200-01902-0000,C,BAMN,2738,Pendente,1.0
2026-07-25,106,9864054-7,C,BAMN,2738,Pendente,1.0
2026-07-25,107,MS28773-05,C,BABR,2720,Pendente,1.0
2026-07-25,108,MS28773-05,C,BABE,2733,Pendente,1.0
2026-07-25,109,2606015-3,R,BABR,2720,Pendente,1.0
2026-07-25,110,C662041-0102,R,BABR,2720,Pendente,1.0
2026-07-25,111,069-01033-0101,R,BANT,2722,OK,1.0
2026-07-25,112,51539-012N,R,BANT,2719.0,Pendente,1.0
2026-07-25,113,2671000PB1,C,BACG,2727,Pendente,1.0
2026-07-25,114,580-219-154,C,BACO,2743,Pendente,1.0
2026-07-25,115,2650085-15,C,BACO,2743,Pendente,1.0
2026-07-25,116,2652021-80,C,BACO,2743,Pendente,2.0
2026-07-25,117,SL6015-5,C,BACO,2743,Pendente,2.0
2026-07-25,118,MS25171-1S,C,BACO,2743,Pendente,10.0
2026-07-25,119,C-145-450,C,BAMN,2732,Pendente,1.0
2026-07-25,120,K00-00351-00,C,BAMN,2740,Pendente,3.0
2026-07-25,121,9910085-2,R,BANT,2728,Pendente,1.0
2026-07-25,122,D210507,R,BANT,2728,Pendente,1.0
2026-07-25,123,RV05-268,C,BANT,2719,Pendente,1.0
2026-07-25,124,RV05-268,C,BANT,2728,Pendente,1.0
2026-07-25,125,5040033933,R,BABR,2709,Pendente,1.0
2026-07-25,126,1U648-001,C,DACTA II,2742,Pendente,1.0
2026-07-25,127,161-12800,R,BABR,2709,Pendente,1.0
2026-07-25,128,162-11800,R,BABR,2709,Pendente,1.0
2026-07-25,129,302-120-402,C,BABR,2709,Pendente,1.0
2026-07-25,130,850C86-2,C,BABR,2709,Pendente,1.0
2026-07-25,131,AN316-4R,C,BABR,2709,Pendente,6.0
2026-07-25,132,C668540-0102,C,EPCAR,2702,Pendente,1.0
2026-07-25,133,MS20392-1C11,C,BAMN,2730,Pendente,1.0
2026-07-25,134,161-11700,R,DACTA II,2742,Pendente,1.0
2026-07-25,135,162-10700,R,DACTA II,2742,Pendente,1.0
2026-07-25,136,AE3663161E0113,C,DACTA II,2742,Pendente,1.0
2026-07-25,137,ST2231-05,C,BANT,2719 / 2728,Pendente,10.0
2026-07-25,138,NAS561P5-12,C,BANT,2719 / 2728,Pendente,2.0
2026-07-25,139,MS20392-1C11,C,BAMN,2730,Pendente,1.0
2026-07-25,140,2617024-6,C,BABE,2739,Pendente,1.0
2026-07-25,141,P860037,C,BABE,2739,Pendente,1.0
2026-07-25,142,S2655-1,C,BABE,2739,Pendente,1.0
2026-07-25,143,2651022-20-1,R,BABE,2739,Pendente,1.0
2026-07-25,144,AE3663163K0600,C,BABR,2709.0,Pendente,1.0
2026-07-25,145,161-11700,R,BACO,2743,Pendente,1.0
2026-07-25,146,162-10700,R,BACO,2743,Pendente,1.0
2026-07-25,147,2641011-5,R,BACO,2743,Pendente,2.0
2026-07-25,148,C662041-0102,R,BABR,2720,Pendente,2.0
2026-07-25,149,069-01033-0101,R,BABR,2720,Pendente,1.0
2026-07-25,150,S1587-7,C,BABE,2739,Pendente,1.0
2026-07-25,151,161-11700,R,BANT,2719 / 2728,Pendente,2.0
2026-07-25,152,162-10700,R,BANT,2719 / 2728,Pendente,2.0
2026-07-25,153,C352TS,T,DACTA II,2742,OK,1.0
2026-07-25,154,066-3046-07,R,CLA,2723,Pendente,1.0
2026-07-25,155,066-1055-00,R,CLA,2723,Pendente,1.0
2026-07-25,156,065-0041-00,R,CLA,2723,Pendente,1.0
2026-07-25,157,200-01902-0000,C,BABE,2731,Pendente,1.0
2026-07-25,158,AN315C4R,C,BANT,2719,Pendente,2.0
2026-07-25,159,2651024-5,C,BANT,2719,Pendente,2.0
2026-07-25,160,MS20392-2C29,C,BANT,2719,Pendente,1.0
2026-07-25,161,071-1052-00,R,BANT,2728,Pendente,1.0
2026-07-25,162,2651022-20-1,R,BABE,2733,Pendente,1.0
2026-07-25,163,071-1242-06,R,BANT,2728,Pendente,1.0
2026-07-25,164,C661065-0237,R,BANT,2719,Pendente,1.0
2026-07-25,165,2618510-10,T,BANT,2728,Pendente,1.0
2026-07-25,166,071-1242-06,R,BANT,2719,Pendente,1.0
2026-07-25,167,C661030-0301,R,BANT,2719,Pendente,1.0
2026-07-25,168,2651040-2,T,EPCAR,2702,Pendente,1.0
2026-07-25,169,2651022-20-1,T,EPCAR,2702,Pendente,1.0
2026-07-25,170,NAS147-43,C,EPCAR,2702,Pendente,2.0
2026-07-25,171,MS21044N7,C,EPCAR,2702,Pendente,2.0
2026-07-25,172,NAS1149F0732P,C,EPCAR,2702,Pendente,2.0
2026-07-25,173,MS20002C7,C,EPCAR,2702,Pendente,4.0
2026-07-25,174,AN5C12A,C,EPCAR,2702,Pendente,1.0
2026-07-25,175,NAS1149C0563R,C,EPCAR,2702,Pendente,2.0
2026-07-25,176,S1450-5H16-032,C,EPCAR,2702,Pendente,1.0
2026-07-25,177,MS21042L5,C,EPCAR,2702,Pendente,1.0
2026-07-25,178,MS20007-16,C,EPCAR,2702,Pendente,2.0
2026-07-25,179,C352TS,T,BACO,2743,OK,1.0
2026-07-25,180,060-0015-00,R,BANT,2721,Pendente,1.0
2026-07-25,181,065-0030-00,R,BANT,2728,Pendente,1.0
2026-07-25,182,066-3060-00,R,BANT,2708 / 2721,Pendente,2.0
2026-07-25,183,C598505-0303,R,BANT,2728,Pendente,1.0
2026-07-25,184,2606016-17,C,BABR,2720,Pendente,1.0
2026-07-25,185,2606016-17,C,BABR,2720,Pendente,1.0
2026-07-25,186,DCN4-5407,C,BABR,2720,Pendente,50.0
2026-07-25,187,NAS147-97,C,EPCAR,2702,Pendente,1.0
2026-07-25,188,NAS147-84,C,EPCAR,2702,Pendente,2.0
2026-07-25,189,AN363-720,C,EPCAR,2702,Pendente,4.0
2026-07-25,190,MS20007-68,C,EPCAR,2702,Pendente,1.0
2026-07-25,191,9910333-1,C,EPCAR,2702,Pendente,6.0
2026-07-25,192,S3461-64,C,EPCAR,2702,Pendente,1.0
2026-07-25,193,AN310C8,C,EPCAR,2702,Pendente,3.0
2026-07-25,194,AN310C8,C,EPCAR,2702,Pendente,3.0
2026-07-25,195,S3465-2-0160,C,BAMN,2737,Pendente,1.0
2026-07-25,196,069-1025-25,R,CLA,2723,Pendente,1.0
2026-07-25,197,069-01033-0101,R,BABR,2720,Pendente,1.0
2026-07-25,198,901207K1,C,BABE,2739,Pendente,5.0
2026-07-25,199,3240572,C,BABE,2739,Pendente,2.0
2026-07-25,200,AE3663162E0120,C,BANT,2703,Pendente,2.0
2026-07-25,201,AN924-3D,C,BACG,2727,Pendente,4.0
2026-07-25,202,MS28778-3,C,BACG,2727,Pendente,2.0
2026-07-25,203,C661065-0237,R,BABR,2721,Pendente,1.0
2026-07-25,204,9910338-4,R,BABR,2721,Pendente,1.0
2026-07-25,205,2643100-206,R,BANT,2719,Pendente,1.0
2026-07-25,206,2618510-10,T,BANT,2719,Pendente,1.0
2026-07-25,207,066-3084-32,R,BANT,2719,Pendente,1.0
2026-07-25,208,3014226,C,BANT,2719,Pendente,1.0
2026-07-25,209,S1450-4S10-032,C,BANT,2719,Pendente,2.0
2026-07-25,210,MS27975-2,C,BANT,2719,Pendente,2.0
2026-07-25,211,S1021Z8-8,C,BANT,2719,Pendente,6.0
2026-07-25,212,R581559,C,BANT,2719,Pendente,2.0
2026-07-25,213,R581559,C,BANT,2719,Pendente,1.0
2026-07-25,214,R581559,C,BANT,2719,Pendente,1.0
2026-07-25,215,C145-00-46,C,BAMN,2732,Pendente,1.0
2026-07-25,216,U554426,C,BABE,2739,Pendente,60.0
2026-07-25,217,2653019-1,C,BABR,2721,Pendente,1.0
2026-07-25,218,MS35426-27,C,BABR,2721,Pendente,4.0
2026-07-25,219,S1741-1,C,BABR,2721,Pendente,4.0
2026-07-25,220,A1633-72,C,BACO,2742,Pendente,1.0
2026-07-25,221,A1639-32,C,BACO,2742,Pendente,8.0
2026-07-25,222,AN363-720,C,BACO,2742,Pendente,4.0
2026-07-25,223,AS3209-016,C,BACO,2742,Pendente,1.0
2026-07-25,224,DCN4-3807,C,BACO,2742,Pendente,1.0
2026-07-25,225,MS20002C7,C,BACO,2742,Pendente,4.0
2026-07-25,226,MS20007-68,C,BACO,2742,Pendente,1.0
2026-07-25,227,MS28773-05,C,BACO,2742,Pendente,1.0
2026-07-25,228,MS28775-022,C,BACO,2742,Pendente,1.0
2026-07-25,229,MS28778-4,C,BACO,2742,Pendente,1.0
2026-07-25,230,MS29512-08,C,BACO,2742,Pendente,1.0
2026-07-25,231,NAS1149C0763R,C,BACO,2742,Pendente,4.0
2026-07-25,232,NAS147-84,C,BACO,2742,Pendente,2.0
2026-07-25,233,NAS147-97,C,BACO,2742,Pendente,1.0
2026-07-25,234,C598505-0304,C,BANT,FROTA,Pendente,1.0
2026-07-25,235,C598505-0304,C,BANT,FROTA,Pendente,1.0
2026-07-25,236,C598505-0303,C,BANT,FROTA,Pendente,2.0
2026-07-25,237,C598505-0303,C,BANT,FROTA,Pendente,1.0
2026-07-25,238,70-22-01,C,BANT,FROTA,Pendente,2.0
2026-07-25,239,70-22-01,C,BANT,FROTA,Pendente,2.0
2026-07-25,240,066-01141-5101,R,BANT,FROTA,Pendente,1.0
2026-07-25,241,MS35206-247,C,BANT,FROTA,Pendente,20.0
2026-07-25,242,065-0042-15,R,BANT,FROTA,Pendente,1.0
2026-07-25,243,C662041-0102,R,BANT,FROTA,Pendente,1.0
2026-07-25,244,011-00412-00,R,BANT,FROTA,Pendente,1.0
2026-07-25,245,3014227,C,BANT,FROTA,Pendente,1.0
2026-07-25,246,A1633-72,C,BANT,FROTA,Pendente,1.0
2026-07-25,247,066-3084-32,R,BANT,FROTA,Pendente,1.0
2026-07-25,248,AE3663724G0330,C,BANT,FROTA,Pendente,3.0
2026-07-25,249,0541140-1,C,BACG,2727,Pendente,1.0
2026-07-25,250,644-04303416,C,BANT,2719,Pendente,1.0
2026-07-25,251,C668050-1108,C,BABR,2721,Pendente,1.0
2026-07-25,252,2641012-14,T,BABE,2731,Pendente,1.0
2026-07-25,253,S2495-12B0600,C,BACG,2727,Pendente,1.0
2026-07-25,254,2641014-9,T,BABE,2731,Pendente,1.0
2026-07-25,255,S1985-1,C,CLA,2723,Pendente,1.0
2026-07-25,256,S1985-1,C,CLA,2723,Pendente,1.0
2026-07-25,257,200SGL153Q,R,BACO,2743,OK,1.0
2026-07-25,258,9910338-8RX,R,BABR,2721,Pendente,1.0
2026-07-25,259,162-11800,R,BANT,2703,Pendente,2.0
2026-07-25,260,200SGL119Q-2,R,BANT,2722,OK,1.0
2026-07-25,261,2641011-5,T,BANT,2719,Pendente,1.0
2026-07-25,262,452-0133,T,BANT,2728,Pendente,1.0
2026-07-25,263,C352TS,R,BANT,2728,OK,1.0
2026-07-25,264,S3326-2,R,BABE,2731,Pendente,1.0
2026-07-25,265,S2502-3,C,BABE,2731,Pendente,2.0
2026-07-25,266,P860037,C,BABE,2733,Pendente,2.0
2026-07-25,267,AE3663231B0160,C,BAMN,2736 / 2738 / 2741,Pendente,3.0
2026-07-25,268,8210-002-01,R,BABR,2721,Pendente,1.0
2026-07-25,269,DCN4-3807,C,BABR,2721,Pendente,2.0
2026-07-25,270,MS28773-05,C,BABR,2721,Pendente,2.0
2026-07-25,271,1215073-28,C,BABR,2721,Pendente,2.0
2026-07-25,272,9910573-21,C,BABR,2721,Pendente,1.0
2026-07-25,273,3121248-03,R,BABR,2721,Pendente,1.0
2026-07-25,274,5040033933,R,BABR,2709,Pendente,1.0
2026-07-25,275,R581559,C,BABR,2709,Pendente,4.0
2026-07-25,276,S3413-104,C,BABR,2709,Pendente,10.0
2026-07-25,277,S3413-105,C,BABR,2709,Pendente,10.0
2026-07-25,278,S3413-107,C,BABR,2709,Pendente,10.0
2026-07-25,279,S3413-109,C,BABR,2709,Pendente,5.0
2026-07-25,280,S3413-110,C,BABR,2709,Pendente,10.0
2026-07-25,281,S2319-64,C,BABR,2709,Pendente,50.0
2026-07-25,282,S2319-50,C,BABR,2709,Pendente,50.0
2026-07-25,283,B4864,C,BABR,2709,Pendente,1.0
2026-07-25,284,B4940-1,C,BABR,2709,Pendente,1.0
2026-07-25,285,B4940-2,C,BABR,2709,Pendente,10.0
2026-07-25,286,2654012-2,C,BABR,2709,Pendente,1.0
2026-07-25,287,5111602-16,C,BABE,2731,Pendente,67.0
2026-07-25,288,2641032-202,C,BAMN,2741,Pendente,1.0
2026-07-25,289,850C86-2,C,BABR,2709,Pendente,2.0
2026-07-25,290,302-120-402,C,BABR,2709,Pendente,1.0
2026-07-25,291,MS28778-3,C,BAMN,2736,Pendente,6.0
2026-07-25,292,AE3663161E0113,C,BAMN,2736,Pendente,1.0
2026-07-25,293,1414116-7,C,BABE,2739,Pendente,4.0
2026-07-25,294,S1985-1,C,BANT,2708,Pendente,1.0
2026-07-25,295,2270030-12,C,BANT,2708,Pendente,1.0
2026-07-25,296,066-4010-12,R,BANT,2708,Pendente,1.0
2026-07-25,297,3034792,R,DACTA II,2742,Pendente,1.0
2026-07-25,298,3024973,C,DACTA II,2742,Pendente,1.0
2026-07-25,299,M83461/1-012,C,DACTA II,2742,Pendente,1.0
2026-07-25,300,3039937,C,DACTA II,2742,Pendente,1.0
2026-07-25,301,3014227,C,DACTA II,2742,Pendente,1.0
2026-07-25,302,C668050-1108,C,BABE,2723,Pendente,1.0
2026-07-25,303,2522275-1,C,BABE,2723,Pendente,2.0
2026-07-25,304,S2870-1,C,BABE,2723,Pendente,2.0
2026-07-25,305,NSL 1422 B2,C,BABE,2723,Pendente,6.0
2026-07-25,306,AN320-3,C,BABR,2709,Pendente,4.0
2026-07-25,307,2613419-1,C,BABR,2709,Pendente,1.0
2026-07-25,308,AN565B428H4,C,BABR,2709,Pendente,2.0
2026-07-25,309,2662007-4,C,BABR,2709,Pendente,2.0
2026-07-25,310,2662022-1,C,BABR,2709,Pendente,2.0
2026-07-25,311,AN315-3L,C,BABR,2709,Pendente,2.0
2026-07-25,312,B145-78-7,C,BABR,2709,Pendente,1.0
2026-07-25,313,AS5174D1210,C,BAMN,2732,Pendente,1.0
2026-07-25,314,MS24392-10,C,BAMN,2732,Pendente,1.0
2026-07-25,315,An4-17,C,BANT,2729,Pendente,1.0
2026-07-25,316,S1450-6B12-032,C,BANT,2729,Pendente,2.0
2026-07-25,317,065-0059-01,C,BANT,2722,Pendente,1.0
2026-07-25,318,065-0059-01,C,BANT,2708,Pendente,1.0
2026-07-25,319,050-1518-00,C,BANT,2719,Pendente,1.0
2026-07-25,320,MS21025-24,C,BANT,2729,Pendente,1.0
2026-07-25,321,S51-14,C,BANT,2703,Pendente,1.0
2026-07-25,322,065-0042-03,C,BANT,2719,Pendente,1.0
2026-07-25,323,A1639-32,C,CLA,2723,Pendente,8.0
2026-07-25,324,B-5096,C,CLA,2723,Pendente,8.0
2026-07-25,325,A1633-72,C,CLA,2723,Pendente,2.0
2026-07-25,326,S3326-2RX,R,BACO,2743,Pendente,1.0
2026-07-25,327,799-1,R,BACO,2743,Pendente,1.0
2026-07-25,328,060-0017-00,R,BANT,2703,Pendente,1.0
2026-07-25,329,060-0017-00,R,BANT,2708,Pendente,1.0
2026-07-25,330,4002HS,C,BABR,2709,Pendente,10.0
2026-07-25,331,83-0057,C,BACG,2727,Pendente,1.0
2026-07-25,332,060-0015-00,C,BANT,2729,Pendente,1.0
2026-07-25,333,065-0042-15,C,BANT,2702,Pendente,1.0
2026-07-25,334,99-223-6B23284,C,BANT,2702,Pendente,1.0
2026-07-25,335,065-0042-15,C,BANT,2703,Pendente,1.0
2026-07-25,336,2610014-1,C,BANT,2719,Pendente,1.0
2026-07-25,337,NAS464P4A10,C,BANT,2719,Pendente,5.0
2026-07-25,338,A4513-1,C,BANT,2729,Pendente,1.0
2026-07-25,339,S1104-3,C,BANT,2719,Pendente,1.0
2026-07-25,340,011-00870-00,R,BAMN,2730,Pendente,1.0
2026-07-25,341,MS3116F8-3S,C,BANT,2729,Pendente,1.0
2026-07-25,342,2611024-1,C,BANT,2703,Pendente,2.0
2026-07-25,343,S2527-1,C,BACO,2743,Pendente,2.0
2026-07-25,344,24RB/EWC,C,BACO,2743,Pendente,3.0
2026-07-25,345,1308,C,BACO,2743,Pendente,1.0
2026-07-27,1,302-039-402,C,BABV,2741,Pendente,1.0
2026-07-27,2,302-039-402,C,BAMN,2740,Pendente,1.0
2026-07-27,3,065-0065-01,T,BANT,2719,Pendente,1.0
2026-07-27,4,NAS1739B4-6,C,BABE,2731,Desconsiderado,100.0
2026-07-27,5,CR2248-4-4,C,BABE,2731,Desconsiderado,100.0
2026-07-27,6,NAS1097AD6-5,C,BABE,2731,Desconsiderado,500.0
2026-07-27,7,NAS1097AD6-4,C,BABE,2731,Desconsiderado,100.0
2026-07-27,8,NAS1097AD5-4,C,BABE,2731,Desconsiderado,1.0
2026-07-27,9,NAS1097AD5-7,C,BABE,2731,Desconsiderado,1.0
2026-07-27,10,NAS1097AD4-3,C,BABE,2731,Desconsiderado,1.0
2026-07-27,11,NAS1097AD3-7,C,BABE,2731,Desconsiderado,50.0
2026-07-27,12,5934PAD-3,R,BABE,2739,Pendente,1.0
2026-07-27,13,068-02800,C,BANT,2722,Pendente,1.0
2026-07-27,14,RA068-02800,C,BANT,2722,Pendente,1.0
2026-07-27,15,MS21442-121,C,BABR,2709,Pendente,2.0
2026-07-27,16,523919,C,BABR,2709,Pendente,2.0
2026-07-27,17,065-0042-03,R,BANT,2722,OK,1.0
2026-07-27,18,AE3663163K0600,C,BANT,2728,Pendente,1.0
2026-07-27,19,MS21044N9,C,BANT,2728 e 2719,Pendente,16.0
2026-07-27,20,MS21044N9,C,BANT,2729,OK,8.0
2026-07-27,21,C145-00-46,C,BABR,2709,OK,1.0
2026-07-27,22,62800-001,T,BABR,2709,OK,1.0
2026-07-27,23,065-0042-15,R,BASM,2708,Pendente,1.0
2026-07-27,24,S3326-2,R,BAMN,*,Pendente,1.0
2026-07-27,25,MS29513-338,C,BANT,2719,Pendente,4.0
2026-07-27,26,030-18200,R,BAMN,2732,OK,1.0
2026-07-27,27,9864054-7,C,BAMN,2740,Pendente,1.0
2026-07-27,28,2606015-2,R,BABR,2720,Pendente,1.0
2026-07-27,29,76-207-12,C,BAMN,2740,Pendente,1.0
2026-07-27,30,MS20007-30,C,BABE,2733,OK,2.0
2026-07-27,31,MS20007-16,C,BABE,2733,Pendente,2.0
2026-07-27,32,B-5121,C,EEAR,2703,OK,1.0
2026-07-27,33,C668050-1104,C,BABR,2709,Pendente,1.0
2026-07-27,34,431-0101-01,C,BABR,2709,OK,1.0
2026-07-27,35,2650026-3,C,BABR,2709,OK,2.0
2026-07-27,36,S2300-12,C,BABR,2709,OK,3.0
2026-07-27,37,S2357-1,C,BABR,2709,OK,10.0
2026-07-27,38,2N6576,C,BABR,2709,OK,3.0
2026-07-27,39,22827-3,C,BABR,2709,OK,10.0
2026-07-27,40,068-02800,C,BABR,2709,Pendente,2.0
2026-07-27,41,2N6576,C,BABR,2709,OK,2.0
2026-07-27,42,060-0015-00,R,BABR,2709,Pendente,1.0
2026-07-27,43,066-4010-10,R,BABR,2709,OK,1.0
2026-07-27,44,011-01020-10,R,BAMN,2740,Pendente,1.0
2026-07-27,45,CM2990-G1,C,BABR,2709,Pendente,4.0
2026-07-27,46,C262023-0107,C,CLA,2723,OK,2.0
2026-07-27,47,2126001-1,C,BAMN,2737,Pendente,1.0
2026-07-27,48,2612035-1,C,BANT,2722,Pendente,1.0
2026-07-27,49,2641012-15,R,BANT,2728,Pendente,1.0
2026-07-27,50,DD2W,C,BACO,2743,Pendente,10.0
2026-07-27,51,S3100-581,C,BAMN,2737,Pendente,1.0
2026-07-27,52,GF5500-81,C,BAMN,2736,Pendente,1.0
2026-07-27,53,088-01132-0002,C,BANT,2728,Pendente,1.0
2026-07-27,54,2641012-14,R,BANT,2719,Pendente,1.0
2026-07-27,55,2641012-9,R,BANT,2719,Pendente,1.0
2026-07-27,56,52283,C,BANT,2719,Pendente,2.0
2026-07-27,57,AE3663162E0120,C,BANT,2723,Pendente,1.0
2026-07-27,58,EA-5175-52-CES,R,BANT,2728,OK,1.0
2026-07-27,59,S3100-630,C,BAMN,2737,Pendente,1.0
2026-07-27,60,2660001-107,C,BANT,2719,Pendente,1.0
2026-07-27,61,2660057-1,C,BANT,2719,Pendente,2.0
2026-07-27,62,2660057-1,C,BANT,2728,Pendente,2.0
2026-07-27,63,A-A-55487-5,C,BANT,2719,Pendente,8.0
2026-07-27,64,S2319-64,C,BACO,2743,Pendente,40.0
2026-07-27,65,060-0017-00,R,BANT,2708,Pendente,1.0
2026-07-27,66,MS3456W12S3S,C,BABR,2709,Pendente,2.0
2026-07-27,67,2682001-1,T,BABE/BANT,2739,OK,1.0
2026-07-27,68,MS3509-28,C,BACG,2727,Pendente,2.0
2026-07-27,69,S2899L0.5,C,BACG,2727,Pendente,1.0
2026-07-27,70,1U149-015-15,R,BACO,2743,Pendente,1.0
2026-07-27,71,AN6289J5,C,BABR,2709,Pendente,2.0
2026-07-27,72,MS17825-3,C,BANT,2728,Pendente,2.0
2026-07-27,73,MS17826-3,C,BANT,2728,Pendente,2.0
2026-07-27,74,200-1902-00,C,BAMN,2736,Pendente,2.0
2026-07-27,75,161-12800,R,BANT,2722 / 2728,Pendente,1.0
2026-07-27,76,162-11800,R,BANT,2722 / 2728,Pendente,3.0
2026-07-27,77,161-11700,R,BANT,2722 / 2728,Pendente,1.0
2026-07-27,78,162-10700,R,BANT,2722 / 2728,Pendente,1.0
2026-07-27,79,CI105-9,C,BANT,2722 / 2728,Pendente,1.0
2026-07-27,80,S2669-1,C,BAMN,2738,Pendente,1.0
2026-07-27,81,MS24694-S54,C,DACTA II,2742,Pendente,1.0
2026-07-27,82,NAS1741-06R8,C,BANT,2722,Pendente,10.0
2026-07-27,83,MS24693-S48,C,BANT,2722,Pendente,50.0
2026-07-27,84,071-1242-06,R,CLA,2723,Pendente,1.0
2026-07-27,85,066-3046-01,R,CLA,2723,Pendente,1.0
2026-07-27,86,C661064-0237,R,BABR,2709,Pendente,1.0
2026-07-27,87,76-207-12,C,BABE,2733,Pendente,1.0
2026-07-27,88,071-1242-06,R,BABR,2709,Pendente,1.0
2026-07-27,89,065-0060-01,R,BANT,2722,Pendente,1.0
2026-07-27,91,069-1025-25,R,BACG,2727,Pendente,1.0
2026-07-27,92,066-3084-32,R,BABR,2709,OK,1.0
2026-07-27,93,SD5H14S6667,R,DACTA II,2742,Pendente,1.0
2026-07-27,94,AN4H3A,C,BACO,2743,Pendente,1.0
2026-07-27,95,2615140-2,C,BACO,2743,Pendente,1.0
2026-07-27,96,430-00032-10,C,BABR,2720,Pendente,1.0
2026-07-27,97,MS24392-10,C,BAMN,2741,OK,1.0
2026-07-27,98,9910586-4,R,BAMN,2740,Pendente,1.0
2026-07-27,99,025323-150,R,BABR,2720,Pendente,1.0
2026-07-27,100,011-00916-00,R,BABE,2739,Pendente,1.0
2026-07-27,101,F222086,C,BABR,2720,Pendente,1.0
2026-07-27,102,4626,C,BACG,2727.0,Pendente,1.0
2026-07-27,103,2601040-3,C,BACG,2727.0,Pendente,1.0
2026-07-27,104,345-6196-04,C,BABE,2733.0,Pendente,1.0
2026-07-27,105,200-01902-0000,C,BAMN,2738,Pendente,1.0
2026-07-27,106,9864054-7,C,BAMN,2738,Pendente,1.0
2026-07-27,107,MS28773-05,C,BABR,2720,Pendente,1.0
2026-07-27,108,MS28773-05,C,BABE,2733,Pendente,1.0
2026-07-27,109,2606015-3,R,BABR,2720,Pendente,1.0
2026-07-27,110,C662041-0102,R,BABR,2720,Pendente,1.0
2026-07-27,111,069-01033-0101,R,BANT,2722,OK,1.0
2026-07-27,112,51539-012N,R,BANT,2719.0,Pendente,1.0
2026-07-27,113,2671000PB1,C,BACG,2727,Pendente,1.0
2026-07-27,114,580-219-154,C,BACO,2743,Pendente,1.0
2026-07-27,115,2650085-15,C,BACO,2743,Pendente,1.0
2026-07-27,116,2652021-80,C,BACO,2743,Pendente,2.0
2026-07-27,117,SL6015-5,C,BACO,2743,Pendente,2.0
2026-07-27,118,MS25171-1S,C,BACO,2743,Pendente,10.0
2026-07-27,119,C-145-450,C,BAMN,2732,Pendente,1.0
2026-07-27,120,K00-00351-00,C,BAMN,2740,Pendente,3.0
2026-07-27,121,9910085-2,R,BANT,2728,Pendente,1.0
2026-07-27,122,D210507,R,BANT,2728,Pendente,1.0
2026-07-27,123,RV05-268,C,BANT,2719,Pendente,1.0
2026-07-27,124,RV05-268,C,BANT,2728,Pendente,1.0
2026-07-27,125,5040033933,R,BABR,2709,Pendente,1.0
2026-07-27,126,1U648-001,C,DACTA II,2742,Pendente,1.0
2026-07-27,127,161-12800,R,BABR,2709,Pendente,1.0
2026-07-27,128,162-11800,R,BABR,2709,Pendente,1.0
2026-07-27,129,302-120-402,C,BABR,2709,Pendente,1.0
2026-07-27,130,850C86-2,C,BABR,2709,Pendente,1.0
2026-07-27,131,AN316-4R,C,BABR,2709,Pendente,6.0
2026-07-27,132,C668540-0102,C,EPCAR,2702,Pendente,1.0
2026-07-27,133,MS20392-1C11,C,BAMN,2730,Pendente,1.0
2026-07-27,134,161-11700,R,DACTA II,2742,Pendente,1.0
2026-07-27,135,162-10700,R,DACTA II,2742,Pendente,1.0
2026-07-27,136,AE3663161E0113,C,DACTA II,2742,Pendente,1.0
2026-07-27,137,ST2231-05,C,BANT,2719 / 2728,Pendente,10.0
2026-07-27,138,NAS561P5-12,C,BANT,2719 / 2728,Pendente,2.0
2026-07-27,139,MS20392-1C11,C,BAMN,2730,Pendente,1.0
2026-07-27,140,2617024-6,C,BABE,2739,Pendente,1.0
2026-07-27,141,P860037,C,BABE,2739,Pendente,1.0
2026-07-27,142,S2655-1,C,BABE,2739,Pendente,1.0
2026-07-27,143,2651022-20-1,R,BABE,2739,Pendente,1.0
2026-07-27,144,AE3663163K0600,C,BABR,2709.0,Pendente,1.0
2026-07-27,145,161-11700,R,BACO,2743,Pendente,1.0
2026-07-27,146,162-10700,R,BACO,2743,Pendente,1.0
2026-07-27,147,2641011-5,R,BACO,2743,Pendente,2.0
2026-07-27,148,C662041-0102,R,BABR,2720,Pendente,2.0
2026-07-27,149,069-01033-0101,R,BABR,2720,Pendente,1.0
2026-07-27,150,S1587-7,C,BABE,2739,Pendente,1.0
2026-07-27,151,161-11700,R,BANT,2719 / 2728,Pendente,2.0
2026-07-27,152,162-10700,R,BANT,2719 / 2728,Pendente,2.0
2026-07-27,153,C352TS,T,DACTA II,2742,OK,1.0
2026-07-27,154,066-3046-07,R,CLA,2723,Pendente,1.0
2026-07-27,155,066-1055-00,R,CLA,2723,Pendente,1.0
2026-07-27,156,065-0041-00,R,CLA,2723,Pendente,1.0
2026-07-27,157,200-01902-0000,C,BABE,2731,Pendente,1.0
2026-07-27,158,AN315C4R,C,BANT,2719,Pendente,2.0
2026-07-27,159,2651024-5,C,BANT,2719,Pendente,2.0
2026-07-27,160,MS20392-2C29,C,BANT,2719,Pendente,1.0
2026-07-27,161,071-1052-00,R,BANT,2728,Pendente,1.0
2026-07-27,162,2651022-20-1,R,BABE,2733,Pendente,1.0
2026-07-27,163,071-1242-06,R,BANT,2728,Pendente,1.0
2026-07-27,164,C661065-0237,R,BANT,2719,Pendente,1.0
2026-07-27,165,2618510-10,T,BANT,2728,Pendente,1.0
2026-07-27,166,071-1242-06,R,BANT,2719,Pendente,1.0
2026-07-27,167,C661030-0301,R,BANT,2719,Pendente,1.0
2026-07-27,168,2651040-2,T,EPCAR,2702,Pendente,1.0
2026-07-27,169,2651022-20-1,T,EPCAR,2702,Pendente,1.0
2026-07-27,170,NAS147-43,C,EPCAR,2702,Pendente,2.0
2026-07-27,171,MS21044N7,C,EPCAR,2702,Pendente,2.0
2026-07-27,172,NAS1149F0732P,C,EPCAR,2702,Pendente,2.0
2026-07-27,173,MS20002C7,C,EPCAR,2702,Pendente,4.0
2026-07-27,174,AN5C12A,C,EPCAR,2702,Pendente,1.0
2026-07-27,175,NAS1149C0563R,C,EPCAR,2702,Pendente,2.0
2026-07-27,176,S1450-5H16-032,C,EPCAR,2702,Pendente,1.0
2026-07-27,177,MS21042L5,C,EPCAR,2702,Pendente,1.0
2026-07-27,178,MS20007-16,C,EPCAR,2702,Pendente,2.0
2026-07-27,179,C352TS,T,BACO,2743,OK,1.0
2026-07-27,180,060-0015-00,R,BANT,2721,Pendente,1.0
2026-07-27,181,065-0030-00,R,BANT,2728,Pendente,1.0
2026-07-27,182,066-3060-00,R,BANT,2708 / 2721,Pendente,2.0
2026-07-27,183,C598505-0303,R,BANT,2728,Pendente,1.0
2026-07-27,184,2606016-17,C,BABR,2720,Pendente,1.0
2026-07-27,185,2606016-17,C,BABR,2720,Pendente,1.0
2026-07-27,186,DCN4-5407,C,BABR,2720,Pendente,50.0
2026-07-27,187,NAS147-97,C,EPCAR,2702,Pendente,1.0
2026-07-27,188,NAS147-84,C,EPCAR,2702,Pendente,2.0
2026-07-27,189,AN363-720,C,EPCAR,2702,Pendente,4.0
2026-07-27,190,MS20007-68,C,EPCAR,2702,Pendente,1.0
2026-07-27,191,9910333-1,C,EPCAR,2702,Pendente,6.0
2026-07-27,192,S3461-64,C,EPCAR,2702,Pendente,1.0
2026-07-27,193,AN310C8,C,EPCAR,2702,Pendente,3.0
2026-07-27,194,AN310C8,C,EPCAR,2702,Pendente,3.0
2026-07-27,195,S3465-2-0160,C,BAMN,2737,Pendente,1.0
2026-07-27,196,069-1025-25,R,CLA,2723,Pendente,1.0
2026-07-27,197,069-01033-0101,R,BABR,2720,Pendente,1.0
2026-07-27,198,901207K1,C,BABE,2739,Pendente,5.0
2026-07-27,199,3240572,C,BABE,2739,Pendente,2.0
2026-07-27,200,AE3663162E0120,C,BANT,2703,Pendente,2.0
2026-07-27,201,AN924-3D,C,BACG,2727,Pendente,4.0
2026-07-27,202,MS28778-3,C,BACG,2727,Pendente,2.0
2026-07-27,203,C661065-0237,R,BABR,2721,Pendente,1.0
2026-07-27,204,9910338-4,R,BABR,2721,Pendente,1.0
2026-07-27,205,2643100-206,R,BANT,2719,Pendente,1.0
2026-07-27,206,2618510-10,T,BANT,2719,Pendente,1.0
2026-07-27,207,066-3084-32,R,BANT,2719,Pendente,1.0
2026-07-27,208,3014226,C,BANT,2719,Pendente,1.0
2026-07-27,209,S1450-4S10-032,C,BANT,2719,Pendente,2.0
2026-07-27,210,MS27975-2,C,BANT,2719,Pendente,2.0
2026-07-27,211,S1021Z8-8,C,BANT,2719,Pendente,6.0
2026-07-27,212,R581559,C,BANT,2719,Pendente,2.0
2026-07-27,213,R581559,C,BANT,2719,Pendente,1.0
2026-07-27,214,R581559,C,BANT,2719,Pendente,1.0
2026-07-27,215,C145-00-46,C,BAMN,2732,Pendente,1.0
2026-07-27,216,U554426,C,BABE,2739,Pendente,60.0
2026-07-27,217,2653019-1,C,BABR,2721,Pendente,1.0
2026-07-27,218,MS35426-27,C,BABR,2721,Pendente,4.0
2026-07-27,219,S1741-1,C,BABR,2721,Pendente,4.0
2026-07-27,220,A1633-72,C,BACO,2742,Pendente,1.0
2026-07-27,221,A1639-32,C,BACO,2742,Pendente,8.0
2026-07-27,222,AN363-720,C,BACO,2742,Pendente,4.0
2026-07-27,223,AS3209-016,C,BACO,2742,Pendente,1.0
2026-07-27,224,DCN4-3807,C,BACO,2742,Pendente,1.0
2026-07-27,225,MS20002C7,C,BACO,2742,Pendente,4.0
2026-07-27,226,MS20007-68,C,BACO,2742,Pendente,1.0
2026-07-27,227,MS28773-05,C,BACO,2742,Pendente,1.0
2026-07-27,228,MS28775-022,C,BACO,2742,Pendente,1.0
2026-07-27,229,MS28778-4,C,BACO,2742,Pendente,1.0
2026-07-27,230,MS29512-08,C,BACO,2742,Pendente,1.0
2026-07-27,231,NAS1149C0763R,C,BACO,2742,Pendente,4.0
2026-07-27,232,NAS147-84,C,BACO,2742,Pendente,2.0
2026-07-27,233,NAS147-97,C,BACO,2742,Pendente,1.0
2026-07-27,234,C598505-0304,C,BANT,FROTA,Pendente,1.0
2026-07-27,235,C598505-0304,C,BANT,FROTA,Pendente,1.0
2026-07-27,236,C598505-0303,C,BANT,FROTA,Pendente,2.0
2026-07-27,237,C598505-0303,C,BANT,FROTA,Pendente,1.0
2026-07-27,238,70-22-01,C,BANT,FROTA,Pendente,2.0
2026-07-27,239,70-22-01,C,BANT,FROTA,Pendente,2.0
2026-07-27,240,066-01141-5101,R,BANT,FROTA,Pendente,1.0
2026-07-27,241,MS35206-247,C,BANT,FROTA,Pendente,20.0
2026-07-27,242,065-0042-15,R,BANT,FROTA,Pendente,1.0
2026-07-27,243,C662041-0102,R,BANT,FROTA,Pendente,1.0
2026-07-27,244,011-00412-00,R,BANT,FROTA,Pendente,1.0
2026-07-27,245,3014227,C,BANT,FROTA,Pendente,1.0
2026-07-27,246,A1633-72,C,BANT,FROTA,Pendente,1.0
2026-07-27,247,066-3084-32,R,BANT,FROTA,Pendente,1.0
2026-07-27,248,AE3663724G0330,C,BANT,FROTA,Pendente,3.0
2026-07-27,249,0541140-1,C,BACG,2727,Pendente,1.0
2026-07-27,250,644-04303416,C,BANT,2719,Pendente,1.0
2026-07-27,251,C668050-1108,C,BABR,2721,Pendente,1.0
2026-07-27,252,2641012-14,T,BABE,2731,Pendente,1.0
2026-07-27,253,S2495-12B0600,C,BACG,2727,Pendente,1.0
2026-07-27,254,2641014-9,T,BABE,2731,Pendente,1.0
2026-07-27,255,S1985-1,C,CLA,2723,Pendente,1.0
2026-07-27,256,S1985-1,C,CLA,2723,Pendente,1.0
2026-07-27,257,200SGL153Q,R,BACO,2743,OK,1.0
2026-07-27,258,9910338-8RX,R,BABR,2721,Pendente,1.0
2026-07-27,259,162-11800,R,BANT,2703,Pendente,2.0
2026-07-27,260,200SGL119Q-2,R,BANT,2722,OK,1.0
2026-07-27,261,2641011-5,T,BANT,2719,Pendente,1.0
2026-07-27,262,452-0133,T,BANT,2728,Pendente,1.0
2026-07-27,263,C352TS,R,BANT,2728,OK,1.0
2026-07-27,264,S3326-2,R,BABE,2731,Pendente,1.0
2026-07-27,265,S2502-3,C,BABE,2731,Pendente,2.0
2026-07-27,266,P860037,C,BABE,2733,Pendente,2.0
2026-07-27,267,AE3663231B0160,C,BAMN,2736 / 2738 / 2741,Pendente,3.0
2026-07-27,268,8210-002-01,R,BABR,2721,Pendente,1.0
2026-07-27,269,DCN4-3807,C,BABR,2721,Pendente,2.0
2026-07-27,270,MS28773-05,C,BABR,2721,Pendente,2.0
2026-07-27,271,1215073-28,C,BABR,2721,Pendente,2.0
2026-07-27,272,9910573-21,C,BABR,2721,Pendente,1.0
2026-07-27,273,3121248-03,R,BABR,2721,Pendente,1.0
2026-07-27,274,5040033933,R,BABR,2709,Pendente,1.0
2026-07-27,275,R581559,C,BABR,2709,Pendente,4.0
2026-07-27,276,S3413-104,C,BABR,2709,Pendente,10.0
2026-07-27,277,S3413-105,C,BABR,2709,Pendente,10.0
2026-07-27,278,S3413-107,C,BABR,2709,Pendente,10.0
2026-07-27,279,S3413-109,C,BABR,2709,Pendente,5.0
2026-07-27,280,S3413-110,C,BABR,2709,Pendente,10.0
2026-07-27,281,S2319-64,C,BABR,2709,Pendente,50.0
2026-07-27,282,S2319-50,C,BABR,2709,Pendente,50.0
2026-07-27,283,B4864,C,BABR,2709,Pendente,1.0
2026-07-27,284,B4940-1,C,BABR,2709,Pendente,1.0
2026-07-27,285,B4940-2,C,BABR,2709,Pendente,10.0
2026-07-27,286,2654012-2,C,BABR,2709,Pendente,1.0
2026-07-27,287,5111602-16,C,BABE,2731,Pendente,67.0
2026-07-27,288,2641032-202,C,BAMN,2741,Pendente,1.0
2026-07-27,289,850C86-2,C,BABR,2709,Pendente,2.0
2026-07-27,290,302-120-402,C,BABR,2709,Pendente,1.0
2026-07-27,291,MS28778-3,C,BAMN,2736,Pendente,6.0
2026-07-27,292,AE3663161E0113,C,BAMN,2736,Pendente,1.0
2026-07-27,293,1414116-7,C,BABE,2739,Pendente,4.0
2026-07-27,294,S1985-1,C,BANT,2708,Pendente,1.0
2026-07-27,295,2270030-12,C,BANT,2708,Pendente,1.0
2026-07-27,296,066-4010-12,R,BANT,2708,Pendente,1.0
2026-07-27,297,3034792,R,DACTA II,2742,Pendente,1.0
2026-07-27,298,3024973,C,DACTA II,2742,Pendente,1.0
2026-07-27,299,M83461/1-012,C,DACTA II,2742,Pendente,1.0
2026-07-27,300,3039937,C,DACTA II,2742,Pendente,1.0
2026-07-27,301,3014227,C,DACTA II,2742,Pendente,1.0
2026-07-27,302,C668050-1108,C,BABE,2723,Pendente,1.0
2026-07-27,303,2522275-1,C,BABE,2723,Pendente,2.0
2026-07-27,304,S2870-1,C,BABE,2723,Pendente,2.0
2026-07-27,305,NSL 1422 B2,C,BABE,2723,Pendente,6.0
2026-07-27,306,AN320-3,C,BABR,2709,Pendente,4.0
2026-07-27,307,2613419-1,C,BABR,2709,Pendente,1.0
2026-07-27,308,AN565B428H4,C,BABR,2709,Pendente,2.0
2026-07-27,309,2662007-4,C,BABR,2709,Pendente,2.0
2026-07-27,310,2662022-1,C,BABR,2709,Pendente,2.0
2026-07-27,311,AN315-3L,C,BABR,2709,Pendente,2.0
2026-07-27,312,B145-78-7,C,BABR,2709,Pendente,1.0
2026-07-27,313,AS5174D1210,C,BAMN,2732,Pendente,1.0
2026-07-27,314,MS24392-10,C,BAMN,2732,Pendente,1.0
2026-07-27,315,An4-17,C,BANT,2729,Pendente,1.0
2026-07-27,316,S1450-6B12-032,C,BANT,2729,Pendente,2.0
2026-07-27,317,065-0059-01,C,BANT,2722,Pendente,1.0
2026-07-27,318,065-0059-01,C,BANT,2708,Pendente,1.0
2026-07-27,319,050-1518-00,C,BANT,2719,Pendente,1.0
2026-07-27,320,MS21025-24,C,BANT,2729,Pendente,1.0
2026-07-27,321,S51-14,C,BANT,2703,Pendente,1.0
2026-07-27,322,065-0042-03,C,BANT,2719,Pendente,1.0
2026-07-27,323,A1639-32,C,CLA,2723,Pendente,8.0
2026-07-27,324,B-5096,C,CLA,2723,Pendente,8.0
2026-07-27,325,A1633-72,C,CLA,2723,Pendente,2.0
2026-07-27,326,S3326-2RX,R,BACO,2743,Pendente,1.0
2026-07-27,327,799-1,R,BACO,2743,Pendente,1.0
2026-07-27,328,060-0017-00,R,BANT,2703,Pendente,1.0
2026-07-27,329,060-0017-00,R,BANT,2708,Pendente,1.0
2026-07-27,330,4002HS,C,BABR,2709,Pendente,10.0
2026-07-27,331,83-0057,C,BACG,2727,Pendente,1.0
2026-07-27,332,060-0015-00,C,BANT,2729,Pendente,1.0
2026-07-27,333,065-0042-15,C,BANT,2702,Pendente,1.0
2026-07-27,334,99-223-6B23284,C,BANT,2702,Pendente,1.0
2026-07-27,335,065-0042-15,C,BANT,2703,Pendente,1.0
2026-07-27,336,2610014-1,C,BANT,2719,Pendente,1.0
2026-07-27,337,NAS464P4A10,C,BANT,2719,Pendente,5.0
2026-07-27,338,A4513-1,C,BANT,2729,Pendente,1.0
2026-07-27,339,S1104-3,C,BANT,2719,Pendente,1.0
2026-07-27,340,011-00870-00,R,BAMN,2730,Pendente,1.0
2026-07-27,341,MS3116F8-3S,C,BANT,2729,Pendente,1.0
2026-07-27,342,2611024-1,C,BANT,2703,Pendente,2.0
2026-07-27,343,S2527-1,C,BACO,2743,Pendente,2.0
2026-07-27,344,24RB/EWC,C,BACO,2743,Pendente,3.0
2026-07-27,345,1308,C,BACO,2743,Pendente,1.0
2026-07-28,1,302-039-402,C,BABV,2741,Pendente,1.0
2026-07-28,2,302-039-402,C,BAMN,2740,Pendente,1.0
2026-07-28,3,065-0065-01,T,BANT,2719,Pendente,1.0
2026-07-28,4,NAS1739B4-6,C,BABE,2731,Desconsiderado,100.0
2026-07-28,5,CR2248-4-4,C,BABE,2731,Desconsiderado,100.0
2026-07-28,6,NAS1097AD6-5,C,BABE,2731,Desconsiderado,500.0
2026-07-28,7,NAS1097AD6-4,C,BABE,2731,Desconsiderado,100.0
2026-07-28,8,NAS1097AD5-4,C,BABE,2731,Desconsiderado,1.0
2026-07-28,9,NAS1097AD5-7,C,BABE,2731,Desconsiderado,1.0
2026-07-28,10,NAS1097AD4-3,C,BABE,2731,Desconsiderado,1.0
2026-07-28,11,NAS1097AD3-7,C,BABE,2731,Desconsiderado,50.0
2026-07-28,12,5934PAD-3,R,BABE,2739,Pendente,1.0
2026-07-28,13,068-02800,C,BANT,2722,Pendente,1.0
2026-07-28,14,RA068-02800,C,BANT,2722,Pendente,1.0
2026-07-28,15,MS21442-121,C,BABR,2709,Pendente,2.0
2026-07-28,16,523919,C,BABR,2709,Pendente,2.0
2026-07-28,17,065-0042-03,R,BANT,2722,OK,1.0
2026-07-28,18,AE3663163K0600,C,BANT,2728,Pendente,1.0
2026-07-28,19,MS21044N9,C,BANT,2728 e 2719,Pendente,16.0
2026-07-28,20,MS21044N9,C,BANT,2729,OK,8.0
2026-07-28,21,C145-00-46,C,BABR,2709,OK,1.0
2026-07-28,22,62800-001,T,BABR,2709,OK,1.0
2026-07-28,23,065-0042-15,R,BASM,2708,Pendente,1.0
2026-07-28,24,S3326-2,R,BAMN,*,Pendente,1.0
2026-07-28,25,MS29513-338,C,BANT,2719,Pendente,4.0
2026-07-28,26,030-18200,R,BAMN,2732,OK,1.0
2026-07-28,27,9864054-7,C,BAMN,2740,Pendente,1.0
2026-07-28,28,2606015-2,R,BABR,2720,Pendente,1.0
2026-07-28,29,76-207-12,C,BAMN,2740,Pendente,1.0
2026-07-28,30,MS20007-30,C,BABE,2733,OK,2.0
2026-07-28,31,MS20007-16,C,BABE,2733,Pendente,2.0
2026-07-28,32,B-5121,C,EEAR,2703,OK,1.0
2026-07-28,33,C668050-1104,C,BABR,2709,Pendente,1.0
2026-07-28,34,431-0101-01,C,BABR,2709,OK,1.0
2026-07-28,35,2650026-3,C,BABR,2709,OK,2.0
2026-07-28,36,S2300-12,C,BABR,2709,OK,3.0
2026-07-28,37,S2357-1,C,BABR,2709,OK,10.0
2026-07-28,38,2N6576,C,BABR,2709,OK,3.0
2026-07-28,39,22827-3,C,BABR,2709,OK,10.0
2026-07-28,40,068-02800,C,BABR,2709,Pendente,2.0
2026-07-28,41,2N6576,C,BABR,2709,OK,2.0
2026-07-28,42,060-0015-00,R,BABR,2709,Pendente,1.0
2026-07-28,43,066-4010-10,R,BABR,2709,OK,1.0
2026-07-28,44,011-01020-10,R,BAMN,2740,Pendente,1.0
2026-07-28,45,CM2990-G1,C,BABR,2709,Pendente,4.0
2026-07-28,46,C262023-0107,C,CLA,2723,OK,2.0
2026-07-28,47,2126001-1,C,BAMN,2737,Pendente,1.0
2026-07-28,48,2612035-1,C,BANT,2722,Pendente,1.0
2026-07-28,49,2641012-15,R,BANT,2728,Pendente,1.0
2026-07-28,50,DD2W,C,BACO,2743,Pendente,10.0
2026-07-28,51,S3100-581,C,BAMN,2737,Pendente,1.0
2026-07-28,52,GF5500-81,C,BAMN,2736,Pendente,1.0
2026-07-28,53,088-01132-0002,C,BANT,2728,Pendente,1.0
2026-07-28,54,2641012-14,R,BANT,2719,Pendente,1.0
2026-07-28,55,2641012-9,R,BANT,2719,Pendente,1.0
2026-07-28,56,52283,C,BANT,2719,Pendente,2.0
2026-07-28,57,AE3663162E0120,C,BANT,2723,Pendente,1.0
2026-07-28,58,EA-5175-52-CES,R,BANT,2728,OK,1.0
2026-07-28,59,S3100-630,C,BAMN,2737,Pendente,1.0
2026-07-28,60,2660001-107,C,BANT,2719,Pendente,1.0
2026-07-28,61,2660057-1,C,BANT,2719,Pendente,2.0
2026-07-28,62,2660057-1,C,BANT,2728,Pendente,2.0
2026-07-28,63,A-A-55487-5,C,BANT,2719,Pendente,8.0
2026-07-28,64,S2319-64,C,BACO,2743,Pendente,40.0
2026-07-28,65,060-0017-00,R,BANT,2708,Pendente,1.0
2026-07-28,66,MS3456W12S3S,C,BABR,2709,Pendente,2.0
2026-07-28,67,2682001-1,T,BABE/BANT,2739,OK,1.0
2026-07-28,68,MS3509-28,C,BACG,2727,Pendente,2.0
2026-07-28,69,S2899L0.5,C,BACG,2727,Pendente,1.0
2026-07-28,70,1U149-015-15,R,BACO,2743,Pendente,1.0
2026-07-28,71,AN6289J5,C,BABR,2709,Pendente,2.0
2026-07-28,72,MS17825-3,C,BANT,2728,Pendente,2.0
2026-07-28,73,MS17826-3,C,BANT,2728,Pendente,2.0
2026-07-28,74,200-1902-00,C,BAMN,2736,Pendente,2.0
2026-07-28,75,161-12800,R,BANT,2722 / 2728,Pendente,1.0
2026-07-28,76,162-11800,R,BANT,2722 / 2728,Pendente,3.0
2026-07-28,77,161-11700,R,BANT,2722 / 2728,Pendente,1.0
2026-07-28,78,162-10700,R,BANT,2722 / 2728,Pendente,1.0
2026-07-28,79,CI105-9,C,BANT,2722 / 2728,Pendente,1.0
2026-07-28,80,S2669-1,C,BAMN,2738,Pendente,1.0
2026-07-28,81,MS24694-S54,C,DACTA II,2742,Pendente,1.0
2026-07-28,82,NAS1741-06R8,C,BANT,2722,Pendente,10.0
2026-07-28,83,MS24693-S48,C,BANT,2722,Pendente,50.0
2026-07-28,84,071-1242-06,R,CLA,2723,Pendente,1.0
2026-07-28,85,066-3046-01,R,CLA,2723,Pendente,1.0
2026-07-28,86,C661064-0237,R,BABR,2709,Pendente,1.0
2026-07-28,87,76-207-12,C,BABE,2733,Pendente,1.0
2026-07-28,88,071-1242-06,R,BABR,2709,Pendente,1.0
2026-07-28,89,065-0060-01,R,BANT,2722,Pendente,1.0
2026-07-28,91,069-1025-25,R,BACG,2727,Pendente,1.0
2026-07-28,92,066-3084-32,R,BABR,2709,OK,1.0
2026-07-28,93,SD5H14S6667,R,DACTA II,2742,Pendente,1.0
2026-07-28,94,AN4H3A,C,BACO,2743,Pendente,1.0
2026-07-28,95,2615140-2,C,BACO,2743,Pendente,1.0
2026-07-28,96,430-00032-10,C,BABR,2720,Pendente,1.0
2026-07-28,97,MS24392-10,C,BAMN,2741,OK,1.0
2026-07-28,98,9910586-4,R,BAMN,2740,Pendente,1.0
2026-07-28,99,025323-150,R,BABR,2720,Pendente,1.0
2026-07-28,100,011-00916-00,R,BABE,2739,Pendente,1.0
2026-07-28,101,F222086,C,BABR,2720,Pendente,1.0
2026-07-28,102,4626,C,BACG,2727.0,Pendente,1.0
2026-07-28,103,2601040-3,C,BACG,2727.0,Pendente,1.0
2026-07-28,104,345-6196-04,C,BABE,2733.0,Pendente,1.0
2026-07-28,105,200-01902-0000,C,BAMN,2738,Pendente,1.0
2026-07-28,106,9864054-7,C,BAMN,2738,Pendente,1.0
2026-07-28,107,MS28773-05,C,BABR,2720,Pendente,1.0
2026-07-28,108,MS28773-05,C,BABE,2733,Pendente,1.0
2026-07-28,109,2606015-3,R,BABR,2720,Pendente,1.0
2026-07-28,110,C662041-0102,R,BABR,2720,Pendente,1.0
2026-07-28,111,069-01033-0101,R,BANT,2722,OK,1.0
2026-07-28,112,51539-012N,R,BANT,2719.0,Pendente,1.0
2026-07-28,113,2671000PB1,C,BACG,2727,Pendente,1.0
2026-07-28,114,580-219-154,C,BACO,2743,Pendente,1.0
2026-07-28,115,2650085-15,C,BACO,2743,Pendente,1.0
2026-07-28,116,2652021-80,C,BACO,2743,Pendente,2.0
2026-07-28,117,SL6015-5,C,BACO,2743,Pendente,2.0
2026-07-28,118,MS25171-1S,C,BACO,2743,Pendente,10.0
2026-07-28,119,C-145-450,C,BAMN,2732,Pendente,1.0
2026-07-28,120,K00-00351-00,C,BAMN,2740,Pendente,3.0
2026-07-28,121,9910085-2,R,BANT,2728,Pendente,1.0
2026-07-28,122,D210507,R,BANT,2728,Pendente,1.0
2026-07-28,123,RV05-268,C,BANT,2719,Pendente,1.0
2026-07-28,124,RV05-268,C,BANT,2728,Pendente,1.0
2026-07-28,125,5040033933,R,BABR,2709,Pendente,1.0
2026-07-28,126,1U648-001,C,DACTA II,2742,Pendente,1.0
2026-07-28,127,161-12800,R,BABR,2709,Pendente,1.0
2026-07-28,128,162-11800,R,BABR,2709,Pendente,1.0
2026-07-28,129,302-120-402,C,BABR,2709,Pendente,1.0
2026-07-28,130,850C86-2,C,BABR,2709,Pendente,1.0
2026-07-28,131,AN316-4R,C,BABR,2709,Pendente,6.0
2026-07-28,132,C668540-0102,C,EPCAR,2702,Pendente,1.0
2026-07-28,133,MS20392-1C11,C,BAMN,2730,Pendente,1.0
2026-07-28,134,161-11700,R,DACTA II,2742,Pendente,1.0
2026-07-28,135,162-10700,R,DACTA II,2742,Pendente,1.0
2026-07-28,136,AE3663161E0113,C,DACTA II,2742,Pendente,1.0
2026-07-28,137,ST2231-05,C,BANT,2719 / 2728,Pendente,10.0
2026-07-28,138,NAS561P5-12,C,BANT,2719 / 2728,Pendente,2.0
2026-07-28,139,MS20392-1C11,C,BAMN,2730,Pendente,1.0
2026-07-28,140,2617024-6,C,BABE,2739,Pendente,1.0
2026-07-28,141,P860037,C,BABE,2739,Pendente,1.0
2026-07-28,142,S2655-1,C,BABE,2739,Pendente,1.0
2026-07-28,143,2651022-20-1,R,BABE,2739,Pendente,1.0
2026-07-28,144,AE3663163K0600,C,BABR,2709.0,Pendente,1.0
2026-07-28,145,161-11700,R,BACO,2743,Pendente,1.0
2026-07-28,146,162-10700,R,BACO,2743,Pendente,1.0
2026-07-28,147,2641011-5,R,BACO,2743,Pendente,2.0
2026-07-28,148,C662041-0102,R,BABR,2720,Pendente,2.0
2026-07-28,149,069-01033-0101,R,BABR,2720,Pendente,1.0
2026-07-28,150,S1587-7,C,BABE,2739,Pendente,1.0
2026-07-28,151,161-11700,R,BANT,2719 / 2728,Pendente,2.0
2026-07-28,152,162-10700,R,BANT,2719 / 2728,Pendente,2.0
2026-07-28,153,C352TS,T,DACTA II,2742,OK,1.0
2026-07-28,154,066-3046-07,R,CLA,2723,Pendente,1.0
2026-07-28,155,066-1055-00,R,CLA,2723,Pendente,1.0
2026-07-28,156,065-0041-00,R,CLA,2723,Pendente,1.0
2026-07-28,157,200-01902-0000,C,BABE,2731,Pendente,1.0
2026-07-28,158,AN315C4R,C,BANT,2719,Pendente,2.0
2026-07-28,159,2651024-5,C,BANT,2719,Pendente,2.0
2026-07-28,160,MS20392-2C29,C,BANT,2719,Pendente,1.0
2026-07-28,161,071-1052-00,R,BANT,2728,Pendente,1.0
2026-07-28,162,2651022-20-1,R,BABE,2733,Pendente,1.0
2026-07-28,163,071-1242-06,R,BANT,2728,Pendente,1.0
2026-07-28,164,C661065-0237,R,BANT,2719,Pendente,1.0
2026-07-28,165,2618510-10,T,BANT,2728,Pendente,1.0
2026-07-28,166,071-1242-06,R,BANT,2719,Pendente,1.0
2026-07-28,167,C661030-0301,R,BANT,2719,Pendente,1.0
2026-07-28,168,2651040-2,T,EPCAR,2702,Pendente,1.0
2026-07-28,169,2651022-20-1,T,EPCAR,2702,Pendente,1.0
2026-07-28,170,NAS147-43,C,EPCAR,2702,Pendente,2.0
2026-07-28,171,MS21044N7,C,EPCAR,2702,Pendente,2.0
2026-07-28,172,NAS1149F0732P,C,EPCAR,2702,Pendente,2.0
2026-07-28,173,MS20002C7,C,EPCAR,2702,Pendente,4.0
2026-07-28,174,AN5C12A,C,EPCAR,2702,Pendente,1.0
2026-07-28,175,NAS1149C0563R,C,EPCAR,2702,Pendente,2.0
2026-07-28,176,S1450-5H16-032,C,EPCAR,2702,Pendente,1.0
2026-07-28,177,MS21042L5,C,EPCAR,2702,Pendente,1.0
2026-07-28,178,MS20007-16,C,EPCAR,2702,Pendente,2.0
2026-07-28,179,C352TS,T,BACO,2743,OK,1.0
2026-07-28,180,060-0015-00,R,BANT,2721,Pendente,1.0
2026-07-28,181,065-0030-00,R,BANT,2728,Pendente,1.0
2026-07-28,182,066-3060-00,R,BANT,2708 / 2721,Pendente,2.0
2026-07-28,183,C598505-0303,R,BANT,2728,Pendente,1.0
2026-07-28,184,2606016-17,C,BABR,2720,Pendente,1.0
2026-07-28,185,2606016-17,C,BABR,2720,Pendente,1.0
2026-07-28,186,DCN4-5407,C,BABR,2720,Pendente,50.0
2026-07-28,187,NAS147-97,C,EPCAR,2702,Pendente,1.0
2026-07-28,188,NAS147-84,C,EPCAR,2702,Pendente,2.0
2026-07-28,189,AN363-720,C,EPCAR,2702,Pendente,4.0
2026-07-28,190,MS20007-68,C,EPCAR,2702,Pendente,1.0
2026-07-28,191,9910333-1,C,EPCAR,2702,Pendente,6.0
2026-07-28,192,S3461-64,C,EPCAR,2702,Pendente,1.0
2026-07-28,193,AN310C8,C,EPCAR,2702,Pendente,3.0
2026-07-28,194,AN310C8,C,EPCAR,2702,Pendente,3.0
2026-07-28,195,S3465-2-0160,C,BAMN,2737,Pendente,1.0
2026-07-28,196,069-1025-25,R,CLA,2723,Pendente,1.0
2026-07-28,197,069-01033-0101,R,BABR,2720,Pendente,1.0
2026-07-28,198,901207K1,C,BABE,2739,Pendente,5.0
2026-07-28,199,3240572,C,BABE,2739,Pendente,2.0
2026-07-28,200,AE3663162E0120,C,BANT,2703,Pendente,2.0
2026-07-28,201,AN924-3D,C,BACG,2727,Pendente,4.0
2026-07-28,202,MS28778-3,C,BACG,2727,Pendente,2.0
2026-07-28,203,C661065-0237,R,BABR,2721,Pendente,1.0
2026-07-28,204,9910338-4,R,BABR,2721,Pendente,1.0
2026-07-28,205,2643100-206,R,BANT,2719,Pendente,1.0
2026-07-28,206,2618510-10,T,BANT,2719,Pendente,1.0
2026-07-28,207,066-3084-32,R,BANT,2719,Pendente,1.0
2026-07-28,208,3014226,C,BANT,2719,Pendente,1.0
2026-07-28,209,S1450-4S10-032,C,BANT,2719,Pendente,2.0
2026-07-28,210,MS27975-2,C,BANT,2719,Pendente,2.0
2026-07-28,211,S1021Z8-8,C,BANT,2719,Pendente,6.0
2026-07-28,212,R581559,C,BANT,2719,Pendente,2.0
2026-07-28,213,R581559,C,BANT,2719,Pendente,1.0
2026-07-28,214,R581559,C,BANT,2719,Pendente,1.0
2026-07-28,215,C145-00-46,C,BAMN,2732,Pendente,1.0
2026-07-28,216,U554426,C,BABE,2739,Pendente,60.0
2026-07-28,217,2653019-1,C,BABR,2721,Pendente,1.0
2026-07-28,218,MS35426-27,C,BABR,2721,Pendente,4.0
2026-07-28,219,S1741-1,C,BABR,2721,Pendente,4.0
2026-07-28,220,A1633-72,C,BACO,2742,Pendente,1.0
2026-07-28,221,A1639-32,C,BACO,2742,Pendente,8.0
2026-07-28,222,AN363-720,C,BACO,2742,Pendente,4.0
2026-07-28,223,AS3209-016,C,BACO,2742,Pendente,1.0
2026-07-28,224,DCN4-3807,C,BACO,2742,Pendente,1.0
2026-07-28,225,MS20002C7,C,BACO,2742,Pendente,4.0
2026-07-28,226,MS20007-68,C,BACO,2742,Pendente,1.0
2026-07-28,227,MS28773-05,C,BACO,2742,Pendente,1.0
2026-07-28,228,MS28775-022,C,BACO,2742,Pendente,1.0
2026-07-28,229,MS28778-4,C,BACO,2742,Pendente,1.0
2026-07-28,230,MS29512-08,C,BACO,2742,Pendente,1.0
2026-07-28,231,NAS1149C0763R,C,BACO,2742,Pendente,4.0
2026-07-28,232,NAS147-84,C,BACO,2742,Pendente,2.0
2026-07-28,233,NAS147-97,C,BACO,2742,Pendente,1.0
2026-07-28,234,C598505-0304,C,BANT,FROTA,Pendente,1.0
2026-07-28,235,C598505-0304,C,BANT,FROTA,Pendente,1.0
2026-07-28,236,C598505-0303,C,BANT,FROTA,Pendente,2.0
2026-07-28,237,C598505-0303,C,BANT,FROTA,Pendente,1.0
2026-07-28,238,70-22-01,C,BANT,FROTA,Pendente,2.0
2026-07-28,239,70-22-01,C,BANT,FROTA,Pendente,2.0
2026-07-28,240,066-01141-5101,R,BANT,FROTA,Pendente,1.0
2026-07-28,241,MS35206-247,C,BANT,FROTA,Pendente,20.0
2026-07-28,242,065-0042-15,R,BANT,FROTA,Pendente,1.0
2026-07-28,243,C662041-0102,R,BANT,FROTA,Pendente,1.0
2026-07-28,244,011-00412-00,R,BANT,FROTA,Pendente,1.0
2026-07-28,245,3014227,C,BANT,FROTA,Pendente,1.0
2026-07-28,246,A1633-72,C,BANT,FROTA,Pendente,1.0
2026-07-28,247,066-3084-32,R,BANT,FROTA,Pendente,1.0
2026-07-28,248,AE3663724G0330,C,BANT,FROTA,Pendente,3.0
2026-07-28,249,0541140-1,C,BACG,2727,Pendente,1.0
2026-07-28,250,644-04303416,C,BANT,2719,Pendente,1.0
2026-07-28,251,C668050-1108,C,BABR,2721,Pendente,1.0
2026-07-28,252,2641012-14,T,BABE,2731,Pendente,1.0
2026-07-28,253,S2495-12B0600,C,BACG,2727,Pendente,1.0
2026-07-28,254,2641014-9,T,BABE,2731,Pendente,1.0
2026-07-28,255,S1985-1,C,CLA,2723,Pendente,1.0
2026-07-28,256,S1985-1,C,CLA,2723,Pendente,1.0
2026-07-28,257,200SGL153Q,R,BACO,2743,OK,1.0
2026-07-28,258,9910338-8RX,R,BABR,2721,Pendente,1.0
2026-07-28,259,162-11800,R,BANT,2703,Pendente,2.0
2026-07-28,260,200SGL119Q-2,R,BANT,2722,OK,1.0
2026-07-28,261,2641011-5,T,BANT,2719,Pendente,1.0
2026-07-28,262,452-0133,T,BANT,2728,Pendente,1.0
2026-07-28,263,C352TS,R,BANT,2728,OK,1.0
2026-07-28,264,S3326-2,R,BABE,2731,Pendente,1.0
2026-07-28,265,S2502-3,C,BABE,2731,Pendente,2.0
2026-07-28,266,P860037,C,BABE,2733,Pendente,2.0
2026-07-28,267,AE3663231B0160,C,BAMN,2736 / 2738 / 2741,Pendente,3.0
2026-07-28,268,8210-002-01,R,BABR,2721,Pendente,1.0
2026-07-28,269,DCN4-3807,C,BABR,2721,Pendente,2.0
2026-07-28,270,MS28773-05,C,BABR,2721,Pendente,2.0
2026-07-28,271,1215073-28,C,BABR,2721,Pendente,2.0
2026-07-28,272,9910573-21,C,BABR,2721,Pendente,1.0
2026-07-28,273,3121248-03,R,BABR,2721,Pendente,1.0
2026-07-28,274,5040033933,R,BABR,2709,Pendente,1.0
2026-07-28,275,R581559,C,BABR,2709,Pendente,4.0
2026-07-28,276,S3413-104,C,BABR,2709,Pendente,10.0
2026-07-28,277,S3413-105,C,BABR,2709,Pendente,10.0
2026-07-28,278,S3413-107,C,BABR,2709,Pendente,10.0
2026-07-28,279,S3413-109,C,BABR,2709,Pendente,5.0
2026-07-28,280,S3413-110,C,BABR,2709,Pendente,10.0
2026-07-28,281,S2319-64,C,BABR,2709,Pendente,50.0
2026-07-28,282,S2319-50,C,BABR,2709,Pendente,50.0
2026-07-28,283,B4864,C,BABR,2709,Pendente,1.0
2026-07-28,284,B4940-1,C,BABR,2709,Pendente,1.0
2026-07-28,285,B4940-2,C,BABR,2709,Pendente,10.0
2026-07-28,286,2654012-2,C,BABR,2709,Pendente,1.0
2026-07-28,287,5111602-16,C,BABE,2731,Pendente,67.0
2026-07-28,288,2641032-202,C,BAMN,2741,Pendente,1.0
2026-07-28,289,850C86-2,C,BABR,2709,Pendente,2.0
2026-07-28,290,302-120-402,C,BABR,2709,Pendente,1.0
2026-07-28,291,MS28778-3,C,BAMN,2736,Pendente,6.0
2026-07-28,292,AE3663161E0113,C,BAMN,2736,Pendente,1.0
2026-07-28,293,1414116-7,C,BABE,2739,Pendente,4.0
2026-07-28,294,S1985-1,C,BANT,2708,Pendente,1.0
2026-07-28,295,2270030-12,C,BANT,2708,Pendente,1.0
2026-07-28,296,066-4010-12,R,BANT,2708,Pendente,1.0
2026-07-28,297,3034792,R,DACTA II,2742,Pendente,1.0
2026-07-28,298,3024973,C,DACTA II,2742,Pendente,1.0
2026-07-28,299,M83461/1-012,C,DACTA II,2742,Pendente,1.0
2026-07-28,300,3039937,C,DACTA II,2742,Pendente,1.0
2026-07-28,301,3014227,C,DACTA II,2742,Pendente,1.0
2026-07-28,302,C668050-1108,C,BABE,2723,Pendente,1.0
2026-07-28,303,2522275-1,C,BABE,2723,Pendente,2.0
2026-07-28,304,S2870-1,C,BABE,2723,Pendente,2.0
2026-07-28,305,NSL 1422 B2,C,BABE,2723,Pendente,6.0
2026-07-28,306,AN320-3,C,BABR,2709,Pendente,4.0
2026-07-28,307,2613419-1,C,BABR,2709,Pendente,1.0
2026-07-28,308,AN565B428H4,C,BABR,2709,Pendente,2.0
2026-07-28,309,2662007-4,C,BABR,2709,Pendente,2.0
2026-07-28,310,2662022-1,C,BABR,2709,Pendente,2.0
2026-07-28,311,AN315-3L,C,BABR,2709,Pendente,2.0
2026-07-28,312,B145-78-7,C,BABR,2709,Pendente,1.0
2026-07-28,313,AS5174D1210,C,BAMN,2732,Pendente,1.0
2026-07-28,314,MS24392-10,C,BAMN,2732,Pendente,1.0
2026-07-28,315,An4-17,C,BANT,2729,Pendente,1.0
2026-07-28,316,S1450-6B12-032,C,BANT,2729,Pendente,2.0
2026-07-28,317,065-0059-01,C,BANT,2722,Pendente,1.0
2026-07-28,318,065-0059-01,C,BANT,2708,Pendente,1.0
2026-07-28,319,050-1518-00,C,BANT,2719,Pendente,1.0
2026-07-28,320,MS21025-24,C,BANT,2729,Pendente,1.0
2026-07-28,321,S51-14,C,BANT,2703,Pendente,1.0
2026-07-28,322,065-0042-03,C,BANT,2719,Pendente,1.0
2026-07-28,323,A1639-32,C,CLA,2723,Pendente,8.0
2026-07-28,324,B-5096,C,CLA,2723,Pendente,8.0
2026-07-28,325,A1633-72,C,CLA,2723,Pendente,2.0
2026-07-28,326,S3326-2RX,R,BACO,2743,Pendente,1.0
2026-07-28,327,799-1,R,BACO,2743,Pendente,1.0
2026-07-28,328,060-0017-00,R,BANT,2703,Pendente,1.0
2026-07-28,329,060-0017-00,R,BANT,2708,Pendente,1.0
2026-07-28,330,4002HS,C,BABR,2709,Pendente,10.0
2026-07-28,331,83-0057,C,BACG,2727,Pendente,1.0
2026-07-28,332,060-0015-00,C,BANT,2729,Pendente,1.0
2026-07-28,333,065-0042-15,C,BANT,2702,Pendente,1.0
2026-07-28,334,99-223-6B23284,C,BANT,2702,Pendente,1.0
2026-07-28,335,065-0042-15,C,BANT,2703,Pendente,1.0
2026-07-28,336,2610014-1,C,BANT,2719,Pendente,1.0
2026-07-28,337,NAS464P4A10,C,BANT,2719,Pendente,5.0
2026-07-28,338,A4513-1,C,BANT,2729,Pendente,1.0
2026-07-28,339,S1104-3,C,BANT,2719,Pendente,1.0
2026-07-28,340,011-00870-00,R,BAMN,2730,Pendente,1.0
2026-07-28,341,MS3116F8-3S,C,BANT,2729,Pendente,1.0
2026-07-28,342,2611024-1,C,BANT,2703,Pendente,2.0
2026-07-28,343,S2527-1,C,BACO,2743,Pendente,2.0
2026-07-28,344,24RB/EWC,C,BACO,2743,Pendente,3.0
2026-07-28,345,1308,C,BACO,2743,Pendente,1.0
2026-07-29,1,302-039-402,C,BABV,2741,Pendente,1.0
2026-07-29,2,302-039-402,C,BAMN,2740,Pendente,1.0
2026-07-29,3,065-0065-01,T,BANT,2719,Pendente,1.0
2026-07-29,4,NAS1739B4-6,C,BABE,2731,Desconsiderado,100.0
2026-07-29,5,CR2248-4-4,C,BABE,2731,Desconsiderado,100.0
2026-07-29,6,NAS1097AD6-5,C,BABE,2731,Desconsiderado,500.0
2026-07-29,7,NAS1097AD6-4,C,BABE,2731,Desconsiderado,100.0
2026-07-29,8,NAS1097AD5-4,C,BABE,2731,Desconsiderado,1.0
2026-07-29,9,NAS1097AD5-7,C,BABE,2731,Desconsiderado,1.0
2026-07-29,10,NAS1097AD4-3,C,BABE,2731,Desconsiderado,1.0
2026-07-29,11,NAS1097AD3-7,C,BABE,2731,Desconsiderado,50.0
2026-07-29,12,5934PAD-3,R,BABE,2739,Pendente,1.0
2026-07-29,13,068-02800,C,BANT,2722,Pendente,1.0
2026-07-29,14,RA068-02800,C,BANT,2722,Pendente,1.0
2026-07-29,15,MS21442-121,C,BABR,2709,Pendente,2.0
2026-07-29,16,523919,C,BABR,2709,Pendente,2.0
2026-07-29,17,065-0042-03,R,BANT,2722,OK,1.0
2026-07-29,18,AE3663163K0600,C,BANT,2728,Pendente,1.0
2026-07-29,19,MS21044N9,C,BANT,2728 e 2719,Pendente,16.0
2026-07-29,20,MS21044N9,C,BANT,2729,OK,8.0
2026-07-29,21,C145-00-46,C,BABR,2709,OK,1.0
2026-07-29,22,62800-001,T,BABR,2709,OK,1.0
2026-07-29,23,065-0042-15,R,BASM,2708,Pendente,1.0
2026-07-29,24,S3326-2,R,BAMN,*,Pendente,1.0
2026-07-29,25,MS29513-338,C,BANT,2719,Pendente,4.0
2026-07-29,26,030-18200,R,BAMN,2732,OK,1.0
2026-07-29,27,9864054-7,C,BAMN,2740,Pendente,1.0
2026-07-29,28,2606015-2,R,BABR,2720,Pendente,1.0
2026-07-29,29,76-207-12,C,BAMN,2740,Pendente,1.0
2026-07-29,30,MS20007-30,C,BABE,2733,OK,2.0
2026-07-29,31,MS20007-16,C,BABE,2733,Pendente,2.0
2026-07-29,32,B-5121,C,EEAR,2703,OK,1.0
2026-07-29,33,C668050-1104,C,BABR,2709,Pendente,1.0
2026-07-29,34,431-0101-01,C,BABR,2709,OK,1.0
2026-07-29,35,2650026-3,C,BABR,2709,OK,2.0
2026-07-29,36,S2300-12,C,BABR,2709,OK,3.0
2026-07-29,37,S2357-1,C,BABR,2709,OK,10.0
2026-07-29,38,2N6576,C,BABR,2709,OK,3.0
2026-07-29,39,22827-3,C,BABR,2709,OK,10.0
2026-07-29,40,068-02800,C,BABR,2709,Pendente,2.0
2026-07-29,41,2N6576,C,BABR,2709,OK,2.0
2026-07-29,42,060-0015-00,R,BABR,2709,Pendente,1.0
2026-07-29,43,066-4010-10,R,BABR,2709,OK,1.0
2026-07-29,44,011-01020-10,R,BAMN,2740,Pendente,1.0
2026-07-29,45,CM2990-G1,C,BABR,2709,Pendente,4.0
2026-07-29,46,C262023-0107,C,CLA,2723,OK,2.0
2026-07-29,47,2126001-1,C,BAMN,2737,Pendente,1.0
2026-07-29,48,2612035-1,C,BANT,2722,Pendente,1.0
2026-07-29,49,2641012-15,R,BANT,2728,Pendente,1.0
2026-07-29,50,DD2W,C,BACO,2743,Pendente,10.0
2026-07-29,51,S3100-581,C,BAMN,2737,Pendente,1.0
2026-07-29,52,GF5500-81,C,BAMN,2736,Pendente,1.0
2026-07-29,53,088-01132-0002,C,BANT,2728,Pendente,1.0
2026-07-29,54,2641012-14,R,BANT,2719,Pendente,1.0
2026-07-29,55,2641012-9,R,BANT,2719,Pendente,1.0
2026-07-29,56,52283,C,BANT,2719,Pendente,2.0
2026-07-29,57,AE3663162E0120,C,BANT,2723,Pendente,1.0
2026-07-29,58,EA-5175-52-CES,R,BANT,2728,OK,1.0
2026-07-29,59,S3100-630,C,BAMN,2737,Pendente,1.0
2026-07-29,60,2660001-107,C,BANT,2719,Pendente,1.0
2026-07-29,61,2660057-1,C,BANT,2719,Pendente,2.0
2026-07-29,62,2660057-1,C,BANT,2728,Pendente,2.0
2026-07-29,63,A-A-55487-5,C,BANT,2719,Pendente,8.0
2026-07-29,64,S2319-64,C,BACO,2743,Pendente,40.0
2026-07-29,65,060-0017-00,R,BANT,2708,Pendente,1.0
2026-07-29,66,MS3456W12S3S,C,BABR,2709,Pendente,2.0
2026-07-29,67,2682001-1,T,BABE/BANT,2739,OK,1.0
2026-07-29,68,MS3509-28,C,BACG,2727,Pendente,2.0
2026-07-29,69,S2899L0.5,C,BACG,2727,Pendente,1.0
2026-07-29,70,1U149-015-15,R,BACO,2743,Pendente,1.0
2026-07-29,71,AN6289J5,C,BABR,2709,Pendente,2.0
2026-07-29,72,MS17825-3,C,BANT,2728,Pendente,2.0
2026-07-29,73,MS17826-3,C,BANT,2728,Pendente,2.0
2026-07-29,74,200-1902-00,C,BAMN,2736,Pendente,2.0
2026-07-29,75,161-12800,R,BANT,2722 / 2728,Pendente,1.0
2026-07-29,76,162-11800,R,BANT,2722 / 2728,Pendente,3.0
2026-07-29,77,161-11700,R,BANT,2722 / 2728,Pendente,1.0
2026-07-29,78,162-10700,R,BANT,2722 / 2728,Pendente,1.0
2026-07-29,79,CI105-9,C,BANT,2722 / 2728,Pendente,1.0
2026-07-29,80,S2669-1,C,BAMN,2738,Pendente,1.0
2026-07-29,81,MS24694-S54,C,DACTA II,2742,Pendente,1.0
2026-07-29,82,NAS1741-06R8,C,BANT,2722,Pendente,10.0
2026-07-29,83,MS24693-S48,C,BANT,2722,Pendente,50.0
2026-07-29,84,071-1242-06,R,CLA,2723,Pendente,1.0
2026-07-29,85,066-3046-01,R,CLA,2723,Pendente,1.0
2026-07-29,86,C661064-0237,R,BABR,2709,Pendente,1.0
2026-07-29,87,76-207-12,C,BABE,2733,Pendente,1.0
2026-07-29,88,071-1242-06,R,BABR,2709,Pendente,1.0
2026-07-29,89,065-0060-01,R,BANT,2722,Pendente,1.0
2026-07-29,91,069-1025-25,R,BACG,2727,Pendente,1.0
2026-07-29,92,066-3084-32,R,BABR,2709,OK,1.0
2026-07-29,93,SD5H14S6667,R,DACTA II,2742,Pendente,1.0
2026-07-29,94,AN4H3A,C,BACO,2743,Pendente,1.0
2026-07-29,95,2615140-2,C,BACO,2743,Pendente,1.0
2026-07-29,96,430-00032-10,C,BABR,2720,Pendente,1.0
2026-07-29,97,MS24392-10,C,BAMN,2741,OK,1.0
2026-07-29,98,9910586-4,R,BAMN,2740,Pendente,1.0
2026-07-29,99,025323-150,R,BABR,2720,Pendente,1.0
2026-07-29,100,011-00916-00,R,BABE,2739,Pendente,1.0
2026-07-29,101,F222086,C,BABR,2720,Pendente,1.0
2026-07-29,102,4626,C,BACG,2727.0,Pendente,1.0
2026-07-29,103,2601040-3,C,BACG,2727.0,Pendente,1.0
2026-07-29,104,345-6196-04,C,BABE,2733.0,Pendente,1.0
2026-07-29,105,200-01902-0000,C,BAMN,2738,Pendente,1.0
2026-07-29,106,9864054-7,C,BAMN,2738,Pendente,1.0
2026-07-29,107,MS28773-05,C,BABR,2720,Pendente,1.0
2026-07-29,108,MS28773-05,C,BABE,2733,Pendente,1.0
2026-07-29,109,2606015-3,R,BABR,2720,Pendente,1.0
2026-07-29,110,C662041-0102,R,BABR,2720,Pendente,1.0
2026-07-29,111,069-01033-0101,R,BANT,2722,OK,1.0
2026-07-29,112,51539-012N,R,BANT,2719.0,Pendente,1.0
2026-07-29,113,2671000PB1,C,BACG,2727,Pendente,1.0
2026-07-29,114,580-219-154,C,BACO,2743,Pendente,1.0
2026-07-29,115,2650085-15,C,BACO,2743,Pendente,1.0
2026-07-29,116,2652021-80,C,BACO,2743,Pendente,2.0
2026-07-29,117,SL6015-5,C,BACO,2743,Pendente,2.0
2026-07-29,118,MS25171-1S,C,BACO,2743,Pendente,10.0
2026-07-29,119,C-145-450,C,BAMN,2732,Pendente,1.0
2026-07-29,120,K00-00351-00,C,BAMN,2740,Pendente,3.0
2026-07-29,121,9910085-2,R,BANT,2728,Pendente,1.0
2026-07-29,122,D210507,R,BANT,2728,Pendente,1.0
2026-07-29,123,RV05-268,C,BANT,2719,Pendente,1.0
2026-07-29,124,RV05-268,C,BANT,2728,Pendente,1.0
2026-07-29,125,5040033933,R,BABR,2709,Pendente,1.0
2026-07-29,126,1U648-001,C,DACTA II,2742,Pendente,1.0
2026-07-29,127,161-12800,R,BABR,2709,Pendente,1.0
2026-07-29,128,162-11800,R,BABR,2709,Pendente,1.0
2026-07-29,129,302-120-402,C,BABR,2709,Pendente,1.0
2026-07-29,130,850C86-2,C,BABR,2709,Pendente,1.0
2026-07-29,131,AN316-4R,C,BABR,2709,Pendente,6.0
2026-07-29,132,C668540-0102,C,EPCAR,2702,Pendente,1.0
2026-07-29,133,MS20392-1C11,C,BAMN,2730,Pendente,1.0
2026-07-29,134,161-11700,R,DACTA II,2742,Pendente,1.0
2026-07-29,135,162-10700,R,DACTA II,2742,Pendente,1.0
2026-07-29,136,AE3663161E0113,C,DACTA II,2742,Pendente,1.0
2026-07-29,137,ST2231-05,C,BANT,2719 / 2728,Pendente,10.0
2026-07-29,138,NAS561P5-12,C,BANT,2719 / 2728,Pendente,2.0
2026-07-29,139,MS20392-1C11,C,BAMN,2730,Pendente,1.0
2026-07-29,140,2617024-6,C,BABE,2739,Pendente,1.0
2026-07-29,141,P860037,C,BABE,2739,Pendente,1.0
2026-07-29,142,S2655-1,C,BABE,2739,Pendente,1.0
2026-07-29,143,2651022-20-1,R,BABE,2739,Pendente,1.0
2026-07-29,144,AE3663163K0600,C,BABR,2709.0,Pendente,1.0
2026-07-29,145,161-11700,R,BACO,2743,Pendente,1.0
2026-07-29,146,162-10700,R,BACO,2743,Pendente,1.0
2026-07-29,147,2641011-5,R,BACO,2743,Pendente,2.0
2026-07-29,148,C662041-0102,R,BABR,2720,Pendente,2.0
2026-07-29,149,069-01033-0101,R,BABR,2720,Pendente,1.0
2026-07-29,150,S1587-7,C,BABE,2739,Pendente,1.0
2026-07-29,151,161-11700,R,BANT,2719 / 2728,Pendente,2.0
2026-07-29,152,162-10700,R,BANT,2719 / 2728,Pendente,2.0
2026-07-29,153,C352TS,T,DACTA II,2742,OK,1.0
2026-07-29,154,066-3046-07,R,CLA,2723,Pendente,1.0
2026-07-29,155,066-1055-00,R,CLA,2723,Pendente,1.0
2026-07-29,156,065-0041-00,R,CLA,2723,Pendente,1.0
2026-07-29,157,200-01902-0000,C,BABE,2731,Pendente,1.0
2026-07-29,158,AN315C4R,C,BANT,2719,Pendente,2.0
2026-07-29,159,2651024-5,C,BANT,2719,Pendente,2.0
2026-07-29,160,MS20392-2C29,C,BANT,2719,Pendente,1.0
2026-07-29,161,071-1052-00,R,BANT,2728,Pendente,1.0
2026-07-29,162,2651022-20-1,R,BABE,2733,Pendente,1.0
2026-07-29,163,071-1242-06,R,BANT,2728,Pendente,1.0
2026-07-29,164,C661065-0237,R,BANT,2719,Pendente,1.0
2026-07-29,165,2618510-10,T,BANT,2728,Pendente,1.0
2026-07-29,166,071-1242-06,R,BANT,2719,Pendente,1.0
2026-07-29,167,C661030-0301,R,BANT,2719,Pendente,1.0
2026-07-29,168,2651040-2,T,EPCAR,2702,Pendente,1.0
2026-07-29,169,2651022-20-1,T,EPCAR,2702,Pendente,1.0
2026-07-29,170,NAS147-43,C,EPCAR,2702,Pendente,2.0
2026-07-29,171,MS21044N7,C,EPCAR,2702,Pendente,2.0
2026-07-29,172,NAS1149F0732P,C,EPCAR,2702,Pendente,2.0
2026-07-29,173,MS20002C7,C,EPCAR,2702,Pendente,4.0
2026-07-29,174,AN5C12A,C,EPCAR,2702,Pendente,1.0
2026-07-29,175,NAS1149C0563R,C,EPCAR,2702,Pendente,2.0
2026-07-29,176,S1450-5H16-032,C,EPCAR,2702,Pendente,1.0
2026-07-29,177,MS21042L5,C,EPCAR,2702,Pendente,1.0
2026-07-29,178,MS20007-16,C,EPCAR,2702,Pendente,2.0
2026-07-29,179,C352TS,T,BACO,2743,OK,1.0
2026-07-29,180,060-0015-00,R,BANT,2721,Pendente,1.0
2026-07-29,181,065-0030-00,R,BANT,2728,Pendente,1.0
2026-07-29,182,066-3060-00,R,BANT,2708 / 2721,Pendente,2.0
2026-07-29,183,C598505-0303,R,BANT,2728,Pendente,1.0
2026-07-29,184,2606016-17,C,BABR,2720,Pendente,1.0
2026-07-29,185,2606016-17,C,BABR,2720,Pendente,1.0
2026-07-29,186,DCN4-5407,C,BABR,2720,Pendente,50.0
2026-07-29,187,NAS147-97,C,EPCAR,2702,Pendente,1.0
2026-07-29,188,NAS147-84,C,EPCAR,2702,Pendente,2.0
2026-07-29,189,AN363-720,C,EPCAR,2702,Pendente,4.0
2026-07-29,190,MS20007-68,C,EPCAR,2702,Pendente,1.0
2026-07-29,191,9910333-1,C,EPCAR,2702,Pendente,6.0
2026-07-29,192,S3461-64,C,EPCAR,2702,Pendente,1.0
2026-07-29,193,AN310C8,C,EPCAR,2702,Pendente,3.0
2026-07-29,194,AN310C8,C,EPCAR,2702,Pendente,3.0
2026-07-29,195,S3465-2-0160,C,BAMN,2737,Pendente,1.0
2026-07-29,196,069-1025-25,R,CLA,2723,Pendente,1.0
2026-07-29,197,069-01033-0101,R,BABR,2720,Pendente,1.0
2026-07-29,198,901207K1,C,BABE,2739,Pendente,5.0
2026-07-29,199,3240572,C,BABE,2739,Pendente,2.0
2026-07-29,200,AE3663162E0120,C,BANT,2703,Pendente,2.0
2026-07-29,201,AN924-3D,C,BACG,2727,Pendente,4.0
2026-07-29,202,MS28778-3,C,BACG,2727,Pendente,2.0
2026-07-29,203,C661065-0237,R,BABR,2721,Pendente,1.0
2026-07-29,204,9910338-4,R,BABR,2721,Pendente,1.0
2026-07-29,205,2643100-206,R,BANT,2719,Pendente,1.0
2026-07-29,206,2618510-10,T,BANT,2719,Pendente,1.0
2026-07-29,207,066-3084-32,R,BANT,2719,Pendente,1.0
2026-07-29,208,3014226,C,BANT,2719,Pendente,1.0
2026-07-29,209,S1450-4S10-032,C,BANT,2719,Pendente,2.0
2026-07-29,210,MS27975-2,C,BANT,2719,Pendente,2.0
2026-07-29,211,S1021Z8-8,C,BANT,2719,Pendente,6.0
2026-07-29,212,R581559,C,BANT,2719,Pendente,2.0
2026-07-29,213,R581559,C,BANT,2719,Pendente,1.0
2026-07-29,214,R581559,C,BANT,2719,Pendente,1.0
2026-07-29,215,C145-00-46,C,BAMN,2732,Pendente,1.0
2026-07-29,216,U554426,C,BABE,2739,Pendente,60.0
2026-07-29,217,2653019-1,C,BABR,2721,Pendente,1.0
2026-07-29,218,MS35426-27,C,BABR,2721,Pendente,4.0
2026-07-29,219,S1741-1,C,BABR,2721,Pendente,4.0
2026-07-29,220,A1633-72,C,BACO,2742,Pendente,1.0
2026-07-29,221,A1639-32,C,BACO,2742,Pendente,8.0
2026-07-29,222,AN363-720,C,BACO,2742,Pendente,4.0
2026-07-29,223,AS3209-016,C,BACO,2742,Pendente,1.0
2026-07-29,224,DCN4-3807,C,BACO,2742,Pendente,1.0
2026-07-29,225,MS20002C7,C,BACO,2742,Pendente,4.0
2026-07-29,226,MS20007-68,C,BACO,2742,Pendente,1.0
2026-07-29,227,MS28773-05,C,BACO,2742,Pendente,1.0
2026-07-29,228,MS28775-022,C,BACO,2742,Pendente,1.0
2026-07-29,229,MS28778-4,C,BACO,2742,Pendente,1.0
2026-07-29,230,MS29512-08,C,BACO,2742,Pendente,1.0
2026-07-29,231,NAS1149C0763R,C,BACO,2742,Pendente,4.0
2026-07-29,232,NAS147-84,C,BACO,2742,Pendente,2.0
2026-07-29,233,NAS147-97,C,BACO,2742,Pendente,1.0
2026-07-29,234,C598505-0304,C,BANT,FROTA,Pendente,1.0
2026-07-29,235,C598505-0304,C,BANT,FROTA,Pendente,1.0
2026-07-29,236,C598505-0303,C,BANT,FROTA,Pendente,2.0
2026-07-29,237,C598505-0303,C,BANT,FROTA,Pendente,1.0
2026-07-29,238,70-22-01,C,BANT,FROTA,Pendente,2.0
2026-07-29,239,70-22-01,C,BANT,FROTA,Pendente,2.0
2026-07-29,240,066-01141-5101,R,BANT,FROTA,Pendente,1.0
2026-07-29,241,MS35206-247,C,BANT,FROTA,Pendente,20.0
2026-07-29,242,065-0042-15,R,BANT,FROTA,Pendente,1.0
2026-07-29,243,C662041-0102,R,BANT,FROTA,Pendente,1.0
2026-07-29,244,011-00412-00,R,BANT,FROTA,Pendente,1.0
2026-07-29,245,3014227,C,BANT,FROTA,Pendente,1.0
2026-07-29,246,A1633-72,C,BANT,FROTA,Pendente,1.0
2026-07-29,247,066-3084-32,R,BANT,FROTA,Pendente,1.0
2026-07-29,248,AE3663724G0330,C,BANT,FROTA,Pendente,3.0
2026-07-29,249,0541140-1,C,BACG,2727,Pendente,1.0
2026-07-29,250,644-04303416,C,BANT,2719,Pendente,1.0
2026-07-29,251,C668050-1108,C,BABR,2721,Pendente,1.0
2026-07-29,252,2641012-14,T,BABE,2731,Pendente,1.0
2026-07-29,253,S2495-12B0600,C,BACG,2727,Pendente,1.0
2026-07-29,254,2641014-9,T,BABE,2731,Pendente,1.0
2026-07-29,255,S1985-1,C,CLA,2723,Pendente,1.0
2026-07-29,256,S1985-1,C,CLA,2723,Pendente,1.0
2026-07-29,257,200SGL153Q,R,BACO,2743,OK,1.0
2026-07-29,258,9910338-8RX,R,BABR,2721,Pendente,1.0
2026-07-29,259,162-11800,R,BANT,2703,Pendente,2.0
2026-07-29,260,200SGL119Q-2,R,BANT,2722,OK,1.0
2026-07-29,261,2641011-5,T,BANT,2719,Pendente,1.0
2026-07-29,262,452-0133,T,BANT,2728,Pendente,1.0
2026-07-29,263,C352TS,R,BANT,2728,OK,1.0
2026-07-29,264,S3326-2,R,BABE,2731,Pendente,1.0
2026-07-29,265,S2502-3,C,BABE,2731,Pendente,2.0
2026-07-29,266,P860037,C,BABE,2733,Pendente,2.0
2026-07-29,267,AE3663231B0160,C,BAMN,2736 / 2738 / 2741,Pendente,3.0
2026-07-29,268,8210-002-01,R,BABR,2721,Pendente,1.0
2026-07-29,269,DCN4-3807,C,BABR,2721,Pendente,2.0
2026-07-29,270,MS28773-05,C,BABR,2721,Pendente,2.0
2026-07-29,271,1215073-28,C,BABR,2721,Pendente,2.0
2026-07-29,272,9910573-21,C,BABR,2721,Pendente,1.0
2026-07-29,273,3121248-03,R,BABR,2721,Pendente,1.0
2026-07-29,274,5040033933,R,BABR,2709,Pendente,1.0
2026-07-29,275,R581559,C,BABR,2709,Pendente,4.0
2026-07-29,276,S3413-104,C,BABR,2709,Pendente,10.0
2026-07-29,277,S3413-105,C,BABR,2709,Pendente,10.0
2026-07-29,278,S3413-107,C,BABR,2709,Pendente,10.0
2026-07-29,279,S3413-109,C,BABR,2709,Pendente,5.0
2026-07-29,280,S3413-110,C,BABR,2709,Pendente,10.0
2026-07-29,281,S2319-64,C,BABR,2709,Pendente,50.0
2026-07-29,282,S2319-50,C,BABR,2709,Pendente,50.0
2026-07-29,283,B4864,C,BABR,2709,Pendente,1.0
2026-07-29,284,B4940-1,C,BABR,2709,Pendente,1.0
2026-07-29,285,B4940-2,C,BABR,2709,Pendente,10.0
2026-07-29,286,2654012-2,C,BABR,2709,Pendente,1.0
2026-07-29,287,5111602-16,C,BABE,2731,Pendente,67.0
2026-07-29,288,2641032-202,C,BAMN,2741,Pendente,1.0
2026-07-29,289,850C86-2,C,BABR,2709,Pendente,2.0
2026-07-29,290,302-120-402,C,BABR,2709,Pendente,1.0
2026-07-29,291,MS28778-3,C,BAMN,2736,Pendente,6.0
2026-07-29,292,AE3663161E0113,C,BAMN,2736,Pendente,1.0
2026-07-29,293,1414116-7,C,BABE,2739,Pendente,4.0
2026-07-29,294,S1985-1,C,BANT,2708,Pendente,1.0
2026-07-29,295,2270030-12,C,BANT,2708,Pendente,1.0
2026-07-29,296,066-4010-12,R,BANT,2708,Pendente,1.0
2026-07-29,297,3034792,R,DACTA II,2742,Pendente,1.0
2026-07-29,298,3024973,C,DACTA II,2742,Pendente,1.0
2026-07-29,299,M83461/1-012,C,DACTA II,2742,Pendente,1.0
2026-07-29,300,3039937,C,DACTA II,2742,Pendente,1.0
2026-07-29,301,3014227,C,DACTA II,2742,Pendente,1.0
2026-07-29,302,C668050-1108,C,BABE,2723,Pendente,1.0
2026-07-29,303,2522275-1,C,BABE,2723,Pendente,2.0
2026-07-29,304,S2870-1,C,BABE,2723,Pendente,2.0
2026-07-29,305,NSL 1422 B2,C,BABE,2723,Pendente,6.0
2026-07-29,306,AN320-3,C,BABR,2709,Pendente,4.0
2026-07-29,307,2613419-1,C,BABR,2709,Pendente,1.0
2026-07-29,308,AN565B428H4,C,BABR,2709,Pendente,2.0
2026-07-29,309,2662007-4,C,BABR,2709,Pendente,2.0
2026-07-29,310,2662022-1,C,BABR,2709,Pendente,2.0
2026-07-29,311,AN315-3L,C,BABR,2709,Pendente,2.0
2026-07-29,312,B145-78-7,C,BABR,2709,Pendente,1.0
2026-07-29,313,AS5174D1210,C,BAMN,2732,Pendente,1.0
2026-07-29,314,MS24392-10,C,BAMN,2732,Pendente,1.0
2026-07-29,315,An4-17,C,BANT,2729,Pendente,1.0
2026-07-29,316,S1450-6B12-032,C,BANT,2729,Pendente,2.0
2026-07-29,317,065-0059-01,C,BANT,2722,Pendente,1.0
2026-07-29,318,065-0059-01,C,BANT,2708,Pendente,1.0
2026-07-29,319,050-1518-00,C,BANT,2719,Pendente,1.0
2026-07-29,320,MS21025-24,C,BANT,2729,Pendente,1.0
2026-07-29,321,S51-14,C,BANT,2703,Pendente,1.0
2026-07-29,322,065-0042-03,C,BANT,2719,Pendente,1.0
2026-07-29,323,A1639-32,C,CLA,2723,Pendente,8.0
2026-07-29,324,B-5096,C,CLA,2723,Pendente,8.0
2026-07-29,325,A1633-72,C,CLA,2723,Pendente,2.0
2026-07-29,326,S3326-2RX,R,BACO,2743,Pendente,1.0
2026-07-29,327,799-1,R,BACO,2743,Pendente,1.0
2026-07-29,328,060-0017-00,R,BANT,2703,Pendente,1.0
2026-07-29,329,060-0017-00,R,BANT,2708,Pendente,1.0
2026-07-29,330,4002HS,C,BABR,2709,Pendente,10.0
2026-07-29,331,83-0057,C,BACG,2727,Pendente,1.0
2026-07-29,332,060-0015-00,C,BANT,2729,Pendente,1.0
2026-07-29,333,065-0042-15,C,BANT,2702,Pendente,1.0
2026-07-29,334,99-223-6B23284,C,BANT,2702,Pendente,1.0
2026-07-29,335,065-0042-15,C,BANT,2703,Pendente,1.0
2026-07-29,336,2610014-1,C,BANT,2719,Pendente,1.0
2026-07-29,337,NAS464P4A10,C,BANT,2719,Pendente,5.0
2026-07-29,338,A4513-1,C,BANT,2729,Pendente,1.0
2026-07-29,339,S1104-3,C,BANT,2719,Pendente,1.0
2026-07-29,340,011-00870-00,R,BAMN,2730,Pendente,1.0
2026-07-29,341,MS3116F8-3S,C,BANT,2729,Pendente,1.0
2026-07-29,342,2611024-1,C,BANT,2703,Pendente,2.0
2026-07-29,343,S2527-1,C,BACO,2743,Pendente,2.0
2026-07-29,344,24RB/EWC,C,BACO,2743,Pendente,3.0
2026-07-29,345,1308,C,BACO,2743,Pendente,1.0
2026-07-29,346,011-00870-00,R,BABR,2721,Pendente,1.0
2026-07-30,1,302-039-402,C,BABV,2741,Pendente,1.0
2026-07-30,2,302-039-402,C,BAMN,2740,Pendente,1.0
2026-07-30,3,065-0065-01,T,BANT,2719,Pendente,1.0
2026-07-30,4,NAS1739B4-6,C,BABE,2731,Desconsiderado,100.0
2026-07-30,5,CR2248-4-4,C,BABE,2731,Desconsiderado,100.0
2026-07-30,6,NAS1097AD6-5,C,BABE,2731,Desconsiderado,500.0
2026-07-30,7,NAS1097AD6-4,C,BABE,2731,Desconsiderado,100.0
2026-07-30,8,NAS1097AD5-4,C,BABE,2731,Desconsiderado,1.0
2026-07-30,9,NAS1097AD5-7,C,BABE,2731,Desconsiderado,1.0
2026-07-30,10,NAS1097AD4-3,C,BABE,2731,Desconsiderado,1.0
2026-07-30,11,NAS1097AD3-7,C,BABE,2731,Desconsiderado,50.0
2026-07-30,12,5934PAD-3,R,BABE,2739,Pendente,1.0
2026-07-30,13,068-02800,C,BANT,2722,Pendente,1.0
2026-07-30,14,RA068-02800,C,BANT,2722,Pendente,1.0
2026-07-30,15,MS21442-121,C,BABR,2709,Pendente,2.0
2026-07-30,16,523919,C,BABR,2709,Pendente,2.0
2026-07-30,17,065-0042-03,R,BANT,2722,OK,1.0
2026-07-30,18,AE3663163K0600,C,BANT,2728,Pendente,1.0
2026-07-30,19,MS21044N9,C,BANT,2728 e 2719,Pendente,16.0
2026-07-30,20,MS21044N9,C,BANT,2729,OK,8.0
2026-07-30,21,C145-00-46,C,BABR,2709,OK,1.0
2026-07-30,22,62800-001,T,BABR,2709,OK,1.0
2026-07-30,23,065-0042-15,R,BASM,2708,Pendente,1.0
2026-07-30,24,S3326-2,R,BAMN,*,Pendente,1.0
2026-07-30,25,MS29513-338,C,BANT,2719,Pendente,4.0
2026-07-30,26,030-18200,R,BAMN,2732,OK,1.0
2026-07-30,27,9864054-7,C,BAMN,2740,Pendente,1.0
2026-07-30,28,2606015-2,R,BABR,2720,Pendente,1.0
2026-07-30,29,76-207-12,C,BAMN,2740,Pendente,1.0
2026-07-30,30,MS20007-30,C,BABE,2733,OK,2.0
2026-07-30,31,MS20007-16,C,BABE,2733,Pendente,2.0
2026-07-30,32,B-5121,C,EEAR,2703,OK,1.0
2026-07-30,33,C668050-1104,C,BABR,2709,Pendente,1.0
2026-07-30,34,431-0101-01,C,BABR,2709,OK,1.0
2026-07-30,35,2650026-3,C,BABR,2709,OK,2.0
2026-07-30,36,S2300-12,C,BABR,2709,OK,3.0
2026-07-30,37,S2357-1,C,BABR,2709,OK,10.0
2026-07-30,38,2N6576,C,BABR,2709,OK,3.0
2026-07-30,39,22827-3,C,BABR,2709,OK,10.0
2026-07-30,40,068-02800,C,BABR,2709,Pendente,2.0
2026-07-30,41,2N6576,C,BABR,2709,OK,2.0
2026-07-30,42,060-0015-00,R,BABR,2709,Pendente,1.0
2026-07-30,43,066-4010-10,R,BABR,2709,OK,1.0
2026-07-30,44,011-01020-10,R,BAMN,2740,Pendente,1.0
2026-07-30,45,CM2990-G1,C,BABR,2709,Pendente,4.0
2026-07-30,46,C262023-0107,C,CLA,2723,OK,2.0
2026-07-30,47,2126001-1,C,BAMN,2737,Pendente,1.0
2026-07-30,48,2612035-1,C,BANT,2722,Pendente,1.0
2026-07-30,49,2641012-15,R,BANT,2728,Pendente,1.0
2026-07-30,50,DD2W,C,BACO,2743,Pendente,10.0
2026-07-30,51,S3100-581,C,BAMN,2737,Pendente,1.0
2026-07-30,52,GF5500-81,C,BAMN,2736,Pendente,1.0
2026-07-30,53,088-01132-0002,C,BANT,2728,Pendente,1.0
2026-07-30,54,2641012-14,R,BANT,2719,Pendente,1.0
2026-07-30,55,2641012-9,R,BANT,2719,Pendente,1.0
2026-07-30,56,52283,C,BANT,2719,Pendente,2.0
2026-07-30,57,AE3663162E0120,C,BANT,2723,Pendente,1.0
2026-07-30,58,EA-5175-52-CES,R,BANT,2728,OK,1.0
2026-07-30,59,S3100-630,C,BAMN,2737,Pendente,1.0
2026-07-30,60,2660001-107,C,BANT,2719,Pendente,1.0
2026-07-30,61,2660057-1,C,BANT,2719,Pendente,2.0
2026-07-30,62,2660057-1,C,BANT,2728,Pendente,2.0
2026-07-30,63,A-A-55487-5,C,BANT,2719,Pendente,8.0
2026-07-30,64,S2319-64,C,BACO,2743,Pendente,40.0
2026-07-30,65,060-0017-00,R,BANT,2708,Pendente,1.0
2026-07-30,66,MS3456W12S3S,C,BABR,2709,Pendente,2.0
2026-07-30,67,2682001-1,T,BABE/BANT,2739,OK,1.0
2026-07-30,68,MS3509-28,C,BACG,2727,Pendente,2.0
2026-07-30,69,S2899L0.5,C,BACG,2727,Pendente,1.0
2026-07-30,70,1U149-015-15,R,BACO,2743,Pendente,1.0
2026-07-30,71,AN6289J5,C,BABR,2709,Pendente,2.0
2026-07-30,72,MS17825-3,C,BANT,2728,Pendente,2.0
2026-07-30,73,MS17826-3,C,BANT,2728,Pendente,2.0
2026-07-30,74,200-1902-00,C,BAMN,2736,Pendente,2.0
2026-07-30,75,161-12800,R,BANT,2722 / 2728,Pendente,1.0
2026-07-30,76,162-11800,R,BANT,2722 / 2728,Pendente,3.0
2026-07-30,77,161-11700,R,BANT,2722 / 2728,Pendente,1.0
2026-07-30,78,162-10700,R,BANT,2722 / 2728,Pendente,1.0
2026-07-30,79,CI105-9,C,BANT,2722 / 2728,Pendente,1.0
2026-07-30,80,S2669-1,C,BAMN,2738,Pendente,1.0
2026-07-30,81,MS24694-S54,C,DACTA II,2742,Pendente,1.0
2026-07-30,82,NAS1741-06R8,C,BANT,2722,Pendente,10.0
2026-07-30,83,MS24693-S48,C,BANT,2722,Pendente,50.0
2026-07-30,84,071-1242-06,R,CLA,2723,Pendente,1.0
2026-07-30,85,066-3046-01,R,CLA,2723,Pendente,1.0
2026-07-30,86,C661064-0237,R,BABR,2709,Pendente,1.0
2026-07-30,87,76-207-12,C,BABE,2733,Pendente,1.0
2026-07-30,88,071-1242-06,R,BABR,2709,Pendente,1.0
2026-07-30,89,065-0060-01,R,BANT,2722,Pendente,1.0
2026-07-30,91,069-1025-25,R,BACG,2727,Pendente,1.0
2026-07-30,92,066-3084-32,R,BABR,2709,OK,1.0
2026-07-30,93,SD5H14S6667,R,DACTA II,2742,Pendente,1.0
2026-07-30,94,AN4H3A,C,BACO,2743,Pendente,1.0
2026-07-30,95,2615140-2,C,BACO,2743,Pendente,1.0
2026-07-30,96,430-00032-10,C,BABR,2720,Pendente,1.0
2026-07-30,97,MS24392-10,C,BAMN,2741,OK,1.0
2026-07-30,98,9910586-4,R,BAMN,2740,Pendente,1.0
2026-07-30,99,025323-150,R,BABR,2720,Pendente,1.0
2026-07-30,100,011-00916-00,R,BABE,2739,Pendente,1.0
2026-07-30,101,F222086,C,BABR,2720,Pendente,1.0
2026-07-30,102,4626,C,BACG,2727.0,Pendente,1.0
2026-07-30,103,2601040-3,C,BACG,2727.0,Pendente,1.0
2026-07-30,104,345-6196-04,C,BABE,2733.0,Pendente,1.0
2026-07-30,105,200-01902-0000,C,BAMN,2738,Pendente,1.0
2026-07-30,106,9864054-7,C,BAMN,2738,Pendente,1.0
2026-07-30,107,MS28773-05,C,BABR,2720,Pendente,1.0
2026-07-30,108,MS28773-05,C,BABE,2733,Pendente,1.0
2026-07-30,109,2606015-3,R,BABR,2720,Pendente,1.0
2026-07-30,110,C662041-0102,R,BABR,2720,Pendente,1.0
2026-07-30,111,069-01033-0101,R,BANT,2722,OK,1.0
2026-07-30,112,51539-012N,R,BANT,2719.0,Pendente,1.0
2026-07-30,113,2671000PB1,C,BACG,2727,Pendente,1.0
2026-07-30,114,580-219-154,C,BACO,2743,Pendente,1.0
2026-07-30,115,2650085-15,C,BACO,2743,Pendente,1.0
2026-07-30,116,2652021-80,C,BACO,2743,Pendente,2.0
2026-07-30,117,SL6015-5,C,BACO,2743,Pendente,2.0
2026-07-30,118,MS25171-1S,C,BACO,2743,Pendente,10.0
2026-07-30,119,C-145-450,C,BAMN,2732,Pendente,1.0
2026-07-30,120,K00-00351-00,C,BAMN,2740,Pendente,3.0
2026-07-30,121,9910085-2,R,BANT,2728,Pendente,1.0
2026-07-30,122,D210507,R,BANT,2728,Pendente,1.0
2026-07-30,123,RV05-268,C,BANT,2719,Pendente,1.0
2026-07-30,124,RV05-268,C,BANT,2728,Pendente,1.0
2026-07-30,125,5040033933,R,BABR,2709,Pendente,1.0
2026-07-30,126,1U648-001,C,DACTA II,2742,Pendente,1.0
2026-07-30,127,161-12800,R,BABR,2709,Pendente,1.0
2026-07-30,128,162-11800,R,BABR,2709,Pendente,1.0
2026-07-30,129,302-120-402,C,BABR,2709,Pendente,1.0
2026-07-30,130,850C86-2,C,BABR,2709,Pendente,1.0
2026-07-30,131,AN316-4R,C,BABR,2709,Pendente,6.0
2026-07-30,132,C668540-0102,C,EPCAR,2702,Pendente,1.0
2026-07-30,133,MS20392-1C11,C,BAMN,2730,Pendente,1.0
2026-07-30,134,161-11700,R,DACTA II,2742,Pendente,1.0
2026-07-30,135,162-10700,R,DACTA II,2742,Pendente,1.0
2026-07-30,136,AE3663161E0113,C,DACTA II,2742,Pendente,1.0
2026-07-30,137,ST2231-05,C,BANT,2719 / 2728,Pendente,10.0
2026-07-30,138,NAS561P5-12,C,BANT,2719 / 2728,Pendente,2.0
2026-07-30,139,MS20392-1C11,C,BAMN,2730,Pendente,1.0
2026-07-30,140,2617024-6,C,BABE,2739,Pendente,1.0
2026-07-30,141,P860037,C,BABE,2739,Pendente,1.0
2026-07-30,142,S2655-1,C,BABE,2739,Pendente,1.0
2026-07-30,143,2651022-20-1,R,BABE,2739,Pendente,1.0
2026-07-30,144,AE3663163K0600,C,BABR,2709.0,Pendente,1.0
2026-07-30,145,161-11700,R,BACO,2743,Pendente,1.0
2026-07-30,146,162-10700,R,BACO,2743,Pendente,1.0
2026-07-30,147,2641011-5,R,BACO,2743,Pendente,2.0
2026-07-30,148,C662041-0102,R,BABR,2720,Pendente,2.0
2026-07-30,149,069-01033-0101,R,BABR,2720,Pendente,1.0
2026-07-30,150,S1587-7,C,BABE,2739,Pendente,1.0
2026-07-30,151,161-11700,R,BANT,2719 / 2728,Pendente,2.0
2026-07-30,152,162-10700,R,BANT,2719 / 2728,Pendente,2.0
2026-07-30,153,C352TS,T,DACTA II,2742,OK,1.0
2026-07-30,154,066-3046-07,R,CLA,2723,Pendente,1.0
2026-07-30,155,066-1055-00,R,CLA,2723,Pendente,1.0
2026-07-30,156,065-0041-00,R,CLA,2723,Pendente,1.0
2026-07-30,157,200-01902-0000,C,BABE,2731,Pendente,1.0
2026-07-30,158,AN315C4R,C,BANT,2719,Pendente,2.0
2026-07-30,159,2651024-5,C,BANT,2719,Pendente,2.0
2026-07-30,160,MS20392-2C29,C,BANT,2719,Pendente,1.0
2026-07-30,161,071-1052-00,R,BANT,2728,Pendente,1.0
2026-07-30,162,2651022-20-1,R,BABE,2733,Pendente,1.0
2026-07-30,163,071-1242-06,R,BANT,2728,Pendente,1.0
2026-07-30,164,C661065-0237,R,BANT,2719,Pendente,1.0
2026-07-30,165,2618510-10,T,BANT,2728,Pendente,1.0
2026-07-30,166,071-1242-06,R,BANT,2719,Pendente,1.0
2026-07-30,167,C661030-0301,R,BANT,2719,Pendente,1.0
2026-07-30,168,2651040-2,T,EPCAR,2702,Pendente,1.0
2026-07-30,169,2651022-20-1,T,EPCAR,2702,Pendente,1.0
2026-07-30,170,NAS147-43,C,EPCAR,2702,Pendente,2.0
2026-07-30,171,MS21044N7,C,EPCAR,2702,Pendente,2.0
2026-07-30,172,NAS1149F0732P,C,EPCAR,2702,Pendente,2.0
2026-07-30,173,MS20002C7,C,EPCAR,2702,Pendente,4.0
2026-07-30,174,AN5C12A,C,EPCAR,2702,Pendente,1.0
2026-07-30,175,NAS1149C0563R,C,EPCAR,2702,Pendente,2.0
2026-07-30,176,S1450-5H16-032,C,EPCAR,2702,Pendente,1.0
2026-07-30,177,MS21042L5,C,EPCAR,2702,Pendente,1.0
2026-07-30,178,MS20007-16,C,EPCAR,2702,Pendente,2.0
2026-07-30,179,C352TS,T,BACO,2743,OK,1.0
2026-07-30,180,060-0015-00,R,BANT,2721,Pendente,1.0
2026-07-30,181,065-0030-00,R,BANT,2728,Pendente,1.0
2026-07-30,182,066-3060-00,R,BANT,2708 / 2721,Pendente,2.0
2026-07-30,183,C598505-0303,R,BANT,2728,Pendente,1.0
2026-07-30,184,2606016-17,C,BABR,2720,Pendente,1.0
2026-07-30,185,2606016-17,C,BABR,2720,Pendente,1.0
2026-07-30,186,DCN4-5407,C,BABR,2720,Pendente,50.0
2026-07-30,187,NAS147-97,C,EPCAR,2702,Pendente,1.0
2026-07-30,188,NAS147-84,C,EPCAR,2702,Pendente,2.0
2026-07-30,189,AN363-720,C,EPCAR,2702,Pendente,4.0
2026-07-30,190,MS20007-68,C,EPCAR,2702,Pendente,1.0
2026-07-30,191,9910333-1,C,EPCAR,2702,Pendente,6.0
2026-07-30,192,S3461-64,C,EPCAR,2702,Pendente,1.0
2026-07-30,193,AN310C8,C,EPCAR,2702,Pendente,3.0
2026-07-30,194,AN310C8,C,EPCAR,2702,Pendente,3.0
2026-07-30,195,S3465-2-0160,C,BAMN,2737,Pendente,1.0
2026-07-30,196,069-1025-25,R,CLA,2723,Pendente,1.0
2026-07-30,197,069-01033-0101,R,BABR,2720,Pendente,1.0
2026-07-30,198,901207K1,C,BABE,2739,Pendente,5.0
2026-07-30,199,3240572,C,BABE,2739,Pendente,2.0
2026-07-30,200,AE3663162E0120,C,BANT,2703,Pendente,2.0
2026-07-30,201,AN924-3D,C,BACG,2727,Pendente,4.0
2026-07-30,202,MS28778-3,C,BACG,2727,Pendente,2.0
2026-07-30,203,C661065-0237,R,BABR,2721,Pendente,1.0
2026-07-30,204,9910338-4,R,BABR,2721,Pendente,1.0
2026-07-30,205,2643100-206,R,BANT,2719,Pendente,1.0
2026-07-30,206,2618510-10,T,BANT,2719,Pendente,1.0
2026-07-30,207,066-3084-32,R,BANT,2719,Pendente,1.0
2026-07-30,208,3014226,C,BANT,2719,Pendente,1.0
2026-07-30,209,S1450-4S10-032,C,BANT,2719,Pendente,2.0
2026-07-30,210,MS27975-2,C,BANT,2719,Pendente,2.0
2026-07-30,211,S1021Z8-8,C,BANT,2719,Pendente,6.0
2026-07-30,212,R581559,C,BANT,2719,Pendente,2.0
2026-07-30,213,R581559,C,BANT,2719,Pendente,1.0
2026-07-30,214,R581559,C,BANT,2719,Pendente,1.0
2026-07-30,215,C145-00-46,C,BAMN,2732,Pendente,1.0
2026-07-30,216,U554426,C,BABE,2739,Pendente,60.0
2026-07-30,217,2653019-1,C,BABR,2721,Pendente,1.0
2026-07-30,218,MS35426-27,C,BABR,2721,Pendente,4.0
2026-07-30,219,S1741-1,C,BABR,2721,Pendente,4.0
2026-07-30,220,A1633-72,C,BACO,2742,Pendente,1.0
2026-07-30,221,A1639-32,C,BACO,2742,Pendente,8.0
2026-07-30,222,AN363-720,C,BACO,2742,Pendente,4.0
2026-07-30,223,AS3209-016,C,BACO,2742,Pendente,1.0
2026-07-30,224,DCN4-3807,C,BACO,2742,Pendente,1.0
2026-07-30,225,MS20002C7,C,BACO,2742,Pendente,4.0
2026-07-30,226,MS20007-68,C,BACO,2742,Pendente,1.0
2026-07-30,227,MS28773-05,C,BACO,2742,Pendente,1.0
2026-07-30,228,MS28775-022,C,BACO,2742,Pendente,1.0
2026-07-30,229,MS28778-4,C,BACO,2742,Pendente,1.0
2026-07-30,230,MS29512-08,C,BACO,2742,Pendente,1.0
2026-07-30,231,NAS1149C0763R,C,BACO,2742,Pendente,4.0
2026-07-30,232,NAS147-84,C,BACO,2742,Pendente,2.0
2026-07-30,233,NAS147-97,C,BACO,2742,Pendente,1.0
2026-07-30,234,C598505-0304,C,BANT,FROTA,Pendente,1.0
2026-07-30,235,C598505-0304,C,BANT,FROTA,Pendente,1.0
2026-07-30,236,C598505-0303,C,BANT,FROTA,Pendente,2.0
2026-07-30,237,C598505-0303,C,BANT,FROTA,Pendente,1.0
2026-07-30,238,70-22-01,C,BANT,FROTA,Pendente,2.0
2026-07-30,239,70-22-01,C,BANT,FROTA,Pendente,2.0
2026-07-30,240,066-01141-5101,R,BANT,FROTA,Pendente,1.0
2026-07-30,241,MS35206-247,C,BANT,FROTA,Pendente,20.0
2026-07-30,242,065-0042-15,R,BANT,FROTA,Pendente,1.0
2026-07-30,243,C662041-0102,R,BANT,FROTA,Pendente,1.0
2026-07-30,244,011-00412-00,R,BANT,FROTA,Pendente,1.0
2026-07-30,245,3014227,C,BANT,FROTA,Pendente,1.0
2026-07-30,246,A1633-72,C,BANT,FROTA,Pendente,1.0
2026-07-30,247,066-3084-32,R,BANT,FROTA,Pendente,1.0
2026-07-30,248,AE3663724G0330,C,BANT,FROTA,Pendente,3.0
2026-07-30,249,0541140-1,C,BACG,2727,Pendente,1.0
2026-07-30,250,644-04303416,C,BANT,2719,Pendente,1.0
2026-07-30,251,C668050-1108,C,BABR,2721,Pendente,1.0
2026-07-30,252,2641012-14,T,BABE,2731,Pendente,1.0
2026-07-30,253,S2495-12B0600,C,BACG,2727,Pendente,1.0
2026-07-30,254,2641014-9,T,BABE,2731,Pendente,1.0
2026-07-30,255,S1985-1,C,CLA,2723,Pendente,1.0
2026-07-30,256,S1985-1,C,CLA,2723,Pendente,1.0
2026-07-30,257,200SGL153Q,R,BACO,2743,OK,1.0
2026-07-30,258,9910338-8RX,R,BABR,2721,Pendente,1.0
2026-07-30,259,162-11800,R,BANT,2703,Pendente,2.0
2026-07-30,260,200SGL119Q-2,R,BANT,2722,OK,1.0
2026-07-30,261,2641011-5,T,BANT,2719,Pendente,1.0
2026-07-30,262,452-0133,T,BANT,2728,Pendente,1.0
2026-07-30,263,C352TS,R,BANT,2728,OK,1.0
2026-07-30,264,S3326-2,R,BABE,2731,Pendente,1.0
2026-07-30,265,S2502-3,C,BABE,2731,Pendente,2.0
2026-07-30,266,P860037,C,BABE,2733,Pendente,2.0
2026-07-30,267,AE3663231B0160,C,BAMN,2736 / 2738 / 2741,Pendente,3.0
2026-07-30,268,8210-002-01,R,BABR,2721,Pendente,1.0
2026-07-30,269,DCN4-3807,C,BABR,2721,Pendente,2.0
2026-07-30,270,MS28773-05,C,BABR,2721,Pendente,2.0
2026-07-30,271,1215073-28,C,BABR,2721,Pendente,2.0
2026-07-30,272,9910573-21,C,BABR,2721,Pendente,1.0
2026-07-30,273,3121248-03,R,BABR,2721,Pendente,1.0
2026-07-30,274,5040033933,R,BABR,2709,Pendente,1.0
2026-07-30,275,R581559,C,BABR,2709,Pendente,4.0
2026-07-30,276,S3413-104,C,BABR,2709,Pendente,10.0
2026-07-30,277,S3413-105,C,BABR,2709,Pendente,10.0
2026-07-30,278,S3413-107,C,BABR,2709,Pendente,10.0
2026-07-30,279,S3413-109,C,BABR,2709,Pendente,5.0
2026-07-30,280,S3413-110,C,BABR,2709,Pendente,10.0
2026-07-30,281,S2319-64,C,BABR,2709,Pendente,50.0
2026-07-30,282,S2319-50,C,BABR,2709,Pendente,50.0
2026-07-30,283,B4864,C,BABR,2709,Pendente,1.0
2026-07-30,284,B4940-1,C,BABR,2709,Pendente,1.0
2026-07-30,285,B4940-2,C,BABR,2709,Pendente,10.0
2026-07-30,286,2654012-2,C,BABR,2709,Pendente,1.0
2026-07-30,287,5111602-16,C,BABE,2731,Pendente,67.0
2026-07-30,288,2641032-202,C,BAMN,2741,Pendente,1.0
2026-07-30,289,850C86-2,C,BABR,2709,Pendente,2.0
2026-07-30,290,302-120-402,C,BABR,2709,Pendente,1.0
2026-07-30,291,MS28778-3,C,BAMN,2736,Pendente,6.0
2026-07-30,292,AE3663161E0113,C,BAMN,2736,Pendente,1.0
2026-07-30,293,1414116-7,C,BABE,2739,Pendente,4.0
2026-07-30,294,S1985-1,C,BANT,2708,Pendente,1.0
2026-07-30,295,2270030-12,C,BANT,2708,Pendente,1.0
2026-07-30,296,066-4010-12,R,BANT,2708,Pendente,1.0
2026-07-30,297,3034792,R,DACTA II,2742,Pendente,1.0
2026-07-30,298,3024973,C,DACTA II,2742,Pendente,1.0
2026-07-30,299,M83461/1-012,C,DACTA II,2742,Pendente,1.0
2026-07-30,300,3039937,C,DACTA II,2742,Pendente,1.0
2026-07-30,301,3014227,C,DACTA II,2742,Pendente,1.0
2026-07-30,302,C668050-1108,C,BABE,2723,Pendente,1.0
2026-07-30,303,2522275-1,C,BABE,2723,Pendente,2.0
2026-07-30,304,S2870-1,C,BABE,2723,Pendente,2.0
2026-07-30,305,NSL 1422 B2,C,BABE,2723,Pendente,6.0
2026-07-30,306,AN320-3,C,BABR,2709,Pendente,4.0
2026-07-30,307,2613419-1,C,BABR,2709,Pendente,1.0
2026-07-30,308,AN565B428H4,C,BABR,2709,Pendente,2.0
2026-07-30,309,2662007-4,C,BABR,2709,Pendente,2.0
2026-07-30,310,2662022-1,C,BABR,2709,Pendente,2.0
2026-07-30,311,AN315-3L,C,BABR,2709,Pendente,2.0
2026-07-30,312,B145-78-7,C,BABR,2709,Pendente,1.0
2026-07-30,313,AS5174D1210,C,BAMN,2732,Pendente,1.0
2026-07-30,314,MS24392-10,C,BAMN,2732,Pendente,1.0
2026-07-30,315,An4-17,C,BANT,2729,Pendente,1.0
2026-07-30,316,S1450-6B12-032,C,BANT,2729,Pendente,2.0
2026-07-30,317,065-0059-01,C,BANT,2722,Pendente,1.0
2026-07-30,318,065-0059-01,C,BANT,2708,Pendente,1.0
2026-07-30,319,050-1518-00,C,BANT,2719,Pendente,1.0
2026-07-30,320,MS21025-24,C,BANT,2729,Pendente,1.0
2026-07-30,321,S51-14,C,BANT,2703,Pendente,1.0
2026-07-30,322,065-0042-03,C,BANT,2719,Pendente,1.0
2026-07-30,323,A1639-32,C,CLA,2723,Pendente,8.0
2026-07-30,324,B-5096,C,CLA,2723,Pendente,8.0
2026-07-30,325,A1633-72,C,CLA,2723,Pendente,2.0
2026-07-30,326,S3326-2RX,R,BACO,2743,Pendente,1.0
2026-07-30,327,799-1,R,BACO,2743,Pendente,1.0
2026-07-30,328,060-0017-00,R,BANT,2703,Pendente,1.0
2026-07-30,329,060-0017-00,R,BANT,2708,Pendente,1.0
2026-07-30,330,4002HS,C,BABR,2709,Pendente,10.0
2026-07-30,331,83-0057,C,BACG,2727,Pendente,1.0
2026-07-30,332,060-0015-00,C,BANT,2729,Pendente,1.0
2026-07-30,333,065-0042-15,C,BANT,2702,Pendente,1.0
2026-07-30,334,99-223-6B23284,C,BANT,2702,Pendente,1.0
2026-07-30,335,065-0042-15,C,BANT,2703,Pendente,1.0
2026-07-30,336,2610014-1,C,BANT,2719,Pendente,1.0
2026-07-30,337,NAS464P4A10,C,BANT,2719,Pendente,5.0
2026-07-30,338,A4513-1,C,BANT,2729,Pendente,1.0
2026-07-30,339,S1104-3,C,BANT,2719,Pendente,1.0
2026-07-30,340,011-00870-00,R,BAMN,2730,Pendente,1.0
2026-07-30,341,MS3116F8-3S,C,BANT,2729,Pendente,1.0
2026-07-30,342,2611024-1,C,BANT,2703,Pendente,2.0
2026-07-30,343,S2527-1,C,BACO,2743,Pendente,2.0
2026-07-30,344,24RB/EWC,C,BACO,2743,Pendente,3.0
2026-07-30,345,1308,C,BACO,2743,Pendente,1.0
2026-07-30,346,011-00870-00,R,BABR,2721,Pendente,1.0
2026-07-31,1,302-039-402,C,BABV,2741,Pendente,1.0
2026-07-31,2,302-039-402,C,BAMN,2740,Pendente,1.0
2026-07-31,3,065-0065-01,T,BANT,2719,Pendente,1.0
2026-07-31,4,NAS1739B4-6,C,BABE,2731,Desconsiderado,100.0
2026-07-31,5,CR2248-4-4,C,BABE,2731,Desconsiderado,100.0
2026-07-31,6,NAS1097AD6-5,C,BABE,2731,Desconsiderado,500.0
2026-07-31,7,NAS1097AD6-4,C,BABE,2731,Desconsiderado,100.0
2026-07-31,8,NAS1097AD5-4,C,BABE,2731,Desconsiderado,1.0
2026-07-31,9,NAS1097AD5-7,C,BABE,2731,Desconsiderado,1.0
2026-07-31,10,NAS1097AD4-3,C,BABE,2731,Desconsiderado,1.0
2026-07-31,11,NAS1097AD3-7,C,BABE,2731,Desconsiderado,50.0
2026-07-31,12,5934PAD-3,R,BABE,2739,Pendente,1.0
2026-07-31,13,068-02800,C,BANT,2722,Pendente,1.0
2026-07-31,14,RA068-02800,C,BANT,2722,Pendente,1.0
2026-07-31,15,MS21442-121,C,BABR,2709,Pendente,2.0
2026-07-31,16,523919,C,BABR,2709,Pendente,2.0
2026-07-31,17,065-0042-03,R,BANT,2722,OK,1.0
2026-07-31,18,AE3663163K0600,C,BANT,2728,Pendente,1.0
2026-07-31,19,MS21044N9,C,BANT,2728 e 2719,Pendente,16.0
2026-07-31,20,MS21044N9,C,BANT,2729,OK,8.0
2026-07-31,21,C145-00-46,C,BABR,2709,OK,1.0
2026-07-31,22,62800-001,T,BABR,2709,OK,1.0
2026-07-31,23,065-0042-15,R,BASM,2708,Pendente,1.0
2026-07-31,24,S3326-2,R,BAMN,*,Pendente,1.0
2026-07-31,25,MS29513-338,C,BANT,2719,Pendente,4.0
2026-07-31,26,030-18200,R,BAMN,2732,OK,1.0
2026-07-31,27,9864054-7,C,BAMN,2740,Pendente,1.0
2026-07-31,28,2606015-2,R,BABR,2720,Pendente,1.0
2026-07-31,29,76-207-12,C,BAMN,2740,Pendente,1.0
2026-07-31,30,MS20007-30,C,BABE,2733,OK,2.0
2026-07-31,31,MS20007-16,C,BABE,2733,Pendente,2.0
2026-07-31,32,B-5121,C,EEAR,2703,OK,1.0
2026-07-31,33,C668050-1104,C,BABR,2709,Pendente,1.0
2026-07-31,34,431-0101-01,C,BABR,2709,OK,1.0
2026-07-31,35,2650026-3,C,BABR,2709,OK,2.0
2026-07-31,36,S2300-12,C,BABR,2709,OK,3.0
2026-07-31,37,S2357-1,C,BABR,2709,OK,10.0
2026-07-31,38,2N6576,C,BABR,2709,OK,3.0
2026-07-31,39,22827-3,C,BABR,2709,OK,10.0
2026-07-31,40,068-02800,C,BABR,2709,Pendente,2.0
2026-07-31,41,2N6576,C,BABR,2709,OK,2.0
2026-07-31,42,060-0015-00,R,BABR,2709,Pendente,1.0
2026-07-31,43,066-4010-10,R,BABR,2709,OK,1.0
2026-07-31,44,011-01020-10,R,BAMN,2740,Pendente,1.0
2026-07-31,45,CM2990-G1,C,BABR,2709,Pendente,4.0
2026-07-31,46,C262023-0107,C,CLA,2723,OK,2.0
2026-07-31,47,2126001-1,C,BAMN,2737,Pendente,1.0
2026-07-31,48,2612035-1,C,BANT,2722,Pendente,1.0
2026-07-31,49,2641012-15,R,BANT,2728,Pendente,1.0
2026-07-31,50,DD2W,C,BACO,2743,Pendente,10.0
2026-07-31,51,S3100-581,C,BAMN,2737,Pendente,1.0
2026-07-31,52,GF5500-81,C,BAMN,2736,Pendente,1.0
2026-07-31,53,088-01132-0002,C,BANT,2728,Pendente,1.0
2026-07-31,54,2641012-14,R,BANT,2719,Pendente,1.0
2026-07-31,55,2641012-9,R,BANT,2719,Pendente,1.0
2026-07-31,56,52283,C,BANT,2719,Pendente,2.0
2026-07-31,57,AE3663162E0120,C,BANT,2723,Pendente,1.0
2026-07-31,58,EA-5175-52-CES,R,BANT,2728,OK,1.0
2026-07-31,59,S3100-630,C,BAMN,2737,Pendente,1.0
2026-07-31,60,2660001-107,C,BANT,2719,Pendente,1.0
2026-07-31,61,2660057-1,C,BANT,2719,Pendente,2.0
2026-07-31,62,2660057-1,C,BANT,2728,Pendente,2.0
2026-07-31,63,A-A-55487-5,C,BANT,2719,Pendente,8.0
2026-07-31,64,S2319-64,C,BACO,2743,Pendente,40.0
2026-07-31,65,060-0017-00,R,BANT,2708,Pendente,1.0
2026-07-31,66,MS3456W12S3S,C,BABR,2709,Pendente,2.0
2026-07-31,67,2682001-1,T,BABE/BANT,2739,OK,1.0
2026-07-31,68,MS3509-28,C,BACG,2727,Pendente,2.0
2026-07-31,69,S2899L0.5,C,BACG,2727,Pendente,1.0
2026-07-31,70,1U149-015-15,R,BACO,2743,Pendente,1.0
2026-07-31,71,AN6289J5,C,BABR,2709,Pendente,2.0
2026-07-31,72,MS17825-3,C,BANT,2728,Pendente,2.0
2026-07-31,73,MS17826-3,C,BANT,2728,Pendente,2.0
2026-07-31,74,200-1902-00,C,BAMN,2736,Pendente,2.0
2026-07-31,75,161-12800,R,BANT,2722 / 2728,Pendente,1.0
2026-07-31,76,162-11800,R,BANT,2722 / 2728,Pendente,3.0
2026-07-31,77,161-11700,R,BANT,2722 / 2728,Pendente,1.0
2026-07-31,78,162-10700,R,BANT,2722 / 2728,Pendente,1.0
2026-07-31,79,CI105-9,C,BANT,2722 / 2728,Pendente,1.0
2026-07-31,80,S2669-1,C,BAMN,2738,Pendente,1.0
2026-07-31,81,MS24694-S54,C,DACTA II,2742,Pendente,1.0
2026-07-31,82,NAS1741-06R8,C,BANT,2722,Pendente,10.0
2026-07-31,83,MS24693-S48,C,BANT,2722,Pendente,50.0
2026-07-31,84,071-1242-06,R,CLA,2723,Pendente,1.0
2026-07-31,85,066-3046-01,R,CLA,2723,Pendente,1.0
2026-07-31,86,C661064-0237,R,BABR,2709,Pendente,1.0
2026-07-31,87,76-207-12,C,BABE,2733,Pendente,1.0
2026-07-31,88,071-1242-06,R,BABR,2709,Pendente,1.0
2026-07-31,89,065-0060-01,R,BANT,2722,Pendente,1.0
2026-07-31,91,069-1025-25,R,BACG,2727,Pendente,1.0
2026-07-31,92,066-3084-32,R,BABR,2709,OK,1.0
2026-07-31,93,SD5H14S6667,R,DACTA II,2742,Pendente,1.0
2026-07-31,94,AN4H3A,C,BACO,2743,Pendente,1.0
2026-07-31,95,2615140-2,C,BACO,2743,Pendente,1.0
2026-07-31,96,430-00032-10,C,BABR,2720,Pendente,1.0
2026-07-31,97,MS24392-10,C,BAMN,2741,OK,1.0
2026-07-31,98,9910586-4,R,BAMN,2740,Pendente,1.0
2026-07-31,99,025323-150,R,BABR,2720,Pendente,1.0
2026-07-31,100,011-00916-00,R,BABE,2739,Pendente,1.0
2026-07-31,101,F222086,C,BABR,2720,Pendente,1.0
2026-07-31,102,4626,C,BACG,2727.0,Pendente,1.0
2026-07-31,103,2601040-3,C,BACG,2727.0,Pendente,1.0
2026-07-31,104,345-6196-04,C,BABE,2733.0,Pendente,1.0
2026-07-31,105,200-01902-0000,C,BAMN,2738,Pendente,1.0
2026-07-31,106,9864054-7,C,BAMN,2738,Pendente,1.0
2026-07-31,107,MS28773-05,C,BABR,2720,Pendente,1.0
2026-07-31,108,MS28773-05,C,BABE,2733,Pendente,1.0
2026-07-31,109,2606015-3,R,BABR,2720,Pendente,1.0
2026-07-31,110,C662041-0102,R,BABR,2720,Pendente,1.0
2026-07-31,111,069-01033-0101,R,BANT,2722,OK,1.0
2026-07-31,112,51539-012N,R,BANT,2719.0,Pendente,1.0
2026-07-31,113,2671000PB1,C,BACG,2727,Pendente,1.0
2026-07-31,114,580-219-154,C,BACO,2743,Pendente,1.0
2026-07-31,115,2650085-15,C,BACO,2743,Pendente,1.0
2026-07-31,116,2652021-80,C,BACO,2743,Pendente,2.0
2026-07-31,117,SL6015-5,C,BACO,2743,Pendente,2.0
2026-07-31,118,MS25171-1S,C,BACO,2743,Pendente,10.0
2026-07-31,119,C-145-450,C,BAMN,2732,Pendente,1.0
2026-07-31,120,K00-00351-00,C,BAMN,2740,Pendente,3.0
2026-07-31,121,9910085-2,R,BANT,2728,Pendente,1.0
2026-07-31,122,D210507,R,BANT,2728,Pendente,1.0
2026-07-31,123,RV05-268,C,BANT,2719,Pendente,1.0
2026-07-31,124,RV05-268,C,BANT,2728,Pendente,1.0
2026-07-31,125,5040033933,R,BABR,2709,Pendente,1.0
2026-07-31,126,1U648-001,C,DACTA II,2742,Pendente,1.0
2026-07-31,127,161-12800,R,BABR,2709,Pendente,1.0
2026-07-31,128,162-11800,R,BABR,2709,Pendente,1.0
2026-07-31,129,302-120-402,C,BABR,2709,Pendente,1.0
2026-07-31,130,850C86-2,C,BABR,2709,Pendente,1.0
2026-07-31,131,AN316-4R,C,BABR,2709,Pendente,6.0
2026-07-31,132,C668540-0102,C,EPCAR,2702,Pendente,1.0
2026-07-31,133,MS20392-1C11,C,BAMN,2730,Pendente,1.0
2026-07-31,134,161-11700,R,DACTA II,2742,Pendente,1.0
2026-07-31,135,162-10700,R,DACTA II,2742,Pendente,1.0
2026-07-31,136,AE3663161E0113,C,DACTA II,2742,Pendente,1.0
2026-07-31,137,ST2231-05,C,BANT,2719 / 2728,Pendente,10.0
2026-07-31,138,NAS561P5-12,C,BANT,2719 / 2728,Pendente,2.0
2026-07-31,139,MS20392-1C11,C,BAMN,2730,Pendente,1.0
2026-07-31,140,2617024-6,C,BABE,2739,Pendente,1.0
2026-07-31,141,P860037,C,BABE,2739,Pendente,1.0
2026-07-31,142,S2655-1,C,BABE,2739,Pendente,1.0
2026-07-31,143,2651022-20-1,R,BABE,2739,Pendente,1.0
2026-07-31,144,AE3663163K0600,C,BABR,2709.0,Pendente,1.0
2026-07-31,145,161-11700,R,BACO,2743,Pendente,1.0
2026-07-31,146,162-10700,R,BACO,2743,Pendente,1.0
2026-07-31,147,2641011-5,R,BACO,2743,Pendente,2.0
2026-07-31,148,C662041-0102,R,BABR,2720,Pendente,2.0
2026-07-31,149,069-01033-0101,R,BABR,2720,Pendente,1.0
2026-07-31,150,S1587-7,C,BABE,2739,Pendente,1.0
2026-07-31,151,161-11700,R,BANT,2719 / 2728,Pendente,2.0
2026-07-31,152,162-10700,R,BANT,2719 / 2728,Pendente,2.0
2026-07-31,153,C352TS,T,DACTA II,2742,OK,1.0
2026-07-31,154,066-3046-07,R,CLA,2723,Pendente,1.0
2026-07-31,155,066-1055-00,R,CLA,2723,Pendente,1.0
2026-07-31,156,065-0041-00,R,CLA,2723,Pendente,1.0
2026-07-31,157,200-01902-0000,C,BABE,2731,Pendente,1.0
2026-07-31,158,AN315C4R,C,BANT,2719,Pendente,2.0
2026-07-31,159,2651024-5,C,BANT,2719,Pendente,2.0
2026-07-31,160,MS20392-2C29,C,BANT,2719,Pendente,1.0
2026-07-31,161,071-1052-00,R,BANT,2728,Pendente,1.0
2026-07-31,162,2651022-20-1,R,BABE,2733,Pendente,1.0
2026-07-31,163,071-1242-06,R,BANT,2728,Pendente,1.0
2026-07-31,164,C661065-0237,R,BANT,2719,Pendente,1.0
2026-07-31,165,2618510-10,T,BANT,2728,Pendente,1.0
2026-07-31,166,071-1242-06,R,BANT,2719,Pendente,1.0
2026-07-31,167,C661030-0301,R,BANT,2719,Pendente,1.0
2026-07-31,168,2651040-2,T,EPCAR,2702,Pendente,1.0
2026-07-31,169,2651022-20-1,T,EPCAR,2702,Pendente,1.0
2026-07-31,170,NAS147-43,C,EPCAR,2702,Pendente,2.0
2026-07-31,171,MS21044N7,C,EPCAR,2702,Pendente,2.0
2026-07-31,172,NAS1149F0732P,C,EPCAR,2702,Pendente,2.0
2026-07-31,173,MS20002C7,C,EPCAR,2702,Pendente,4.0
2026-07-31,174,AN5C12A,C,EPCAR,2702,Pendente,1.0
2026-07-31,175,NAS1149C0563R,C,EPCAR,2702,Pendente,2.0
2026-07-31,176,S1450-5H16-032,C,EPCAR,2702,Pendente,1.0
2026-07-31,177,MS21042L5,C,EPCAR,2702,Pendente,1.0
2026-07-31,178,MS20007-16,C,EPCAR,2702,Pendente,2.0
2026-07-31,179,C352TS,T,BACO,2743,OK,1.0
2026-07-31,180,060-0015-00,R,BANT,2721,Pendente,1.0
2026-07-31,181,065-0030-00,R,BANT,2728,Pendente,1.0
2026-07-31,182,066-3060-00,R,BANT,2708 / 2721,Pendente,2.0
2026-07-31,183,C598505-0303,R,BANT,2728,Pendente,1.0
2026-07-31,184,2606016-17,C,BABR,2720,Pendente,1.0
2026-07-31,185,2606016-17,C,BABR,2720,Pendente,1.0
2026-07-31,186,DCN4-5407,C,BABR,2720,Pendente,50.0
2026-07-31,187,NAS147-97,C,EPCAR,2702,Pendente,1.0
2026-07-31,188,NAS147-84,C,EPCAR,2702,Pendente,2.0
2026-07-31,189,AN363-720,C,EPCAR,2702,Pendente,4.0
2026-07-31,190,MS20007-68,C,EPCAR,2702,Pendente,1.0
2026-07-31,191,9910333-1,C,EPCAR,2702,Pendente,6.0
2026-07-31,192,S3461-64,C,EPCAR,2702,Pendente,1.0
2026-07-31,193,AN310C8,C,EPCAR,2702,Pendente,3.0
2026-07-31,194,AN310C8,C,EPCAR,2702,Pendente,3.0
2026-07-31,195,S3465-2-0160,C,BAMN,2737,Pendente,1.0
2026-07-31,196,069-1025-25,R,CLA,2723,Pendente,1.0
2026-07-31,197,069-01033-0101,R,BABR,2720,Pendente,1.0
2026-07-31,198,901207K1,C,BABE,2739,Pendente,5.0
2026-07-31,199,3240572,C,BABE,2739,Pendente,2.0
2026-07-31,200,AE3663162E0120,C,BANT,2703,Pendente,2.0
2026-07-31,201,AN924-3D,C,BACG,2727,Pendente,4.0
2026-07-31,202,MS28778-3,C,BACG,2727,Pendente,2.0
2026-07-31,203,C661065-0237,R,BABR,2721,Pendente,1.0
2026-07-31,204,9910338-4,R,BABR,2721,Pendente,1.0
2026-07-31,205,2643100-206,R,BANT,2719,Pendente,1.0
2026-07-31,206,2618510-10,T,BANT,2719,Pendente,1.0
2026-07-31,207,066-3084-32,R,BANT,2719,Pendente,1.0
2026-07-31,208,3014226,C,BANT,2719,Pendente,1.0
2026-07-31,209,S1450-4S10-032,C,BANT,2719,Pendente,2.0
2026-07-31,210,MS27975-2,C,BANT,2719,Pendente,2.0
2026-07-31,211,S1021Z8-8,C,BANT,2719,Pendente,6.0
2026-07-31,212,R581559,C,BANT,2719,Pendente,2.0
2026-07-31,213,R581559,C,BANT,2719,Pendente,1.0
2026-07-31,214,R581559,C,BANT,2719,Pendente,1.0
2026-07-31,215,C145-00-46,C,BAMN,2732,Pendente,1.0
2026-07-31,216,U554426,C,BABE,2739,Pendente,60.0
2026-07-31,217,2653019-1,C,BABR,2721,Pendente,1.0
2026-07-31,218,MS35426-27,C,BABR,2721,Pendente,4.0
2026-07-31,219,S1741-1,C,BABR,2721,Pendente,4.0
2026-07-31,220,A1633-72,C,BACO,2742,Pendente,1.0
2026-07-31,221,A1639-32,C,BACO,2742,Pendente,8.0
2026-07-31,222,AN363-720,C,BACO,2742,Pendente,4.0
2026-07-31,223,AS3209-016,C,BACO,2742,Pendente,1.0
2026-07-31,224,DCN4-3807,C,BACO,2742,Pendente,1.0
2026-07-31,225,MS20002C7,C,BACO,2742,Pendente,4.0
2026-07-31,226,MS20007-68,C,BACO,2742,Pendente,1.0
2026-07-31,227,MS28773-05,C,BACO,2742,Pendente,1.0
2026-07-31,228,MS28775-022,C,BACO,2742,Pendente,1.0
2026-07-31,229,MS28778-4,C,BACO,2742,Pendente,1.0
2026-07-31,230,MS29512-08,C,BACO,2742,Pendente,1.0
2026-07-31,231,NAS1149C0763R,C,BACO,2742,Pendente,4.0
2026-07-31,232,NAS147-84,C,BACO,2742,Pendente,2.0
2026-07-31,233,NAS147-97,C,BACO,2742,Pendente,1.0
2026-07-31,234,C598505-0304,C,BANT,FROTA,Pendente,1.0
2026-07-31,235,C598505-0304,C,BANT,FROTA,Pendente,1.0
2026-07-31,236,C598505-0303,C,BANT,FROTA,Pendente,2.0
2026-07-31,237,C598505-0303,C,BANT,FROTA,Pendente,1.0
2026-07-31,238,70-22-01,C,BANT,FROTA,Pendente,2.0
2026-07-31,239,70-22-01,C,BANT,FROTA,Pendente,2.0
2026-07-31,240,066-01141-5101,R,BANT,FROTA,Pendente,1.0
2026-07-31,241,MS35206-247,C,BANT,FROTA,Pendente,20.0
2026-07-31,242,065-0042-15,R,BANT,FROTA,Pendente,1.0
2026-07-31,243,C662041-0102,R,BANT,FROTA,Pendente,1.0
2026-07-31,244,011-00412-00,R,BANT,FROTA,Pendente,1.0
2026-07-31,245,3014227,C,BANT,FROTA,Pendente,1.0
2026-07-31,246,A1633-72,C,BANT,FROTA,Pendente,1.0
2026-07-31,247,066-3084-32,R,BANT,FROTA,Pendente,1.0
2026-07-31,248,AE3663724G0330,C,BANT,FROTA,Pendente,3.0
2026-07-31,249,0541140-1,C,BACG,2727,Pendente,1.0
2026-07-31,250,644-04303416,C,BANT,2719,Pendente,1.0
2026-07-31,251,C668050-1108,C,BABR,2721,Pendente,1.0
2026-07-31,252,2641012-14,T,BABE,2731,Pendente,1.0
2026-07-31,253,S2495-12B0600,C,BACG,2727,Pendente,1.0
2026-07-31,254,2641014-9,T,BABE,2731,Pendente,1.0
2026-07-31,255,S1985-1,C,CLA,2723,Pendente,1.0
2026-07-31,256,S1985-1,C,CLA,2723,Pendente,1.0
2026-07-31,257,200SGL153Q,R,BACO,2743,OK,1.0
2026-07-31,258,9910338-8RX,R,BABR,2721,Pendente,1.0
2026-07-31,259,162-11800,R,BANT,2703,Pendente,2.0
2026-07-31,260,200SGL119Q-2,R,BANT,2722,OK,1.0
2026-07-31,261,2641011-5,T,BANT,2719,Pendente,1.0
2026-07-31,262,452-0133,T,BANT,2728,Pendente,1.0
2026-07-31,263,C352TS,R,BANT,2728,OK,1.0
2026-07-31,264,S3326-2,R,BABE,2731,Pendente,1.0
2026-07-31,265,S2502-3,C,BABE,2731,Pendente,2.0
2026-07-31,266,P860037,C,BABE,2733,Pendente,2.0
2026-07-31,267,AE3663231B0160,C,BAMN,2736 / 2738 / 2741,Pendente,3.0
2026-07-31,268,8210-002-01,R,BABR,2721,Pendente,1.0
2026-07-31,269,DCN4-3807,C,BABR,2721,Pendente,2.0
2026-07-31,270,MS28773-05,C,BABR,2721,Pendente,2.0
2026-07-31,271,1215073-28,C,BABR,2721,Pendente,2.0
2026-07-31,272,9910573-21,C,BABR,2721,Pendente,1.0
2026-07-31,273,3121248-03,R,BABR,2721,Pendente,1.0
2026-07-31,274,5040033933,R,BABR,2709,Pendente,1.0
2026-07-31,275,R581559,C,BABR,2709,Pendente,4.0
2026-07-31,276,S3413-104,C,BABR,2709,Pendente,10.0
2026-07-31,277,S3413-105,C,BABR,2709,Pendente,10.0
2026-07-31,278,S3413-107,C,BABR,2709,Pendente,10.0
2026-07-31,279,S3413-109,C,BABR,2709,Pendente,5.0
2026-07-31,280,S3413-110,C,BABR,2709,Pendente,10.0
2026-07-31,281,S2319-64,C,BABR,2709,Pendente,50.0
2026-07-31,282,S2319-50,C,BABR,2709,Pendente,50.0
2026-07-31,283,B4864,C,BABR,2709,Pendente,1.0
2026-07-31,284,B4940-1,C,BABR,2709,Pendente,1.0
2026-07-31,285,B4940-2,C,BABR,2709,Pendente,10.0
2026-07-31,286,2654012-2,C,BABR,2709,Pendente,1.0
2026-07-31,287,5111602-16,C,BABE,2731,Pendente,67.0
2026-07-31,288,2641032-202,C,BAMN,2741,Pendente,1.0
2026-07-31,289,850C86-2,C,BABR,2709,Pendente,2.0
2026-07-31,290,302-120-402,C,BABR,2709,Pendente,1.0
2026-07-31,291,MS28778-3,C,BAMN,2736,Pendente,6.0
2026-07-31,292,AE3663161E0113,C,BAMN,2736,Pendente,1.0
2026-07-31,293,1414116-7,C,BABE,2739,Pendente,4.0
2026-07-31,294,S1985-1,C,BANT,2708,Pendente,1.0
2026-07-31,295,2270030-12,C,BANT,2708,Pendente,1.0
2026-07-31,296,066-4010-12,R,BANT,2708,Pendente,1.0
2026-07-31,297,3034792,R,DACTA II,2742,Pendente,1.0
2026-07-31,298,3024973,C,DACTA II,2742,Pendente,1.0
2026-07-31,299,M83461/1-012,C,DACTA II,2742,Pendente,1.0
2026-07-31,300,3039937,C,DACTA II,2742,Pendente,1.0
2026-07-31,301,3014227,C,DACTA II,2742,Pendente,1.0
2026-07-31,302,C668050-1108,C,BABE,2723,Pendente,1.0
2026-07-31,303,2522275-1,C,BABE,2723,Pendente,2.0
2026-07-31,304,S2870-1,C,BABE,2723,Pendente,2.0
2026-07-31,305,NSL 1422 B2,C,BABE,2723,Pendente,6.0
2026-07-31,306,AN320-3,C,BABR,2709,Pendente,4.0
2026-07-31,307,2613419-1,C,BABR,2709,Pendente,1.0
2026-07-31,308,AN565B428H4,C,BABR,2709,Pendente,2.0
2026-07-31,309,2662007-4,C,BABR,2709,Pendente,2.0
2026-07-31,310,2662022-1,C,BABR,2709,Pendente,2.0
2026-07-31,311,AN315-3L,C,BABR,2709,Pendente,2.0
2026-07-31,312,B145-78-7,C,BABR,2709,Pendente,1.0
2026-07-31,313,AS5174D1210,C,BAMN,2732,Pendente,1.0
2026-07-31,314,MS24392-10,C,BAMN,2732,Pendente,1.0
2026-07-31,315,An4-17,C,BANT,2729,Pendente,1.0
2026-07-31,316,S1450-6B12-032,C,BANT,2729,Pendente,2.0
2026-07-31,317,065-0059-01,C,BANT,2722,Pendente,1.0
2026-07-31,318,065-0059-01,C,BANT,2708,Pendente,1.0
2026-07-31,319,050-1518-00,C,BANT,2719,Pendente,1.0
2026-07-31,320,MS21025-24,C,BANT,2729,Pendente,1.0
2026-07-31,321,S51-14,C,BANT,2703,Pendente,1.0
2026-07-31,322,065-0042-03,C,BANT,2719,Pendente,1.0
2026-07-31,323,A1639-32,C,CLA,2723,Pendente,8.0
2026-07-31,324,B-5096,C,CLA,2723,Pendente,8.0
2026-07-31,325,A1633-72,C,CLA,2723,Pendente,2.0
2026-07-31,326,S3326-2RX,R,BACO,2743,Pendente,1.0
2026-07-31,327,799-1,R,BACO,2743,Pendente,1.0
2026-07-31,328,060-0017-00,R,BANT,2703,Pendente,1.0
2026-07-31,329,060-0017-00,R,BANT,2708,Pendente,1.0
2026-07-31,330,4002HS,C,BABR,2709,Pendente,10.0
2026-07-31,331,83-0057,C,BACG,2727,Pendente,1.0
2026-07-31,332,060-0015-00,C,BANT,2729,Pendente,1.0
2026-07-31,333,065-0042-15,C,BANT,2702,Pendente,1.0
2026-07-31,334,99-223-6B23284,C,BANT,2702,Pendente,1.0
2026-07-31,335,065-0042-15,C,BANT,2703,Pendente,1.0
2026-07-31,336,2610014-1,C,BANT,2719,Pendente,1.0
2026-07-31,337,NAS464P4A10,C,BANT,2719,Pendente,5.0
2026-07-31,338,A4513-1,C,BANT,2729,Pendente,1.0
2026-07-31,339,S1104-3,C,BANT,2719,Pendente,1.0
2026-07-31,340,011-00870-00,R,BAMN,2730,Pendente,1.0
2026-07-31,341,MS3116F8-3S,C,BANT,2729,Pendente,1.0
2026-07-31,342,2611024-1,C,BANT,2703,Pendente,2.0
2026-07-31,343,S2527-1,C,BACO,2743,Pendente,2.0
2026-07-31,344,24RB/EWC,C,BACO,2743,Pendente,3.0
2026-07-31,345,1308,C,BACO,2743,Pendente,1.0
2026-07-31,346,011-00870-00,R,BABR,2721,Pendente,1.0
2026-08-03,1,302-039-402,C,BABV,2741,Pendente,1.0
2026-08-03,2,302-039-402,C,BAMN,2740,Pendente,1.0
2026-08-03,3,065-0065-01,T,BANT,2719,Pendente,1.0
2026-08-03,4,NAS1739B4-6,C,BABE,2731,Desconsiderado,100.0
2026-08-03,5,CR2248-4-4,C,BABE,2731,Desconsiderado,100.0
2026-08-03,6,NAS1097AD6-5,C,BABE,2731,Desconsiderado,500.0
2026-08-03,7,NAS1097AD6-4,C,BABE,2731,Desconsiderado,100.0
2026-08-03,8,NAS1097AD5-4,C,BABE,2731,Desconsiderado,1.0
2026-08-03,9,NAS1097AD5-7,C,BABE,2731,Desconsiderado,1.0
2026-08-03,10,NAS1097AD4-3,C,BABE,2731,Desconsiderado,1.0
2026-08-03,11,NAS1097AD3-7,C,BABE,2731,Desconsiderado,50.0
2026-08-03,12,5934PAD-3,R,BABE,2739,Pendente,1.0
2026-08-03,13,068-02800,C,BANT,2722,Pendente,1.0
2026-08-03,14,RA068-02800,C,BANT,2722,Pendente,1.0
2026-08-03,15,MS21442-121,C,BABR,2709,Pendente,2.0
2026-08-03,16,523919,C,BABR,2709,Pendente,2.0
2026-08-03,17,065-0042-03,R,BANT,2722,OK,1.0
2026-08-03,18,AE3663163K0600,C,BANT,2728,Pendente,1.0
2026-08-03,19,MS21044N9,C,BANT,2728 e 2719,Pendente,16.0
2026-08-03,20,MS21044N9,C,BANT,2729,OK,8.0
2026-08-03,21,C145-00-46,C,BABR,2709,OK,1.0
2026-08-03,22,62800-001,T,BABR,2709,OK,1.0
2026-08-03,23,065-0042-15,R,BASM,2708,Pendente,1.0
2026-08-03,24,S3326-2,R,BAMN,*,Pendente,1.0
2026-08-03,25,MS29513-338,C,BANT,2719,Pendente,4.0
2026-08-03,26,030-18200,R,BAMN,2732,OK,1.0
2026-08-03,27,9864054-7,C,BAMN,2740,Pendente,1.0
2026-08-03,28,2606015-2,R,BABR,2720,Pendente,1.0
2026-08-03,29,76-207-12,C,BAMN,2740,Pendente,1.0
2026-08-03,30,MS20007-30,C,BABE,2733,OK,2.0
2026-08-03,31,MS20007-16,C,BABE,2733,Pendente,2.0
2026-08-03,32,B-5121,C,EEAR,2703,OK,1.0
2026-08-03,33,C668050-1104,C,BABR,2709,Pendente,1.0
2026-08-03,34,431-0101-01,C,BABR,2709,OK,1.0
2026-08-03,35,2650026-3,C,BABR,2709,OK,2.0
2026-08-03,36,S2300-12,C,BABR,2709,OK,3.0
2026-08-03,37,S2357-1,C,BABR,2709,OK,10.0
2026-08-03,38,2N6576,C,BABR,2709,OK,3.0
2026-08-03,39,22827-3,C,BABR,2709,OK,10.0
2026-08-03,40,068-02800,C,BABR,2709,Pendente,2.0
2026-08-03,41,2N6576,C,BABR,2709,OK,2.0
2026-08-03,42,060-0015-00,R,BABR,2709,Pendente,1.0
2026-08-03,43,066-4010-10,R,BABR,2709,OK,1.0
2026-08-03,44,011-01020-10,R,BAMN,2740,Pendente,1.0
2026-08-03,45,CM2990-G1,C,BABR,2709,Pendente,4.0
2026-08-03,46,C262023-0107,C,CLA,2723,OK,2.0
2026-08-03,47,2126001-1,C,BAMN,2737,Pendente,1.0
2026-08-03,48,2612035-1,C,BANT,2722,Pendente,1.0
2026-08-03,49,2641012-15,R,BANT,2728,Pendente,1.0
2026-08-03,50,DD2W,C,BACO,2743,Pendente,10.0
2026-08-03,51,S3100-581,C,BAMN,2737,Pendente,1.0
2026-08-03,52,GF5500-81,C,BAMN,2736,Pendente,1.0
2026-08-03,53,088-01132-0002,C,BANT,2728,Pendente,1.0
2026-08-03,54,2641012-14,R,BANT,2719,Pendente,1.0
2026-08-03,55,2641012-9,R,BANT,2719,Pendente,1.0
2026-08-03,56,52283,C,BANT,2719,Pendente,2.0
2026-08-03,57,AE3663162E0120,C,BANT,2723,Pendente,1.0
2026-08-03,58,EA-5175-52-CES,R,BANT,2728,OK,1.0
2026-08-03,59,S3100-630,C,BAMN,2737,Pendente,1.0
2026-08-03,60,2660001-107,C,BANT,2719,Pendente,1.0
2026-08-03,61,2660057-1,C,BANT,2719,Pendente,2.0
2026-08-03,62,2660057-1,C,BANT,2728,Pendente,2.0
2026-08-03,63,A-A-55487-5,C,BANT,2719,Pendente,8.0
2026-08-03,64,S2319-64,C,BACO,2743,Pendente,40.0
2026-08-03,65,060-0017-00,R,BANT,2708,Pendente,1.0
2026-08-03,66,MS3456W12S3S,C,BABR,2709,Pendente,2.0
2026-08-03,67,2682001-1,T,BABE/BANT,2739,OK,1.0
2026-08-03,68,MS3509-28,C,BACG,2727,Pendente,2.0
2026-08-03,69,S2899L0.5,C,BACG,2727,Pendente,1.0
2026-08-03,70,1U149-015-15,R,BACO,2743,Pendente,1.0
2026-08-03,71,AN6289J5,C,BABR,2709,Pendente,2.0
2026-08-03,72,MS17825-3,C,BANT,2728,Pendente,2.0
2026-08-03,73,MS17826-3,C,BANT,2728,Pendente,2.0
2026-08-03,74,200-1902-00,C,BAMN,2736,Pendente,2.0
2026-08-03,75,161-12800,R,BANT,2722 / 2728,Pendente,1.0
2026-08-03,76,162-11800,R,BANT,2722 / 2728,Pendente,3.0
2026-08-03,77,161-11700,R,BANT,2722 / 2728,Pendente,1.0
2026-08-03,78,162-10700,R,BANT,2722 / 2728,Pendente,1.0
2026-08-03,79,CI105-9,C,BANT,2722 / 2728,Pendente,1.0
2026-08-03,80,S2669-1,C,BAMN,2738,Pendente,1.0
2026-08-03,81,MS24694-S54,C,DACTA II,2742,Pendente,1.0
2026-08-03,82,NAS1741-06R8,C,BANT,2722,Pendente,10.0
2026-08-03,83,MS24693-S48,C,BANT,2722,Pendente,50.0
2026-08-03,84,071-1242-06,R,CLA,2723,Pendente,1.0
2026-08-03,85,066-3046-01,R,CLA,2723,Pendente,1.0
2026-08-03,86,C661064-0237,R,BABR,2709,Pendente,1.0
2026-08-03,87,76-207-12,C,BABE,2733,Pendente,1.0
2026-08-03,88,071-1242-06,R,BABR,2709,Pendente,1.0
2026-08-03,89,065-0060-01,R,BANT,2722,Pendente,1.0
2026-08-03,91,069-1025-25,R,BACG,2727,Pendente,1.0
2026-08-03,92,066-3084-32,R,BABR,2709,OK,1.0
2026-08-03,93,SD5H14S6667,R,DACTA II,2742,Pendente,1.0
2026-08-03,94,AN4H3A,C,BACO,2743,Pendente,1.0
2026-08-03,95,2615140-2,C,BACO,2743,Pendente,1.0
2026-08-03,96,430-00032-10,C,BABR,2720,Pendente,1.0
2026-08-03,97,MS24392-10,C,BAMN,2741,OK,1.0
2026-08-03,98,9910586-4,R,BAMN,2740,Pendente,1.0
2026-08-03,99,025323-150,R,BABR,2720,Pendente,1.0
2026-08-03,100,011-00916-00,R,BABE,2739,Pendente,1.0
2026-08-03,101,F222086,C,BABR,2720,Pendente,1.0
2026-08-03,102,4626,C,BACG,2727.0,Pendente,1.0
2026-08-03,103,2601040-3,C,BACG,2727.0,Pendente,1.0
2026-08-03,104,345-6196-04,C,BABE,2733.0,Pendente,1.0
2026-08-03,105,200-01902-0000,C,BAMN,2738,Pendente,1.0
2026-08-03,106,9864054-7,C,BAMN,2738,Pendente,1.0
2026-08-03,107,MS28773-05,C,BABR,2720,Pendente,1.0
2026-08-03,108,MS28773-05,C,BABE,2733,Pendente,1.0
2026-08-03,109,2606015-3,R,BABR,2720,Pendente,1.0
2026-08-03,110,C662041-0102,R,BABR,2720,Pendente,1.0
2026-08-03,111,069-01033-0101,R,BANT,2722,OK,1.0
2026-08-03,112,51539-012N,R,BANT,2719.0,Pendente,1.0
2026-08-03,113,2671000PB1,C,BACG,2727,Pendente,1.0
2026-08-03,114,580-219-154,C,BACO,2743,Pendente,1.0
2026-08-03,115,2650085-15,C,BACO,2743,Pendente,1.0
2026-08-03,116,2652021-80,C,BACO,2743,Pendente,2.0
2026-08-03,117,SL6015-5,C,BACO,2743,Pendente,2.0
2026-08-03,118,MS25171-1S,C,BACO,2743,Pendente,10.0
2026-08-03,119,C-145-450,C,BAMN,2732,Pendente,1.0
2026-08-03,120,K00-00351-00,C,BAMN,2740,Pendente,3.0
2026-08-03,121,9910085-2,R,BANT,2728,Pendente,1.0
2026-08-03,122,D210507,R,BANT,2728,Pendente,1.0
2026-08-03,123,RV05-268,C,BANT,2719,Pendente,1.0
2026-08-03,124,RV05-268,C,BANT,2728,Pendente,1.0
2026-08-03,125,5040033933,R,BABR,2709,Pendente,1.0
2026-08-03,126,1U648-001,C,DACTA II,2742,Pendente,1.0
2026-08-03,127,161-12800,R,BABR,2709,Pendente,1.0
2026-08-03,128,162-11800,R,BABR,2709,Pendente,1.0
2026-08-03,129,302-120-402,C,BABR,2709,Pendente,1.0
2026-08-03,130,850C86-2,C,BABR,2709,Pendente,1.0
2026-08-03,131,AN316-4R,C,BABR,2709,Pendente,6.0
2026-08-03,132,C668540-0102,C,EPCAR,2702,Pendente,1.0
2026-08-03,133,MS20392-1C11,C,BAMN,2730,Pendente,1.0
2026-08-03,134,161-11700,R,DACTA II,2742,Pendente,1.0
2026-08-03,135,162-10700,R,DACTA II,2742,Pendente,1.0
2026-08-03,136,AE3663161E0113,C,DACTA II,2742,Pendente,1.0
2026-08-03,137,ST2231-05,C,BANT,2719 / 2728,Pendente,10.0
2026-08-03,138,NAS561P5-12,C,BANT,2719 / 2728,Pendente,2.0
2026-08-03,139,MS20392-1C11,C,BAMN,2730,Pendente,1.0
2026-08-03,140,2617024-6,C,BABE,2739,Pendente,1.0
2026-08-03,141,P860037,C,BABE,2739,Pendente,1.0
2026-08-03,142,S2655-1,C,BABE,2739,Pendente,1.0
2026-08-03,143,2651022-20-1,R,BABE,2739,Pendente,1.0
2026-08-03,144,AE3663163K0600,C,BABR,2709.0,Pendente,1.0
2026-08-03,145,161-11700,R,BACO,2743,Pendente,1.0
2026-08-03,146,162-10700,R,BACO,2743,Pendente,1.0
2026-08-03,147,2641011-5,R,BACO,2743,Pendente,2.0
2026-08-03,148,C662041-0102,R,BABR,2720,Pendente,2.0
2026-08-03,149,069-01033-0101,R,BABR,2720,Pendente,1.0
2026-08-03,150,S1587-7,C,BABE,2739,Pendente,1.0
2026-08-03,151,161-11700,R,BANT,2719 / 2728,Pendente,2.0
2026-08-03,152,162-10700,R,BANT,2719 / 2728,Pendente,2.0
2026-08-03,153,C352TS,T,DACTA II,2742,OK,1.0
2026-08-03,154,066-3046-07,R,CLA,2723,Pendente,1.0
2026-08-03,155,066-1055-00,R,CLA,2723,Pendente,1.0
2026-08-03,156,065-0041-00,R,CLA,2723,Pendente,1.0
2026-08-03,157,200-01902-0000,C,BABE,2731,Pendente,1.0
2026-08-03,158,AN315C4R,C,BANT,2719,Pendente,2.0
2026-08-03,159,2651024-5,C,BANT,2719,Pendente,2.0
2026-08-03,160,MS20392-2C29,C,BANT,2719,Pendente,1.0
2026-08-03,161,071-1052-00,R,BANT,2728,Pendente,1.0
2026-08-03,162,2651022-20-1,R,BABE,2733,Pendente,1.0
2026-08-03,163,071-1242-06,R,BANT,2728,Pendente,1.0
2026-08-03,164,C661065-0237,R,BANT,2719,Pendente,1.0
2026-08-03,165,2618510-10,T,BANT,2728,Pendente,1.0
2026-08-03,166,071-1242-06,R,BANT,2719,Pendente,1.0
2026-08-03,167,C661030-0301,R,BANT,2719,Pendente,1.0
2026-08-03,168,2651040-2,T,EPCAR,2702,Pendente,1.0
2026-08-03,169,2651022-20-1,T,EPCAR,2702,Pendente,1.0
2026-08-03,170,NAS147-43,C,EPCAR,2702,Pendente,2.0
2026-08-03,171,MS21044N7,C,EPCAR,2702,Pendente,2.0
2026-08-03,172,NAS1149F0732P,C,EPCAR,2702,Pendente,2.0
2026-08-03,173,MS20002C7,C,EPCAR,2702,Pendente,4.0
2026-08-03,174,AN5C12A,C,EPCAR,2702,Pendente,1.0
2026-08-03,175,NAS1149C0563R,C,EPCAR,2702,Pendente,2.0
2026-08-03,176,S1450-5H16-032,C,EPCAR,2702,Pendente,1.0
2026-08-03,177,MS21042L5,C,EPCAR,2702,Pendente,1.0
2026-08-03,178,MS20007-16,C,EPCAR,2702,Pendente,2.0
2026-08-03,179,C352TS,T,BACO,2743,OK,1.0
2026-08-03,180,060-0015-00,R,BANT,2721,Pendente,1.0
2026-08-03,181,065-0030-00,R,BANT,2728,Pendente,1.0
2026-08-03,182,066-3060-00,R,BANT,2708 / 2721,Pendente,2.0
2026-08-03,183,C598505-0303,R,BANT,2728,Pendente,1.0
2026-08-03,184,2606016-17,C,BABR,2720,Pendente,1.0
2026-08-03,185,2606016-17,C,BABR,2720,Pendente,1.0
2026-08-03,186,DCN4-5407,C,BABR,2720,Pendente,50.0
2026-08-03,187,NAS147-97,C,EPCAR,2702,Pendente,1.0
2026-08-03,188,NAS147-84,C,EPCAR,2702,Pendente,2.0
2026-08-03,189,AN363-720,C,EPCAR,2702,Pendente,4.0
2026-08-03,190,MS20007-68,C,EPCAR,2702,Pendente,1.0
2026-08-03,191,9910333-1,C,EPCAR,2702,Pendente,6.0
2026-08-03,192,S3461-64,C,EPCAR,2702,Pendente,1.0
2026-08-03,193,AN310C8,C,EPCAR,2702,Pendente,3.0
2026-08-03,194,AN310C8,C,EPCAR,2702,Pendente,3.0
2026-08-03,195,S3465-2-0160,C,BAMN,2737,Pendente,1.0
2026-08-03,196,069-1025-25,R,CLA,2723,Pendente,1.0
2026-08-03,197,069-01033-0101,R,BABR,2720,Pendente,1.0
2026-08-03,198,901207K1,C,BABE,2739,Pendente,5.0
2026-08-03,199,3240572,C,BABE,2739,Pendente,2.0
2026-08-03,200,AE3663162E0120,C,BANT,2703,Pendente,2.0
2026-08-03,201,AN924-3D,C,BACG,2727,Pendente,4.0
2026-08-03,202,MS28778-3,C,BACG,2727,Pendente,2.0
2026-08-03,203,C661065-0237,R,BABR,2721,Pendente,1.0
2026-08-03,204,9910338-4,R,BABR,2721,Pendente,1.0
2026-08-03,205,2643100-206,R,BANT,2719,Pendente,1.0
2026-08-03,206,2618510-10,T,BANT,2719,Pendente,1.0
2026-08-03,207,066-3084-32,R,BANT,2719,Pendente,1.0
2026-08-03,208,3014226,C,BANT,2719,Pendente,1.0
2026-08-03,209,S1450-4S10-032,C,BANT,2719,Pendente,2.0
2026-08-03,210,MS27975-2,C,BANT,2719,Pendente,2.0
2026-08-03,211,S1021Z8-8,C,BANT,2719,Pendente,6.0
2026-08-03,212,R581559,C,BANT,2719,Pendente,2.0
2026-08-03,213,R581559,C,BANT,2719,Pendente,1.0
2026-08-03,214,R581559,C,BANT,2719,Pendente,1.0
2026-08-03,215,C145-00-46,C,BAMN,2732,Pendente,1.0
2026-08-03,216,U554426,C,BABE,2739,Pendente,60.0
2026-08-03,217,2653019-1,C,BABR,2721,Pendente,1.0
2026-08-03,218,MS35426-27,C,BABR,2721,Pendente,4.0
2026-08-03,219,S1741-1,C,BABR,2721,Pendente,4.0
2026-08-03,220,A1633-72,C,BACO,2742,Pendente,1.0
2026-08-03,221,A1639-32,C,BACO,2742,Pendente,8.0
2026-08-03,222,AN363-720,C,BACO,2742,Pendente,4.0
2026-08-03,223,AS3209-016,C,BACO,2742,Pendente,1.0
2026-08-03,224,DCN4-3807,C,BACO,2742,Pendente,1.0
2026-08-03,225,MS20002C7,C,BACO,2742,Pendente,4.0
2026-08-03,226,MS20007-68,C,BACO,2742,Pendente,1.0
2026-08-03,227,MS28773-05,C,BACO,2742,Pendente,1.0
2026-08-03,228,MS28775-022,C,BACO,2742,Pendente,1.0
2026-08-03,229,MS28778-4,C,BACO,2742,Pendente,1.0
2026-08-03,230,MS29512-08,C,BACO,2742,Pendente,1.0
2026-08-03,231,NAS1149C0763R,C,BACO,2742,Pendente,4.0
2026-08-03,232,NAS147-84,C,BACO,2742,Pendente,2.0
2026-08-03,233,NAS147-97,C,BACO,2742,Pendente,1.0
2026-08-03,234,C598505-0304,C,BANT,FROTA,Pendente,1.0
2026-08-03,235,C598505-0304,C,BANT,FROTA,Pendente,1.0
2026-08-03,236,C598505-0303,C,BANT,FROTA,Pendente,2.0
2026-08-03,237,C598505-0303,C,BANT,FROTA,Pendente,1.0
2026-08-03,238,70-22-01,C,BANT,FROTA,Pendente,2.0
2026-08-03,239,70-22-01,C,BANT,FROTA,Pendente,2.0
2026-08-03,240,066-01141-5101,R,BANT,FROTA,Pendente,1.0
2026-08-03,241,MS35206-247,C,BANT,FROTA,Pendente,20.0
2026-08-03,242,065-0042-15,R,BANT,FROTA,Pendente,1.0
2026-08-03,243,C662041-0102,R,BANT,FROTA,Pendente,1.0
2026-08-03,244,011-00412-00,R,BANT,FROTA,Pendente,1.0
2026-08-03,245,3014227,C,BANT,FROTA,Pendente,1.0
2026-08-03,246,A1633-72,C,BANT,FROTA,Pendente,1.0
2026-08-03,247,066-3084-32,R,BANT,FROTA,Pendente,1.0
2026-08-03,248,AE3663724G0330,C,BANT,FROTA,Pendente,3.0
2026-08-03,249,0541140-1,C,BACG,2727,Pendente,1.0
2026-08-03,250,644-04303416,C,BANT,2719,Pendente,1.0
2026-08-03,251,C668050-1108,C,BABR,2721,Pendente,1.0
2026-08-03,252,2641012-14,T,BABE,2731,Pendente,1.0
2026-08-03,253,S2495-12B0600,C,BACG,2727,Pendente,1.0
2026-08-03,254,2641014-9,T,BABE,2731,Pendente,1.0
2026-08-03,255,S1985-1,C,CLA,2723,Pendente,1.0
2026-08-03,256,S1985-1,C,CLA,2723,Pendente,1.0
2026-08-03,257,200SGL153Q,R,BACO,2743,OK,1.0
2026-08-03,258,9910338-8RX,R,BABR,2721,Pendente,1.0
2026-08-03,259,162-11800,R,BANT,2703,Pendente,2.0
2026-08-03,260,200SGL119Q-2,R,BANT,2722,OK,1.0
2026-08-03,261,2641011-5,T,BANT,2719,Pendente,1.0
2026-08-03,262,452-0133,T,BANT,2728,Pendente,1.0
2026-08-03,263,C352TS,R,BANT,2728,OK,1.0
2026-08-03,264,S3326-2,R,BABE,2731,Pendente,1.0
2026-08-03,265,S2502-3,C,BABE,2731,Pendente,2.0
2026-08-03,266,P860037,C,BABE,2733,Pendente,2.0
2026-08-03,267,AE3663231B0160,C,BAMN,2736 / 2738 / 2741,Pendente,3.0
2026-08-03,268,8210-002-01,R,BABR,2721,Pendente,1.0
2026-08-03,269,DCN4-3807,C,BABR,2721,Pendente,2.0
2026-08-03,270,MS28773-05,C,BABR,2721,Pendente,2.0
2026-08-03,271,1215073-28,C,BABR,2721,Pendente,2.0
2026-08-03,272,9910573-21,C,BABR,2721,Pendente,1.0
2026-08-03,273,3121248-03,R,BABR,2721,Pendente,1.0
2026-08-03,274,5040033933,R,BABR,2709,Pendente,1.0
2026-08-03,275,R581559,C,BABR,2709,Pendente,4.0
2026-08-03,276,S3413-104,C,BABR,2709,Pendente,10.0
2026-08-03,277,S3413-105,C,BABR,2709,Pendente,10.0
2026-08-03,278,S3413-107,C,BABR,2709,Pendente,10.0
2026-08-03,279,S3413-109,C,BABR,2709,Pendente,5.0
2026-08-03,280,S3413-110,C,BABR,2709,Pendente,10.0
2026-08-03,281,S2319-64,C,BABR,2709,Pendente,50.0
2026-08-03,282,S2319-50,C,BABR,2709,Pendente,50.0
2026-08-03,283,B4864,C,BABR,2709,Pendente,1.0
2026-08-03,284,B4940-1,C,BABR,2709,Pendente,1.0
2026-08-03,285,B4940-2,C,BABR,2709,Pendente,10.0
2026-08-03,286,2654012-2,C,BABR,2709,Pendente,1.0
2026-08-03,287,5111602-16,C,BABE,2731,Pendente,67.0
2026-08-03,288,2641032-202,C,BAMN,2741,Pendente,1.0
2026-08-03,289,850C86-2,C,BABR,2709,Pendente,2.0
2026-08-03,290,302-120-402,C,BABR,2709,Pendente,1.0
2026-08-03,291,MS28778-3,C,BAMN,2736,Pendente,6.0
2026-08-03,292,AE3663161E0113,C,BAMN,2736,Pendente,1.0
2026-08-03,293,1414116-7,C,BABE,2739,Pendente,4.0
2026-08-03,294,S1985-1,C,BANT,2708,Pendente,1.0
2026-08-03,295,2270030-12,C,BANT,2708,Pendente,1.0
2026-08-03,296,066-4010-12,R,BANT,2708,Pendente,1.0
2026-08-03,297,3034792,R,DACTA II,2742,Pendente,1.0
2026-08-03,298,3024973,C,DACTA II,2742,Pendente,1.0
2026-08-03,299,M83461/1-012,C,DACTA II,2742,Pendente,1.0
2026-08-03,300,3039937,C,DACTA II,2742,Pendente,1.0
2026-08-03,301,3014227,C,DACTA II,2742,Pendente,1.0
2026-08-03,302,C668050-1108,C,BABE,2723,Pendente,1.0
2026-08-03,303,2522275-1,C,BABE,2723,Pendente,2.0
2026-08-03,304,S2870-1,C,BABE,2723,Pendente,2.0
2026-08-03,305,NSL 1422 B2,C,BABE,2723,Pendente,6.0
2026-08-03,306,AN320-3,C,BABR,2709,Pendente,4.0
2026-08-03,307,2613419-1,C,BABR,2709,Pendente,1.0
2026-08-03,308,AN565B428H4,C,BABR,2709,Pendente,2.0
2026-08-03,309,2662007-4,C,BABR,2709,Pendente,2.0
2026-08-03,310,2662022-1,C,BABR,2709,Pendente,2.0
2026-08-03,311,AN315-3L,C,BABR,2709,Pendente,2.0
2026-08-03,312,B145-78-7,C,BABR,2709,Pendente,1.0
2026-08-03,313,AS5174D1210,C,BAMN,2732,Pendente,1.0
2026-08-03,314,MS24392-10,C,BAMN,2732,Pendente,1.0
2026-08-03,315,An4-17,C,BANT,2729,Pendente,1.0
2026-08-03,316,S1450-6B12-032,C,BANT,2729,Pendente,2.0
2026-08-03,317,065-0059-01,C,BANT,2722,Pendente,1.0
2026-08-03,318,065-0059-01,C,BANT,2708,Pendente,1.0
2026-08-03,319,050-1518-00,C,BANT,2719,Pendente,1.0
2026-08-03,320,MS21025-24,C,BANT,2729,Pendente,1.0
2026-08-03,321,S51-14,C,BANT,2703,Pendente,1.0
2026-08-03,322,065-0042-03,C,BANT,2719,Pendente,1.0
2026-08-03,323,A1639-32,C,CLA,2723,Pendente,8.0
2026-08-03,324,B-5096,C,CLA,2723,Pendente,8.0
2026-08-03,325,A1633-72,C,CLA,2723,Pendente,2.0
2026-08-03,326,S3326-2RX,R,BACO,2743,Pendente,1.0
2026-08-03,327,799-1,R,BACO,2743,Pendente,1.0
2026-08-03,328,060-0017-00,R,BANT,2703,Pendente,1.0
2026-08-03,329,060-0017-00,R,BANT,2708,Pendente,1.0
2026-08-03,330,4002HS,C,BABR,2709,Pendente,10.0
2026-08-03,331,83-0057,C,BACG,2727,Pendente,1.0
2026-08-03,332,060-0015-00,C,BANT,2729,Pendente,1.0
2026-08-03,333,065-0042-15,C,BANT,2702,Pendente,1.0
2026-08-03,334,99-223-6B23284,C,BANT,2702,Pendente,1.0
2026-08-03,335,065-0042-15,C,BANT,2703,Pendente,1.0
2026-08-03,336,2610014-1,C,BANT,2719,Pendente,1.0
2026-08-03,337,NAS464P4A10,C,BANT,2719,Pendente,5.0
2026-08-03,338,A4513-1,C,BANT,2729,Pendente,1.0
2026-08-03,339,S1104-3,C,BANT,2719,Pendente,1.0
2026-08-03,340,011-00870-00,R,BAMN,2730,Pendente,1.0
2026-08-03,341,MS3116F8-3S,C,BANT,2729,Pendente,1.0
2026-08-03,342,2611024-1,C,BANT,2703,Pendente,2.0
2026-08-03,343,S2527-1,C,BACO,2743,Pendente,2.0
2026-08-03,344,24RB/EWC,C,BACO,2743,Pendente,3.0
2026-08-03,345,1308,C,BACO,2743,Pendente,1.0
2026-08-03,346,011-00870-00,R,BABE,2739,Pendente,1.0
2026-08-03,347,324843-W020,T,BAMN,2736,Pendente,1.0
2026-08-03,348,011-00870-00,R,BABE,2733,Pendente,1.0
2026-08-04,1,302-039-402,C,BABV,2741,Pendente,1.0
2026-08-04,2,302-039-402,C,BAMN,2740,Pendente,1.0
2026-08-04,3,065-0065-01,T,BANT,2719,Pendente,1.0
2026-08-04,4,NAS1739B4-6,C,BABE,2731,Desconsiderado,100.0
2026-08-04,5,CR2248-4-4,C,BABE,2731,Desconsiderado,100.0
2026-08-04,6,NAS1097AD6-5,C,BABE,2731,Desconsiderado,500.0
2026-08-04,7,NAS1097AD6-4,C,BABE,2731,Desconsiderado,100.0
2026-08-04,8,NAS1097AD5-4,C,BABE,2731,Desconsiderado,1.0
2026-08-04,9,NAS1097AD5-7,C,BABE,2731,Desconsiderado,1.0
2026-08-04,10,NAS1097AD4-3,C,BABE,2731,Desconsiderado,1.0
2026-08-04,11,NAS1097AD3-7,C,BABE,2731,Desconsiderado,50.0
2026-08-04,12,5934PAD-3,R,BABE,2739,Pendente,1.0
2026-08-04,13,068-02800,C,BANT,2722,Pendente,1.0
2026-08-04,14,RA068-02800,C,BANT,2722,Pendente,1.0
2026-08-04,15,MS21442-121,C,BABR,2709,Pendente,2.0
2026-08-04,16,523919,C,BABR,2709,Pendente,2.0
2026-08-04,17,065-0042-03,R,BANT,2722,OK,1.0
2026-08-04,18,AE3663163K0600,C,BANT,2728,Pendente,1.0
2026-08-04,19,MS21044N9,C,BANT,2728 e 2719,Pendente,16.0
2026-08-04,20,MS21044N9,C,BANT,2729,OK,8.0
2026-08-04,21,C145-00-46,C,BABR,2709,OK,1.0
2026-08-04,22,62800-001,T,BABR,2709,OK,1.0
2026-08-04,23,065-0042-15,R,BASM,2708,Pendente,1.0
2026-08-04,24,S3326-2,R,BAMN,*,Pendente,1.0
2026-08-04,25,MS29513-338,C,BANT,2719,Pendente,4.0
2026-08-04,26,030-18200,R,BAMN,2732,OK,1.0
2026-08-04,27,9864054-7,C,BAMN,2740,Pendente,1.0
2026-08-04,28,2606015-2,R,BABR,2720,Pendente,1.0
2026-08-04,29,76-207-12,C,BAMN,2740,Pendente,1.0
2026-08-04,30,MS20007-30,C,BABE,2733,OK,2.0
2026-08-04,31,MS20007-16,C,BABE,2733,Pendente,2.0
2026-08-04,32,B-5121,C,EEAR,2703,OK,1.0
2026-08-04,33,C668050-1104,C,BABR,2709,Pendente,1.0
2026-08-04,34,431-0101-01,C,BABR,2709,OK,1.0
2026-08-04,35,2650026-3,C,BABR,2709,OK,2.0
2026-08-04,36,S2300-12,C,BABR,2709,OK,3.0
2026-08-04,37,S2357-1,C,BABR,2709,OK,10.0
2026-08-04,38,2N6576,C,BABR,2709,OK,3.0
2026-08-04,39,22827-3,C,BABR,2709,OK,10.0
2026-08-04,40,068-02800,C,BABR,2709,Pendente,2.0
2026-08-04,41,2N6576,C,BABR,2709,OK,2.0
2026-08-04,42,060-0015-00,R,BABR,2709,Pendente,1.0
2026-08-04,43,066-4010-10,R,BABR,2709,OK,1.0
2026-08-04,44,011-01020-10,R,BAMN,2740,Pendente,1.0
2026-08-04,45,CM2990-G1,C,BABR,2709,Pendente,4.0
2026-08-04,46,C262023-0107,C,CLA,2723,OK,2.0
2026-08-04,47,2126001-1,C,BAMN,2737,Pendente,1.0
2026-08-04,48,2612035-1,C,BANT,2722,Pendente,1.0
2026-08-04,49,2641012-15,R,BANT,2728,Pendente,1.0
2026-08-04,50,DD2W,C,BACO,2743,Pendente,10.0
2026-08-04,51,S3100-581,C,BAMN,2737,Pendente,1.0
2026-08-04,52,GF5500-81,C,BAMN,2736,Pendente,1.0
2026-08-04,53,088-01132-0002,C,BANT,2728,Pendente,1.0
2026-08-04,54,2641012-14,R,BANT,2719,Pendente,1.0
2026-08-04,55,2641012-9,R,BANT,2719,Pendente,1.0
2026-08-04,56,52283,C,BANT,2719,Pendente,2.0
2026-08-04,57,AE3663162E0120,C,BANT,2723,Pendente,1.0
2026-08-04,58,EA-5175-52-CES,R,BANT,2728,OK,1.0
2026-08-04,59,S3100-630,C,BAMN,2737,Pendente,1.0
2026-08-04,60,2660001-107,C,BANT,2719,Pendente,1.0
2026-08-04,61,2660057-1,C,BANT,2719,Pendente,2.0
2026-08-04,62,2660057-1,C,BANT,2728,Pendente,2.0
2026-08-04,63,A-A-55487-5,C,BANT,2719,Pendente,8.0
2026-08-04,64,S2319-64,C,BACO,2743,Pendente,40.0
2026-08-04,65,060-0017-00,R,BANT,2708,Pendente,1.0
2026-08-04,66,MS3456W12S3S,C,BABR,2709,Pendente,2.0
2026-08-04,67,2682001-1,T,BABE/BANT,2739,OK,1.0
2026-08-04,68,MS3509-28,C,BACG,2727,Pendente,2.0
2026-08-04,69,S2899L0.5,C,BACG,2727,Pendente,1.0
2026-08-04,70,1U149-015-15,R,BACO,2743,Pendente,1.0
2026-08-04,71,AN6289J5,C,BABR,2709,Pendente,2.0
2026-08-04,72,MS17825-3,C,BANT,2728,Pendente,2.0
2026-08-04,73,MS17826-3,C,BANT,2728,Pendente,2.0
2026-08-04,74,200-1902-00,C,BAMN,2736,Pendente,2.0
2026-08-04,75,161-12800,R,BANT,2722 / 2728,Pendente,1.0
2026-08-04,76,162-11800,R,BANT,2722 / 2728,Pendente,3.0
2026-08-04,77,161-11700,R,BANT,2722 / 2728,Pendente,1.0
2026-08-04,78,162-10700,R,BANT,2722 / 2728,Pendente,1.0
2026-08-04,79,CI105-9,C,BANT,2722 / 2728,Pendente,1.0
2026-08-04,80,S2669-1,C,BAMN,2738,Pendente,1.0
2026-08-04,81,MS24694-S54,C,DACTA II,2742,Pendente,1.0
2026-08-04,82,NAS1741-06R8,C,BANT,2722,Pendente,10.0
2026-08-04,83,MS24693-S48,C,BANT,2722,Pendente,50.0
2026-08-04,84,071-1242-06,R,CLA,2723,Pendente,1.0
2026-08-04,85,066-3046-01,R,CLA,2723,Pendente,1.0
2026-08-04,86,C661064-0237,R,BABR,2709,Pendente,1.0
2026-08-04,87,76-207-12,C,BABE,2733,Pendente,1.0
2026-08-04,88,071-1242-06,R,BABR,2709,Pendente,1.0
2026-08-04,89,065-0060-01,R,BANT,2722,Pendente,1.0
2026-08-04,91,069-1025-25,R,BACG,2727,Pendente,1.0
2026-08-04,92,066-3084-32,R,BABR,2709,OK,1.0
2026-08-04,93,SD5H14S6667,R,DACTA II,2742,Pendente,1.0
2026-08-04,94,AN4H3A,C,BACO,2743,Pendente,1.0
2026-08-04,95,2615140-2,C,BACO,2743,Pendente,1.0
2026-08-04,96,430-00032-10,C,BABR,2720,Pendente,1.0
2026-08-04,97,MS24392-10,C,BAMN,2741,OK,1.0
2026-08-04,98,9910586-4,R,BAMN,2740,Pendente,1.0
2026-08-04,99,025323-150,R,BABR,2720,Pendente,1.0
2026-08-04,100,011-00916-00,R,BABE,2739,Pendente,1.0
2026-08-04,101,F222086,C,BABR,2720,Pendente,1.0
2026-08-04,102,4626,C,BACG,2727.0,Pendente,1.0
2026-08-04,103,2601040-3,C,BACG,2727.0,Pendente,1.0
2026-08-04,104,345-6196-04,C,BABE,2733.0,Pendente,1.0
2026-08-04,105,200-01902-0000,C,BAMN,2738,Pendente,1.0
2026-08-04,106,9864054-7,C,BAMN,2738,Pendente,1.0
2026-08-04,107,MS28773-05,C,BABR,2720,Pendente,1.0
2026-08-04,108,MS28773-05,C,BABE,2733,Pendente,1.0
2026-08-04,109,2606015-3,R,BABR,2720,Pendente,1.0
2026-08-04,110,C662041-0102,R,BABR,2720,Pendente,1.0
2026-08-04,111,069-01033-0101,R,BANT,2722,OK,1.0
2026-08-04,112,51539-012N,R,BANT,2719.0,Pendente,1.0
2026-08-04,113,2671000PB1,C,BACG,2727,Pendente,1.0
2026-08-04,114,580-219-154,C,BACO,2743,Pendente,1.0
2026-08-04,115,2650085-15,C,BACO,2743,Pendente,1.0
2026-08-04,116,2652021-80,C,BACO,2743,Pendente,2.0
2026-08-04,117,SL6015-5,C,BACO,2743,Pendente,2.0
2026-08-04,118,MS25171-1S,C,BACO,2743,Pendente,10.0
2026-08-04,119,C-145-450,C,BAMN,2732,Pendente,1.0
2026-08-04,120,K00-00351-00,C,BAMN,2740,Pendente,3.0
2026-08-04,121,9910085-2,R,BANT,2728,Pendente,1.0
2026-08-04,122,D210507,R,BANT,2728,Pendente,1.0
2026-08-04,123,RV05-268,C,BANT,2719,Pendente,1.0
2026-08-04,124,RV05-268,C,BANT,2728,Pendente,1.0
2026-08-04,125,5040033933,R,BABR,2709,Pendente,1.0
2026-08-04,126,1U648-001,C,DACTA II,2742,Pendente,1.0
2026-08-04,127,161-12800,R,BABR,2709,Pendente,1.0
2026-08-04,128,162-11800,R,BABR,2709,Pendente,1.0
2026-08-04,129,302-120-402,C,BABR,2709,Pendente,1.0
2026-08-04,130,850C86-2,C,BABR,2709,Pendente,1.0
2026-08-04,131,AN316-4R,C,BABR,2709,Pendente,6.0
2026-08-04,132,C668540-0102,C,EPCAR,2702,Pendente,1.0
2026-08-04,133,MS20392-1C11,C,BAMN,2730,Pendente,1.0
2026-08-04,134,161-11700,R,DACTA II,2742,Pendente,1.0
2026-08-04,135,162-10700,R,DACTA II,2742,Pendente,1.0
2026-08-04,136,AE3663161E0113,C,DACTA II,2742,Pendente,1.0
2026-08-04,137,ST2231-05,C,BANT,2719 / 2728,Pendente,10.0
2026-08-04,138,NAS561P5-12,C,BANT,2719 / 2728,Pendente,2.0
2026-08-04,139,MS20392-1C11,C,BAMN,2730,Pendente,1.0
2026-08-04,140,2617024-6,C,BABE,2739,Pendente,1.0
2026-08-04,141,P860037,C,BABE,2739,Pendente,1.0
2026-08-04,142,S2655-1,C,BABE,2739,Pendente,1.0
2026-08-04,143,2651022-20-1,R,BABE,2739,Pendente,1.0
2026-08-04,144,AE3663163K0600,C,BABR,2709.0,Pendente,1.0
2026-08-04,145,161-11700,R,BACO,2743,Pendente,1.0
2026-08-04,146,162-10700,R,BACO,2743,Pendente,1.0
2026-08-04,147,2641011-5,R,BACO,2743,Pendente,2.0
2026-08-04,148,C662041-0102,R,BABR,2720,Pendente,2.0
2026-08-04,149,069-01033-0101,R,BABR,2720,Pendente,1.0
2026-08-04,150,S1587-7,C,BABE,2739,Pendente,1.0
2026-08-04,151,161-11700,R,BANT,2719 / 2728,Pendente,2.0
2026-08-04,152,162-10700,R,BANT,2719 / 2728,Pendente,2.0
2026-08-04,153,C352TS,T,DACTA II,2742,OK,1.0
2026-08-04,154,066-3046-07,R,CLA,2723,Pendente,1.0
2026-08-04,155,066-1055-00,R,CLA,2723,Pendente,1.0
2026-08-04,156,065-0041-00,R,CLA,2723,Pendente,1.0
2026-08-04,157,200-01902-0000,C,BABE,2731,Pendente,1.0
2026-08-04,158,AN315C4R,C,BANT,2719,Pendente,2.0
2026-08-04,159,2651024-5,C,BANT,2719,Pendente,2.0
2026-08-04,160,MS20392-2C29,C,BANT,2719,Pendente,1.0
2026-08-04,161,071-1052-00,R,BANT,2728,Pendente,1.0
2026-08-04,162,2651022-20-1,R,BABE,2733,Pendente,1.0
2026-08-04,163,071-1242-06,R,BANT,2728,Pendente,1.0
2026-08-04,164,C661065-0237,R,BANT,2719,Pendente,1.0
2026-08-04,165,2618510-10,T,BANT,2728,Pendente,1.0
2026-08-04,166,071-1242-06,R,BANT,2719,Pendente,1.0
2026-08-04,167,C661030-0301,R,BANT,2719,Pendente,1.0
2026-08-04,168,2651040-2,T,EPCAR,2702,Pendente,1.0
2026-08-04,169,2651022-20-1,T,EPCAR,2702,Pendente,1.0
2026-08-04,170,NAS147-43,C,EPCAR,2702,Pendente,2.0
2026-08-04,171,MS21044N7,C,EPCAR,2702,Pendente,2.0
2026-08-04,172,NAS1149F0732P,C,EPCAR,2702,Pendente,2.0
2026-08-04,173,MS20002C7,C,EPCAR,2702,Pendente,4.0
2026-08-04,174,AN5C12A,C,EPCAR,2702,Pendente,1.0
2026-08-04,175,NAS1149C0563R,C,EPCAR,2702,Pendente,2.0
2026-08-04,176,S1450-5H16-032,C,EPCAR,2702,Pendente,1.0
2026-08-04,177,MS21042L5,C,EPCAR,2702,Pendente,1.0
2026-08-04,178,MS20007-16,C,EPCAR,2702,Pendente,2.0
2026-08-04,179,C352TS,T,BACO,2743,OK,1.0
2026-08-04,180,060-0015-00,R,BANT,2721,Pendente,1.0
2026-08-04,181,065-0030-00,R,BANT,2728,Pendente,1.0
2026-08-04,182,066-3060-00,R,BANT,2708 / 2721,Pendente,2.0
2026-08-04,183,C598505-0303,R,BANT,2728,Pendente,1.0
2026-08-04,184,2606016-17,C,BABR,2720,Pendente,1.0
2026-08-04,185,2606016-17,C,BABR,2720,Pendente,1.0
2026-08-04,186,DCN4-5407,C,BABR,2720,Pendente,50.0
2026-08-04,187,NAS147-97,C,EPCAR,2702,Pendente,1.0
2026-08-04,188,NAS147-84,C,EPCAR,2702,Pendente,2.0
2026-08-04,189,AN363-720,C,EPCAR,2702,Pendente,4.0
2026-08-04,190,MS20007-68,C,EPCAR,2702,Pendente,1.0
2026-08-04,191,9910333-1,C,EPCAR,2702,Pendente,6.0
2026-08-04,192,S3461-64,C,EPCAR,2702,Pendente,1.0
2026-08-04,193,AN310C8,C,EPCAR,2702,Pendente,3.0
2026-08-04,194,AN310C8,C,EPCAR,2702,Pendente,3.0
2026-08-04,195,S3465-2-0160,C,BAMN,2737,Pendente,1.0
2026-08-04,196,069-1025-25,R,CLA,2723,Pendente,1.0
2026-08-04,197,069-01033-0101,R,BABR,2720,Pendente,1.0
2026-08-04,198,901207K1,C,BABE,2739,Pendente,5.0
2026-08-04,199,3240572,C,BABE,2739,Pendente,2.0
2026-08-04,200,AE3663162E0120,C,BANT,2703,Pendente,2.0
2026-08-04,201,AN924-3D,C,BACG,2727,Pendente,4.0
2026-08-04,202,MS28778-3,C,BACG,2727,Pendente,2.0
2026-08-04,203,C661065-0237,R,BABR,2721,Pendente,1.0
2026-08-04,204,9910338-4,R,BABR,2721,Pendente,1.0
2026-08-04,205,2643100-206,R,BANT,2719,Pendente,1.0
2026-08-04,206,2618510-10,T,BANT,2719,Pendente,1.0
2026-08-04,207,066-3084-32,R,BANT,2719,Pendente,1.0
2026-08-04,208,3014226,C,BANT,2719,Pendente,1.0
2026-08-04,209,S1450-4S10-032,C,BANT,2719,Pendente,2.0
2026-08-04,210,MS27975-2,C,BANT,2719,Pendente,2.0
2026-08-04,211,S1021Z8-8,C,BANT,2719,Pendente,6.0
2026-08-04,212,R581559,C,BANT,2719,Pendente,2.0
2026-08-04,213,R581559,C,BANT,2719,Pendente,1.0
2026-08-04,214,R581559,C,BANT,2719,Pendente,1.0
2026-08-04,215,C145-00-46,C,BAMN,2732,Pendente,1.0
2026-08-04,216,U554426,C,BABE,2739,Pendente,60.0
2026-08-04,217,2653019-1,C,BABR,2721,Pendente,1.0
2026-08-04,218,MS35426-27,C,BABR,2721,Pendente,4.0
2026-08-04,219,S1741-1,C,BABR,2721,Pendente,4.0
2026-08-04,220,A1633-72,C,BACO,2742,Pendente,1.0
2026-08-04,221,A1639-32,C,BACO,2742,Pendente,8.0
2026-08-04,222,AN363-720,C,BACO,2742,Pendente,4.0
2026-08-04,223,AS3209-016,C,BACO,2742,Pendente,1.0
2026-08-04,224,DCN4-3807,C,BACO,2742,Pendente,1.0
2026-08-04,225,MS20002C7,C,BACO,2742,Pendente,4.0
2026-08-04,226,MS20007-68,C,BACO,2742,Pendente,1.0
2026-08-04,227,MS28773-05,C,BACO,2742,Pendente,1.0
2026-08-04,228,MS28775-022,C,BACO,2742,Pendente,1.0
2026-08-04,229,MS28778-4,C,BACO,2742,Pendente,1.0
2026-08-04,230,MS29512-08,C,BACO,2742,Pendente,1.0
2026-08-04,231,NAS1149C0763R,C,BACO,2742,Pendente,4.0
2026-08-04,232,NAS147-84,C,BACO,2742,Pendente,2.0
2026-08-04,233,NAS147-97,C,BACO,2742,Pendente,1.0
2026-08-04,234,C598505-0304,C,BANT,FROTA,Pendente,1.0
2026-08-04,235,C598505-0304,C,BANT,FROTA,Pendente,1.0
2026-08-04,236,C598505-0303,C,BANT,FROTA,Pendente,2.0
2026-08-04,237,C598505-0303,C,BANT,FROTA,Pendente,1.0
2026-08-04,238,70-22-01,C,BANT,FROTA,Pendente,2.0
2026-08-04,239,70-22-01,C,BANT,FROTA,Pendente,2.0
2026-08-04,240,066-01141-5101,R,BANT,FROTA,Pendente,1.0
2026-08-04,241,MS35206-247,C,BANT,FROTA,Pendente,20.0
2026-08-04,242,065-0042-15,R,BANT,FROTA,Pendente,1.0
2026-08-04,243,C662041-0102,R,BANT,FROTA,Pendente,1.0
2026-08-04,244,011-00412-00,R,BANT,FROTA,Pendente,1.0
2026-08-04,245,3014227,C,BANT,FROTA,Pendente,1.0
2026-08-04,246,A1633-72,C,BANT,FROTA,Pendente,1.0
2026-08-04,247,066-3084-32,R,BANT,FROTA,Pendente,1.0
2026-08-04,248,AE3663724G0330,C,BANT,FROTA,Pendente,3.0
2026-08-04,249,0541140-1,C,BACG,2727,Pendente,1.0
2026-08-04,250,644-04303416,C,BANT,2719,Pendente,1.0
2026-08-04,251,C668050-1108,C,BABR,2721,Pendente,1.0
2026-08-04,252,2641012-14,T,BABE,2731,Pendente,1.0
2026-08-04,253,S2495-12B0600,C,BACG,2727,Pendente,1.0
2026-08-04,254,2641014-9,T,BABE,2731,Pendente,1.0
2026-08-04,255,S1985-1,C,CLA,2723,Pendente,1.0
2026-08-04,256,S1985-1,C,CLA,2723,Pendente,1.0
2026-08-04,257,200SGL153Q,R,BACO,2743,OK,1.0
2026-08-04,258,9910338-8RX,R,BABR,2721,Pendente,1.0
2026-08-04,259,162-11800,R,BANT,2703,Pendente,2.0
2026-08-04,260,200SGL119Q-2,R,BANT,2722,OK,1.0
2026-08-04,261,2641011-5,T,BANT,2719,Pendente,1.0
2026-08-04,262,452-0133,T,BANT,2728,Pendente,1.0
2026-08-04,263,C352TS,R,BANT,2728,OK,1.0
2026-08-04,264,S3326-2,R,BABE,2731,Pendente,1.0
2026-08-04,265,S2502-3,C,BABE,2731,Pendente,2.0
2026-08-04,266,P860037,C,BABE,2733,Pendente,2.0
2026-08-04,267,AE3663231B0160,C,BAMN,2736 / 2738 / 2741,Pendente,3.0
2026-08-04,268,8210-002-01,R,BABR,2721,Pendente,1.0
2026-08-04,269,DCN4-3807,C,BABR,2721,Pendente,2.0
2026-08-04,270,MS28773-05,C,BABR,2721,Pendente,2.0
2026-08-04,271,1215073-28,C,BABR,2721,Pendente,2.0
2026-08-04,272,9910573-21,C,BABR,2721,Pendente,1.0
2026-08-04,273,3121248-03,R,BABR,2721,Pendente,1.0
2026-08-04,274,5040033933,R,BABR,2709,Pendente,1.0
2026-08-04,275,R581559,C,BABR,2709,Pendente,4.0
2026-08-04,276,S3413-104,C,BABR,2709,Pendente,10.0
2026-08-04,277,S3413-105,C,BABR,2709,Pendente,10.0
2026-08-04,278,S3413-107,C,BABR,2709,Pendente,10.0
2026-08-04,279,S3413-109,C,BABR,2709,Pendente,5.0
2026-08-04,280,S3413-110,C,BABR,2709,Pendente,10.0
2026-08-04,281,S2319-64,C,BABR,2709,Pendente,50.0
2026-08-04,282,S2319-50,C,BABR,2709,Pendente,50.0
2026-08-04,283,B4864,C,BABR,2709,Pendente,1.0
2026-08-04,284,B4940-1,C,BABR,2709,Pendente,1.0
2026-08-04,285,B4940-2,C,BABR,2709,Pendente,10.0
2026-08-04,286,2654012-2,C,BABR,2709,Pendente,1.0
2026-08-04,287,5111602-16,C,BABE,2731,Pendente,67.0
2026-08-04,288,2641032-202,C,BAMN,2741,Pendente,1.0
2026-08-04,289,850C86-2,C,BABR,2709,Pendente,2.0
2026-08-04,290,302-120-402,C,BABR,2709,Pendente,1.0
2026-08-04,291,MS28778-3,C,BAMN,2736,Pendente,6.0
2026-08-04,292,AE3663161E0113,C,BAMN,2736,Pendente,1.0
2026-08-04,293,1414116-7,C,BABE,2739,Pendente,4.0
2026-08-04,294,S1985-1,C,BANT,2708,Pendente,1.0
2026-08-04,295,2270030-12,C,BANT,2708,Pendente,1.0
2026-08-04,296,066-4010-12,R,BANT,2708,Pendente,1.0
2026-08-04,297,3034792,R,DACTA II,2742,Pendente,1.0
2026-08-04,298,3024973,C,DACTA II,2742,Pendente,1.0
2026-08-04,299,M83461/1-012,C,DACTA II,2742,Pendente,1.0
2026-08-04,300,3039937,C,DACTA II,2742,Pendente,1.0
2026-08-04,301,3014227,C,DACTA II,2742,Pendente,1.0
2026-08-04,302,C668050-1108,C,BABE,2723,Pendente,1.0
2026-08-04,303,2522275-1,C,BABE,2723,Pendente,2.0
2026-08-04,304,S2870-1,C,BABE,2723,Pendente,2.0
2026-08-04,305,NSL 1422 B2,C,BABE,2723,Pendente,6.0
2026-08-04,306,AN320-3,C,BABR,2709,Pendente,4.0
2026-08-04,307,2613419-1,C,BABR,2709,Pendente,1.0
2026-08-04,308,AN565B428H4,C,BABR,2709,Pendente,2.0
2026-08-04,309,2662007-4,C,BABR,2709,Pendente,2.0
2026-08-04,310,2662022-1,C,BABR,2709,Pendente,2.0
2026-08-04,311,AN315-3L,C,BABR,2709,Pendente,2.0
2026-08-04,312,B145-78-7,C,BABR,2709,Pendente,1.0
2026-08-04,313,AS5174D1210,C,BAMN,2732,Pendente,1.0
2026-08-04,314,MS24392-10,C,BAMN,2732,Pendente,1.0
2026-08-04,315,An4-17,C,BANT,2729,Pendente,1.0
2026-08-04,316,S1450-6B12-032,C,BANT,2729,Pendente,2.0
2026-08-04,317,065-0059-01,C,BANT,2722,Pendente,1.0
2026-08-04,318,065-0059-01,C,BANT,2708,Pendente,1.0
2026-08-04,319,050-1518-00,C,BANT,2719,Pendente,1.0
2026-08-04,320,MS21025-24,C,BANT,2729,Pendente,1.0
2026-08-04,321,S51-14,C,BANT,2703,Pendente,1.0
2026-08-04,322,065-0042-03,C,BANT,2719,Pendente,1.0
2026-08-04,323,A1639-32,C,CLA,2723,Pendente,8.0
2026-08-04,324,B-5096,C,CLA,2723,Pendente,8.0
2026-08-04,325,A1633-72,C,CLA,2723,Pendente,2.0
2026-08-04,326,S3326-2RX,R,BACO,2743,Pendente,1.0
2026-08-04,327,799-1,R,BACO,2743,Pendente,1.0
2026-08-04,328,060-0017-00,R,BANT,2703,Pendente,1.0
2026-08-04,329,060-0017-00,R,BANT,2708,Pendente,1.0
2026-08-04,330,4002HS,C,BABR,2709,Pendente,10.0
2026-08-04,331,83-0057,C,BACG,2727,Pendente,1.0
2026-08-04,332,060-0015-00,C,BANT,2729,Pendente,1.0
2026-08-04,333,065-0042-15,C,BANT,2702,Pendente,1.0
2026-08-04,334,99-223-6B23284,C,BANT,2702,Pendente,1.0
2026-08-04,335,065-0042-15,C,BANT,2703,Pendente,1.0
2026-08-04,336,2610014-1,C,BANT,2719,Pendente,1.0
2026-08-04,337,NAS464P4A10,C,BANT,2719,Pendente,5.0
2026-08-04,338,A4513-1,C,BANT,2729,Pendente,1.0
2026-08-04,339,S1104-3,C,BANT,2719,Pendente,1.0
2026-08-04,340,011-00870-00,R,BAMN,2730,Pendente,1.0
2026-08-04,341,MS3116F8-3S,C,BANT,2729,Pendente,1.0
2026-08-04,342,2611024-1,C,BANT,2703,Pendente,2.0
2026-08-04,343,S2527-1,C,BACO,2743,Pendente,2.0
2026-08-04,344,24RB/EWC,C,BACO,2743,Pendente,3.0
2026-08-04,345,1308,C,BACO,2743,Pendente,1.0
2026-08-04,346,011-00870-00,R,BABE,2739,Pendente,1.0
2026-08-04,347,324843-W020,T,BAMN,2736,Pendente,1.0
2026-08-04,348,011-00870-00,R,BABE,2733,Pendente,1.0
2026-08-04,349,300048-200,T,DACTA II,2742,Pendente,1.0
2026-08-04,350,C668050-1103,C,BABR,2720,Pendente,2.0
2026-08-04,351,C668050-1104,C,BABR,2720,Pendente,1.0
2026-08-04,352,MS21044N9,C,BABE,2731,Pendente,8.0
2026-08-05,1,302-039-402,C,BABV,2741,Pendente,1.0
2026-08-05,2,302-039-402,C,BAMN,2740,Pendente,1.0
2026-08-05,3,065-0065-01,T,BANT,2719,Pendente,1.0
2026-08-05,4,NAS1739B4-6,C,BABE,2731,Desconsiderado,100.0
2026-08-05,5,CR2248-4-4,C,BABE,2731,Desconsiderado,100.0
2026-08-05,6,NAS1097AD6-5,C,BABE,2731,Desconsiderado,500.0
2026-08-05,7,NAS1097AD6-4,C,BABE,2731,Desconsiderado,100.0
2026-08-05,8,NAS1097AD5-4,C,BABE,2731,Desconsiderado,1.0
2026-08-05,9,NAS1097AD5-7,C,BABE,2731,Desconsiderado,1.0
2026-08-05,10,NAS1097AD4-3,C,BABE,2731,Desconsiderado,1.0
2026-08-05,11,NAS1097AD3-7,C,BABE,2731,Desconsiderado,50.0
2026-08-05,12,5934PAD-3,R,BABE,2739,Pendente,1.0
2026-08-05,13,068-02800,C,BANT,2722,Pendente,1.0
2026-08-05,14,RA068-02800,C,BANT,2722,Pendente,1.0
2026-08-05,15,MS21442-121,C,BABR,2709,Pendente,2.0
2026-08-05,16,523919,C,BABR,2709,Pendente,2.0
2026-08-05,17,065-0042-03,R,BANT,2722,OK,1.0
2026-08-05,18,AE3663163K0600,C,BANT,2728,Pendente,1.0
2026-08-05,19,MS21044N9,C,BANT,2728 e 2719,Pendente,16.0
2026-08-05,20,MS21044N9,C,BANT,2729,OK,8.0
2026-08-05,21,C145-00-46,C,BABR,2709,OK,1.0
2026-08-05,22,62800-001,T,BABR,2709,OK,1.0
2026-08-05,23,065-0042-15,R,BASM,2708,Pendente,1.0
2026-08-05,24,S3326-2,R,BAMN,*,Pendente,1.0
2026-08-05,25,MS29513-338,C,BANT,2719,Pendente,4.0
2026-08-05,26,030-18200,R,BAMN,2732,OK,1.0
2026-08-05,27,9864054-7,C,BAMN,2740,Pendente,1.0
2026-08-05,28,2606015-2,R,BABR,2720,Pendente,1.0
2026-08-05,29,76-207-12,C,BAMN,2740,Pendente,1.0
2026-08-05,30,MS20007-30,C,BABE,2733,OK,2.0
2026-08-05,31,MS20007-16,C,BABE,2733,Pendente,2.0
2026-08-05,32,B-5121,C,EEAR,2703,OK,1.0
2026-08-05,33,C668050-1104,C,BABR,2709,Pendente,1.0
2026-08-05,34,431-0101-01,C,BABR,2709,OK,1.0
2026-08-05,35,2650026-3,C,BABR,2709,OK,2.0
2026-08-05,36,S2300-12,C,BABR,2709,OK,3.0
2026-08-05,37,S2357-1,C,BABR,2709,OK,10.0
2026-08-05,38,2N6576,C,BABR,2709,OK,3.0
2026-08-05,39,22827-3,C,BABR,2709,OK,10.0
2026-08-05,40,068-02800,C,BABR,2709,Pendente,2.0
2026-08-05,41,2N6576,C,BABR,2709,OK,2.0
2026-08-05,42,060-0015-00,R,BABR,2709,Pendente,1.0
2026-08-05,43,066-4010-10,R,BABR,2709,OK,1.0
2026-08-05,44,011-01020-10,R,BAMN,2740,Pendente,1.0
2026-08-05,45,CM2990-G1,C,BABR,2709,Pendente,4.0
2026-08-05,46,C262023-0107,C,CLA,2723,OK,2.0
2026-08-05,47,2126001-1,C,BAMN,2737,Pendente,1.0
2026-08-05,48,2612035-1,C,BANT,2722,Pendente,1.0
2026-08-05,49,2641012-15,R,BANT,2728,Pendente,1.0
2026-08-05,50,DD2W,C,BACO,2743,Pendente,10.0
2026-08-05,51,S3100-581,C,BAMN,2737,Pendente,1.0
2026-08-05,52,GF5500-81,C,BAMN,2736,Pendente,1.0
2026-08-05,53,088-01132-0002,C,BANT,2728,Pendente,1.0
2026-08-05,54,2641012-14,R,BANT,2719,Pendente,1.0
2026-08-05,55,2641012-9,R,BANT,2719,Pendente,1.0
2026-08-05,56,52283,C,BANT,2719,Pendente,2.0
2026-08-05,57,AE3663162E0120,C,BANT,2723,Pendente,1.0
2026-08-05,58,EA-5175-52-CES,R,BANT,2728,OK,1.0
2026-08-05,59,S3100-630,C,BAMN,2737,Pendente,1.0
2026-08-05,60,2660001-107,C,BANT,2719,Pendente,1.0
2026-08-05,61,2660057-1,C,BANT,2719,Pendente,2.0
2026-08-05,62,2660057-1,C,BANT,2728,Pendente,2.0
2026-08-05,63,A-A-55487-5,C,BANT,2719,Pendente,8.0
2026-08-05,64,S2319-64,C,BACO,2743,Pendente,40.0
2026-08-05,65,060-0017-00,R,BANT,2708,Pendente,1.0
2026-08-05,66,MS3456W12S3S,C,BABR,2709,Pendente,2.0
2026-08-05,67,2682001-1,T,BABE/BANT,2739,OK,1.0
2026-08-05,68,MS3509-28,C,BACG,2727,Pendente,2.0
2026-08-05,69,S2899L0.5,C,BACG,2727,Pendente,1.0
2026-08-05,70,1U149-015-15,R,BACO,2743,Pendente,1.0
2026-08-05,71,AN6289J5,C,BABR,2709,Pendente,2.0
2026-08-05,72,MS17825-3,C,BANT,2728,Pendente,2.0
2026-08-05,73,MS17826-3,C,BANT,2728,Pendente,2.0
2026-08-05,74,200-1902-00,C,BAMN,2736,Pendente,2.0
2026-08-05,75,161-12800,R,BANT,2722 / 2728,Pendente,1.0
2026-08-05,76,162-11800,R,BANT,2722 / 2728,Pendente,3.0
2026-08-05,77,161-11700,R,BANT,2722 / 2728,Pendente,1.0
2026-08-05,78,162-10700,R,BANT,2722 / 2728,Pendente,1.0
2026-08-05,79,CI105-9,C,BANT,2722 / 2728,Pendente,1.0
2026-08-05,80,S2669-1,C,BAMN,2738,Pendente,1.0
2026-08-05,81,MS24694-S54,C,DACTA II,2742,Pendente,1.0
2026-08-05,82,NAS1741-06R8,C,BANT,2722,Pendente,10.0
2026-08-05,83,MS24693-S48,C,BANT,2722,Pendente,50.0
2026-08-05,84,071-1242-06,R,CLA,2723,Pendente,1.0
2026-08-05,85,066-3046-01,R,CLA,2723,Pendente,1.0
2026-08-05,86,C661064-0237,R,BABR,2709,Pendente,1.0
2026-08-05,87,76-207-12,C,BABE,2733,Pendente,1.0
2026-08-05,88,071-1242-06,R,BABR,2709,Pendente,1.0
2026-08-05,89,065-0060-01,R,BANT,2722,Pendente,1.0
2026-08-05,91,069-1025-25,R,BACG,2727,Pendente,1.0
2026-08-05,92,066-3084-32,R,BABR,2709,OK,1.0
2026-08-05,93,SD5H14S6667,R,DACTA II,2742,Pendente,1.0
2026-08-05,94,AN4H3A,C,BACO,2743,Pendente,1.0
2026-08-05,95,2615140-2,C,BACO,2743,Pendente,1.0
2026-08-05,96,430-00032-10,C,BABR,2720,Pendente,1.0
2026-08-05,97,MS24392-10,C,BAMN,2741,OK,1.0
2026-08-05,98,9910586-4,R,BAMN,2740,Pendente,1.0
2026-08-05,99,025323-150,R,BABR,2720,Pendente,1.0
2026-08-05,100,011-00916-00,R,BABE,2739,Pendente,1.0
2026-08-05,101,F222086,C,BABR,2720,Pendente,1.0
2026-08-05,102,4626,C,BACG,2727.0,Pendente,1.0
2026-08-05,103,2601040-3,C,BACG,2727.0,Pendente,1.0
2026-08-05,104,345-6196-04,C,BABE,2733.0,Pendente,1.0
2026-08-05,105,200-01902-0000,C,BAMN,2738,Pendente,1.0
2026-08-05,106,9864054-7,C,BAMN,2738,Pendente,1.0
2026-08-05,107,MS28773-05,C,BABR,2720,Pendente,1.0
2026-08-05,108,MS28773-05,C,BABE,2733,Pendente,1.0
2026-08-05,109,2606015-3,R,BABR,2720,Pendente,1.0
2026-08-05,110,C662041-0102,R,BABR,2720,Pendente,1.0
2026-08-05,111,069-01033-0101,R,BANT,2722,OK,1.0
2026-08-05,112,51539-012N,R,BANT,2719.0,Pendente,1.0
2026-08-05,113,2671000PB1,C,BACG,2727,Pendente,1.0
2026-08-05,114,580-219-154,C,BACO,2743,Pendente,1.0
2026-08-05,115,2650085-15,C,BACO,2743,Pendente,1.0
2026-08-05,116,2652021-80,C,BACO,2743,Pendente,2.0
2026-08-05,117,SL6015-5,C,BACO,2743,Pendente,2.0
2026-08-05,118,MS25171-1S,C,BACO,2743,Pendente,10.0
2026-08-05,119,C-145-450,C,BAMN,2732,Pendente,1.0
2026-08-05,120,K00-00351-00,C,BAMN,2740,Pendente,3.0
2026-08-05,121,9910085-2,R,BANT,2728,Pendente,1.0
2026-08-05,122,D210507,R,BANT,2728,Pendente,1.0
2026-08-05,123,RV05-268,C,BANT,2719,Pendente,1.0
2026-08-05,124,RV05-268,C,BANT,2728,Pendente,1.0
2026-08-05,125,5040033933,R,BABR,2709,Pendente,1.0
2026-08-05,126,1U648-001,C,DACTA II,2742,Pendente,1.0
2026-08-05,127,161-12800,R,BABR,2709,Pendente,1.0
2026-08-05,128,162-11800,R,BABR,2709,Pendente,1.0
2026-08-05,129,302-120-402,C,BABR,2709,Pendente,1.0
2026-08-05,130,850C86-2,C,BABR,2709,Pendente,1.0
2026-08-05,131,AN316-4R,C,BABR,2709,Pendente,6.0
2026-08-05,132,C668540-0102,C,EPCAR,2702,Pendente,1.0
2026-08-05,133,MS20392-1C11,C,BAMN,2730,Pendente,1.0
2026-08-05,134,161-11700,R,DACTA II,2742,Pendente,1.0
2026-08-05,135,162-10700,R,DACTA II,2742,Pendente,1.0
2026-08-05,136,AE3663161E0113,C,DACTA II,2742,Pendente,1.0
2026-08-05,137,ST2231-05,C,BANT,2719 / 2728,Pendente,10.0
2026-08-05,138,NAS561P5-12,C,BANT,2719 / 2728,Pendente,2.0
2026-08-05,139,MS20392-1C11,C,BAMN,2730,Pendente,1.0
2026-08-05,140,2617024-6,C,BABE,2739,Pendente,1.0
2026-08-05,141,P860037,C,BABE,2739,Pendente,1.0
2026-08-05,142,S2655-1,C,BABE,2739,Pendente,1.0
2026-08-05,143,2651022-20-1,R,BABE,2739,Pendente,1.0
2026-08-05,144,AE3663163K0600,C,BABR,2709.0,Pendente,1.0
2026-08-05,145,161-11700,R,BACO,2743,Pendente,1.0
2026-08-05,146,162-10700,R,BACO,2743,Pendente,1.0
2026-08-05,147,2641011-5,R,BACO,2743,Pendente,2.0
2026-08-05,148,C662041-0102,R,BABR,2720,Pendente,2.0
2026-08-05,149,069-01033-0101,R,BABR,2720,Pendente,1.0
2026-08-05,150,S1587-7,C,BABE,2739,Pendente,1.0
2026-08-05,151,161-11700,R,BANT,2719 / 2728,Pendente,2.0
2026-08-05,152,162-10700,R,BANT,2719 / 2728,Pendente,2.0
2026-08-05,153,C352TS,T,DACTA II,2742,OK,1.0
2026-08-05,154,066-3046-07,R,CLA,2723,Pendente,1.0
2026-08-05,155,066-1055-00,R,CLA,2723,Pendente,1.0
2026-08-05,156,065-0041-00,R,CLA,2723,Pendente,1.0
2026-08-05,157,200-01902-0000,C,BABE,2731,Pendente,1.0
2026-08-05,158,AN315C4R,C,BANT,2719,Pendente,2.0
2026-08-05,159,2651024-5,C,BANT,2719,Pendente,2.0
2026-08-05,160,MS20392-2C29,C,BANT,2719,Pendente,1.0
2026-08-05,161,071-1052-00,R,BANT,2728,Pendente,1.0
2026-08-05,162,2651022-20-1,R,BABE,2733,Pendente,1.0
2026-08-05,163,071-1242-06,R,BANT,2728,Pendente,1.0
2026-08-05,164,C661065-0237,R,BANT,2719,Pendente,1.0
2026-08-05,165,2618510-10,T,BANT,2728,Pendente,1.0
2026-08-05,166,071-1242-06,R,BANT,2719,Pendente,1.0
2026-08-05,167,C661030-0301,R,BANT,2719,Pendente,1.0
2026-08-05,168,2651040-2,T,EPCAR,2702,Pendente,1.0
2026-08-05,169,2651022-20-1,T,EPCAR,2702,Pendente,1.0
2026-08-05,170,NAS147-43,C,EPCAR,2702,Pendente,2.0
2026-08-05,171,MS21044N7,C,EPCAR,2702,Pendente,2.0
2026-08-05,172,NAS1149F0732P,C,EPCAR,2702,Pendente,2.0
2026-08-05,173,MS20002C7,C,EPCAR,2702,Pendente,4.0
2026-08-05,174,AN5C12A,C,EPCAR,2702,Pendente,1.0
2026-08-05,175,NAS1149C0563R,C,EPCAR,2702,Pendente,2.0
2026-08-05,176,S1450-5H16-032,C,EPCAR,2702,Pendente,1.0
2026-08-05,177,MS21042L5,C,EPCAR,2702,Pendente,1.0
2026-08-05,178,MS20007-16,C,EPCAR,2702,Pendente,2.0
2026-08-05,179,C352TS,T,BACO,2743,OK,1.0
2026-08-05,180,060-0015-00,R,BANT,2721,Pendente,1.0
2026-08-05,181,065-0030-00,R,BANT,2728,Pendente,1.0
2026-08-05,182,066-3060-00,R,BANT,2708 / 2721,Pendente,2.0
2026-08-05,183,C598505-0303,R,BANT,2728,Pendente,1.0
2026-08-05,184,2606016-17,C,BABR,2720,Pendente,1.0
2026-08-05,185,2606016-17,C,BABR,2720,Pendente,1.0
2026-08-05,186,DCN4-5407,C,BABR,2720,Pendente,50.0
2026-08-05,187,NAS147-97,C,EPCAR,2702,Pendente,1.0
2026-08-05,188,NAS147-84,C,EPCAR,2702,Pendente,2.0
2026-08-05,189,AN363-720,C,EPCAR,2702,Pendente,4.0
2026-08-05,190,MS20007-68,C,EPCAR,2702,Pendente,1.0
2026-08-05,191,9910333-1,C,EPCAR,2702,Pendente,6.0
2026-08-05,192,S3461-64,C,EPCAR,2702,Pendente,1.0
2026-08-05,193,AN310C8,C,EPCAR,2702,Pendente,3.0
2026-08-05,194,AN310C8,C,EPCAR,2702,Pendente,3.0
2026-08-05,195,S3465-2-0160,C,BAMN,2737,Pendente,1.0
2026-08-05,196,069-1025-25,R,CLA,2723,Pendente,1.0
2026-08-05,197,069-01033-0101,R,BABR,2720,Pendente,1.0
2026-08-05,198,901207K1,C,BABE,2739,Pendente,5.0
2026-08-05,199,3240572,C,BABE,2739,Pendente,2.0
2026-08-05,200,AE3663162E0120,C,BANT,2703,Pendente,2.0
2026-08-05,201,AN924-3D,C,BACG,2727,Pendente,4.0
2026-08-05,202,MS28778-3,C,BACG,2727,Pendente,2.0
2026-08-05,203,C661065-0237,R,BABR,2721,Pendente,1.0
2026-08-05,204,9910338-4,R,BABR,2721,Pendente,1.0
2026-08-05,205,2643100-206,R,BANT,2719,Pendente,1.0
2026-08-05,206,2618510-10,T,BANT,2719,Pendente,1.0
2026-08-05,207,066-3084-32,R,BANT,2719,Pendente,1.0
2026-08-05,208,3014226,C,BANT,2719,Pendente,1.0
2026-08-05,209,S1450-4S10-032,C,BANT,2719,Pendente,2.0
2026-08-05,210,MS27975-2,C,BANT,2719,Pendente,2.0
2026-08-05,211,S1021Z8-8,C,BANT,2719,Pendente,6.0
2026-08-05,212,R581559,C,BANT,2719,Pendente,2.0
2026-08-05,213,R581559,C,BANT,2719,Pendente,1.0
2026-08-05,214,R581559,C,BANT,2719,Pendente,1.0
2026-08-05,215,C145-00-46,C,BAMN,2732,Pendente,1.0
2026-08-05,216,U554426,C,BABE,2739,Pendente,60.0
2026-08-05,217,2653019-1,C,BABR,2721,Pendente,1.0
2026-08-05,218,MS35426-27,C,BABR,2721,Pendente,4.0
2026-08-05,219,S1741-1,C,BABR,2721,Pendente,4.0
2026-08-05,220,A1633-72,C,BACO,2742,Pendente,1.0
2026-08-05,221,A1639-32,C,BACO,2742,Pendente,8.0
2026-08-05,222,AN363-720,C,BACO,2742,Pendente,4.0
2026-08-05,223,AS3209-016,C,BACO,2742,Pendente,1.0
2026-08-05,224,DCN4-3807,C,BACO,2742,Pendente,1.0
2026-08-05,225,MS20002C7,C,BACO,2742,Pendente,4.0
2026-08-05,226,MS20007-68,C,BACO,2742,Pendente,1.0
2026-08-05,227,MS28773-05,C,BACO,2742,Pendente,1.0
2026-08-05,228,MS28775-022,C,BACO,2742,Pendente,1.0
2026-08-05,229,MS28778-4,C,BACO,2742,Pendente,1.0
2026-08-05,230,MS29512-08,C,BACO,2742,Pendente,1.0
2026-08-05,231,NAS1149C0763R,C,BACO,2742,Pendente,4.0
2026-08-05,232,NAS147-84,C,BACO,2742,Pendente,2.0
2026-08-05,233,NAS147-97,C,BACO,2742,Pendente,1.0
2026-08-05,234,C598505-0304,C,BANT,FROTA,Pendente,1.0
2026-08-05,235,C598505-0304,C,BANT,FROTA,Pendente,1.0
2026-08-05,236,C598505-0303,C,BANT,FROTA,Pendente,2.0
2026-08-05,237,C598505-0303,C,BANT,FROTA,Pendente,1.0
2026-08-05,238,70-22-01,C,BANT,FROTA,Pendente,2.0
2026-08-05,239,70-22-01,C,BANT,FROTA,Pendente,2.0
2026-08-05,240,066-01141-5101,R,BANT,FROTA,Pendente,1.0
2026-08-05,241,MS35206-247,C,BANT,FROTA,Pendente,20.0
2026-08-05,242,065-0042-15,R,BANT,FROTA,Pendente,1.0
2026-08-05,243,C662041-0102,R,BANT,FROTA,Pendente,1.0
2026-08-05,244,011-00412-00,R,BANT,FROTA,Pendente,1.0
2026-08-05,245,3014227,C,BANT,FROTA,Pendente,1.0
2026-08-05,246,A1633-72,C,BANT,FROTA,Pendente,1.0
2026-08-05,247,066-3084-32,R,BANT,FROTA,Pendente,1.0
2026-08-05,248,AE3663724G0330,C,BANT,FROTA,Pendente,3.0
2026-08-05,249,0541140-1,C,BACG,2727,Pendente,1.0
2026-08-05,250,644-04303416,C,BANT,2719,Pendente,1.0
2026-08-05,251,C668050-1108,C,BABR,2721,Pendente,1.0
2026-08-05,252,2641012-14,T,BABE,2731,Pendente,1.0
2026-08-05,253,S2495-12B0600,C,BACG,2727,Pendente,1.0
2026-08-05,254,2641014-9,T,BABE,2731,Pendente,1.0
2026-08-05,255,S1985-1,C,CLA,2723,Pendente,1.0
2026-08-05,256,S1985-1,C,CLA,2723,Pendente,1.0
2026-08-05,257,200SGL153Q,R,BACO,2743,OK,1.0
2026-08-05,258,9910338-8RX,R,BABR,2721,Pendente,1.0
2026-08-05,259,162-11800,R,BANT,2703,Pendente,2.0
2026-08-05,260,200SGL119Q-2,R,BANT,2722,OK,1.0
2026-08-05,261,2641011-5,T,BANT,2719,Pendente,1.0
2026-08-05,262,452-0133,T,BANT,2728,Pendente,1.0
2026-08-05,263,C352TS,R,BANT,2728,OK,1.0
2026-08-05,264,S3326-2,R,BABE,2731,Pendente,1.0
2026-08-05,265,S2502-3,C,BABE,2731,Pendente,2.0
2026-08-05,266,P860037,C,BABE,2733,Pendente,2.0
2026-08-05,267,AE3663231B0160,C,BAMN,2736 / 2738 / 2741,Pendente,3.0
2026-08-05,268,8210-002-01,R,BABR,2721,Pendente,1.0
2026-08-05,269,DCN4-3807,C,BABR,2721,Pendente,2.0
2026-08-05,270,MS28773-05,C,BABR,2721,Pendente,2.0
2026-08-05,271,1215073-28,C,BABR,2721,Pendente,2.0
2026-08-05,272,9910573-21,C,BABR,2721,Pendente,1.0
2026-08-05,273,3121248-03,R,BABR,2721,Pendente,1.0
2026-08-05,274,5040033933,R,BABR,2709,Pendente,1.0
2026-08-05,275,R581559,C,BABR,2709,Pendente,4.0
2026-08-05,276,S3413-104,C,BABR,2709,Pendente,10.0
2026-08-05,277,S3413-105,C,BABR,2709,Pendente,10.0
2026-08-05,278,S3413-107,C,BABR,2709,Pendente,10.0
2026-08-05,279,S3413-109,C,BABR,2709,Pendente,5.0
2026-08-05,280,S3413-110,C,BABR,2709,Pendente,10.0
2026-08-05,281,S2319-64,C,BABR,2709,Pendente,50.0
2026-08-05,282,S2319-50,C,BABR,2709,Pendente,50.0
2026-08-05,283,B4864,C,BABR,2709,Pendente,1.0
2026-08-05,284,B4940-1,C,BABR,2709,Pendente,1.0
2026-08-05,285,B4940-2,C,BABR,2709,Pendente,10.0
2026-08-05,286,2654012-2,C,BABR,2709,Pendente,1.0
2026-08-05,287,5111602-16,C,BABE,2731,Pendente,67.0
2026-08-05,288,2641032-202,C,BAMN,2741,Pendente,1.0
2026-08-05,289,850C86-2,C,BABR,2709,Pendente,2.0
2026-08-05,290,302-120-402,C,BABR,2709,Pendente,1.0
2026-08-05,291,MS28778-3,C,BAMN,2736,Pendente,6.0
2026-08-05,292,AE3663161E0113,C,BAMN,2736,Pendente,1.0
2026-08-05,293,1414116-7,C,BABE,2739,Pendente,4.0
2026-08-05,294,S1985-1,C,BANT,2708,Pendente,1.0
2026-08-05,295,2270030-12,C,BANT,2708,Pendente,1.0
2026-08-05,296,066-4010-12,R,BANT,2708,Pendente,1.0
2026-08-05,297,3034792,R,DACTA II,2742,Pendente,1.0
2026-08-05,298,3024973,C,DACTA II,2742,Pendente,1.0
2026-08-05,299,M83461/1-012,C,DACTA II,2742,Pendente,1.0
2026-08-05,300,3039937,C,DACTA II,2742,Pendente,1.0
2026-08-05,301,3014227,C,DACTA II,2742,Pendente,1.0
2026-08-05,302,C668050-1108,C,BABE,2723,Pendente,1.0
2026-08-05,303,2522275-1,C,BABE,2723,Pendente,2.0
2026-08-05,304,S2870-1,C,BABE,2723,Pendente,2.0
2026-08-05,305,NSL 1422 B2,C,BABE,2723,Pendente,6.0
2026-08-05,306,AN320-3,C,BABR,2709,Pendente,4.0
2026-08-05,307,2613419-1,C,BABR,2709,Pendente,1.0
2026-08-05,308,AN565B428H4,C,BABR,2709,Pendente,2.0
2026-08-05,309,2662007-4,C,BABR,2709,Pendente,2.0
2026-08-05,310,2662022-1,C,BABR,2709,Pendente,2.0
2026-08-05,311,AN315-3L,C,BABR,2709,Pendente,2.0
2026-08-05,312,B145-78-7,C,BABR,2709,Pendente,1.0
2026-08-05,313,AS5174D1210,C,BAMN,2732,Pendente,1.0
2026-08-05,314,MS24392-10,C,BAMN,2732,Pendente,1.0
2026-08-05,315,An4-17,C,BANT,2729,Pendente,1.0
2026-08-05,316,S1450-6B12-032,C,BANT,2729,Pendente,2.0
2026-08-05,317,065-0059-01,C,BANT,2722,Pendente,1.0
2026-08-05,318,065-0059-01,C,BANT,2708,Pendente,1.0
2026-08-05,319,050-1518-00,C,BANT,2719,Pendente,1.0
2026-08-05,320,MS21025-24,C,BANT,2729,Pendente,1.0
2026-08-05,321,S51-14,C,BANT,2703,Pendente,1.0
2026-08-05,322,065-0042-03,C,BANT,2719,Pendente,1.0
2026-08-05,323,A1639-32,C,CLA,2723,Pendente,8.0
2026-08-05,324,B-5096,C,CLA,2723,Pendente,8.0
2026-08-05,325,A1633-72,C,CLA,2723,Pendente,2.0
2026-08-05,326,S3326-2RX,R,BACO,2743,Pendente,1.0
2026-08-05,327,799-1,R,BACO,2743,Pendente,1.0
2026-08-05,328,060-0017-00,R,BANT,2703,Pendente,1.0
2026-08-05,329,060-0017-00,R,BANT,2708,Pendente,1.0
2026-08-05,330,4002HS,C,BABR,2709,Pendente,10.0
2026-08-05,331,83-0057,C,BACG,2727,Pendente,1.0
2026-08-05,332,060-0015-00,C,BANT,2729,Pendente,1.0
2026-08-05,333,065-0042-15,C,BANT,2702,Pendente,1.0
2026-08-05,334,99-223-6B23284,C,BANT,2702,Pendente,1.0
2026-08-05,335,065-0042-15,C,BANT,2703,Pendente,1.0
2026-08-05,336,2610014-1,C,BANT,2719,Pendente,1.0
2026-08-05,337,NAS464P4A10,C,BANT,2719,Pendente,5.0
2026-08-05,338,A4513-1,C,BANT,2729,Pendente,1.0
2026-08-05,339,S1104-3,C,BANT,2719,Pendente,1.0
2026-08-05,340,011-00870-00,R,BAMN,2730,Pendente,1.0
2026-08-05,341,MS3116F8-3S,C,BANT,2729,Pendente,1.0
2026-08-05,342,2611024-1,C,BANT,2703,Pendente,2.0
2026-08-05,343,S2527-1,C,BACO,2743,Pendente,2.0
2026-08-05,344,24RB/EWC,C,BACO,2743,Pendente,3.0
2026-08-05,345,1308,C,BACO,2743,Pendente,1.0
2026-08-05,346,011-00870-00,R,BABE,2739,Pendente,1.0
2026-08-05,347,324843-W020,T,BAMN,2736,Pendente,1.0
2026-08-05,348,011-00870-00,R,BABE,2733,Pendente,1.0
2026-08-05,349,300048-200,T,DACTA II,2742,Pendente,1.0
2026-08-05,350,C668050-1103,C,BABR,2720,Pendente,2.0
2026-08-05,351,C668050-1104,C,BABR,2720,Pendente,1.0
2026-08-05,352,MS21044N9,C,BABE,2731,Pendente,8.0
2026-08-06,1,302-039-402,C,BABV,2741,Pendente,1.0
2026-08-06,2,302-039-402,C,BAMN,2740,Pendente,1.0
2026-08-06,3,065-0065-01,T,BANT,2719,Pendente,1.0
2026-08-06,4,NAS1739B4-6,C,BABE,2731,Desconsiderado,100.0
2026-08-06,5,CR2248-4-4,C,BABE,2731,Desconsiderado,100.0
2026-08-06,6,NAS1097AD6-5,C,BABE,2731,Desconsiderado,500.0
2026-08-06,7,NAS1097AD6-4,C,BABE,2731,Desconsiderado,100.0
2026-08-06,8,NAS1097AD5-4,C,BABE,2731,Desconsiderado,1.0
2026-08-06,9,NAS1097AD5-7,C,BABE,2731,Desconsiderado,1.0
2026-08-06,10,NAS1097AD4-3,C,BABE,2731,Desconsiderado,1.0
2026-08-06,11,NAS1097AD3-7,C,BABE,2731,Desconsiderado,50.0
2026-08-06,12,5934PAD-3,R,BABE,2739,Pendente,1.0
2026-08-06,13,068-02800,C,BANT,2722,Pendente,1.0
2026-08-06,14,RA068-02800,C,BANT,2722,Pendente,1.0
2026-08-06,15,MS21442-121,C,BABR,2709,Pendente,2.0
2026-08-06,16,523919,C,BABR,2709,Pendente,2.0
2026-08-06,17,065-0042-03,R,BANT,2722,OK,1.0
2026-08-06,18,AE3663163K0600,C,BANT,2728,Pendente,1.0
2026-08-06,19,MS21044N9,C,BANT,2728 e 2719,Pendente,16.0
2026-08-06,20,MS21044N9,C,BANT,2729,OK,8.0
2026-08-06,21,C145-00-46,C,BABR,2709,OK,1.0
2026-08-06,22,62800-001,T,BABR,2709,OK,1.0
2026-08-06,23,065-0042-15,R,BASM,2708,Pendente,1.0
2026-08-06,24,S3326-2,R,BAMN,*,Pendente,1.0
2026-08-06,25,MS29513-338,C,BANT,2719,Pendente,4.0
2026-08-06,26,030-18200,R,BAMN,2732,OK,1.0
2026-08-06,27,9864054-7,C,BAMN,2740,Pendente,1.0
2026-08-06,28,2606015-2,R,BABR,2720,Pendente,1.0
2026-08-06,29,76-207-12,C,BAMN,2740,Pendente,1.0
2026-08-06,30,MS20007-30,C,BABE,2733,OK,2.0
2026-08-06,31,MS20007-16,C,BABE,2733,Pendente,2.0
2026-08-06,32,B-5121,C,EEAR,2703,OK,1.0
2026-08-06,33,C668050-1104,C,BABR,2709,Pendente,1.0
2026-08-06,34,431-0101-01,C,BABR,2709,OK,1.0
2026-08-06,35,2650026-3,C,BABR,2709,OK,2.0
2026-08-06,36,S2300-12,C,BABR,2709,OK,3.0
2026-08-06,37,S2357-1,C,BABR,2709,OK,10.0
2026-08-06,38,2N6576,C,BABR,2709,OK,3.0
2026-08-06,39,22827-3,C,BABR,2709,OK,10.0
2026-08-06,40,068-02800,C,BABR,2709,Pendente,2.0
2026-08-06,41,2N6576,C,BABR,2709,OK,2.0
2026-08-06,42,060-0015-00,R,BABR,2709,Pendente,1.0
2026-08-06,43,066-4010-10,R,BABR,2709,OK,1.0
2026-08-06,44,011-01020-10,R,BAMN,2740,Pendente,1.0
2026-08-06,45,CM2990-G1,C,BABR,2709,Pendente,4.0
2026-08-06,46,C262023-0107,C,CLA,2723,OK,2.0
2026-08-06,47,2126001-1,C,BAMN,2737,Pendente,1.0
2026-08-06,48,2612035-1,C,BANT,2722,Pendente,1.0
2026-08-06,49,2641012-15,R,BANT,2728,Pendente,1.0
2026-08-06,50,DD2W,C,BACO,2743,Pendente,10.0
2026-08-06,51,S3100-581,C,BAMN,2737,Pendente,1.0
2026-08-06,52,GF5500-81,C,BAMN,2736,Pendente,1.0
2026-08-06,53,088-01132-0002,C,BANT,2728,Pendente,1.0
2026-08-06,54,2641012-14,R,BANT,2719,Pendente,1.0
2026-08-06,55,2641012-9,R,BANT,2719,Pendente,1.0
2026-08-06,56,52283,C,BANT,2719,Pendente,2.0
2026-08-06,57,AE3663162E0120,C,BANT,2723,Pendente,1.0
2026-08-06,58,EA-5175-52-CES,R,BANT,2728,OK,1.0
2026-08-06,59,S3100-630,C,BAMN,2737,Pendente,1.0
2026-08-06,60,2660001-107,C,BANT,2719,Pendente,1.0
2026-08-06,61,2660057-1,C,BANT,2719,Pendente,2.0
2026-08-06,62,2660057-1,C,BANT,2728,Pendente,2.0
2026-08-06,63,A-A-55487-5,C,BANT,2719,Pendente,8.0
2026-08-06,64,S2319-64,C,BACO,2743,Pendente,40.0
2026-08-06,65,060-0017-00,R,BANT,2708,Pendente,1.0
2026-08-06,66,MS3456W12S3S,C,BABR,2709,Pendente,2.0
2026-08-06,67,2682001-1,T,BABE/BANT,2739,OK,1.0
2026-08-06,68,MS3509-28,C,BACG,2727,Pendente,2.0
2026-08-06,69,S2899L0.5,C,BACG,2727,Pendente,1.0
2026-08-06,70,1U149-015-15,R,BACO,2743,Pendente,1.0
2026-08-06,71,AN6289J5,C,BABR,2709,Pendente,2.0
2026-08-06,72,MS17825-3,C,BANT,2728,Pendente,2.0
2026-08-06,73,MS17826-3,C,BANT,2728,Pendente,2.0
2026-08-06,74,200-1902-00,C,BAMN,2736,Pendente,2.0
2026-08-06,75,161-12800,R,BANT,2722 / 2728,Pendente,1.0
2026-08-06,76,162-11800,R,BANT,2722 / 2728,Pendente,3.0
2026-08-06,77,161-11700,R,BANT,2722 / 2728,Pendente,1.0
2026-08-06,78,162-10700,R,BANT,2722 / 2728,Pendente,1.0
2026-08-06,79,CI105-9,C,BANT,2722 / 2728,Pendente,1.0
2026-08-06,80,S2669-1,C,BAMN,2738,Pendente,1.0
2026-08-06,81,MS24694-S54,C,DACTA II,2742,Pendente,1.0
2026-08-06,82,NAS1741-06R8,C,BANT,2722,Pendente,10.0
2026-08-06,83,MS24693-S48,C,BANT,2722,Pendente,50.0
2026-08-06,84,071-1242-06,R,CLA,2723,Pendente,1.0
2026-08-06,85,066-3046-01,R,CLA,2723,Pendente,1.0
2026-08-06,86,C661064-0237,R,BABR,2709,Pendente,1.0
2026-08-06,87,76-207-12,C,BABE,2733,Pendente,1.0
2026-08-06,88,071-1242-06,R,BABR,2709,Pendente,1.0
2026-08-06,89,065-0060-01,R,BANT,2722,Pendente,1.0
2026-08-06,91,069-1025-25,R,BACG,2727,Pendente,1.0
2026-08-06,92,066-3084-32,R,BABR,2709,OK,1.0
2026-08-06,93,SD5H14S6667,R,DACTA II,2742,Pendente,1.0
2026-08-06,94,AN4H3A,C,BACO,2743,Pendente,1.0
2026-08-06,95,2615140-2,C,BACO,2743,Pendente,1.0
2026-08-06,96,430-00032-10,C,BABR,2720,Pendente,1.0
2026-08-06,97,MS24392-10,C,BAMN,2741,OK,1.0
2026-08-06,98,9910586-4,R,BAMN,2740,Pendente,1.0
2026-08-06,99,025323-150,R,BABR,2720,Pendente,1.0
2026-08-06,100,011-00916-00,R,BABE,2739,Pendente,1.0
2026-08-06,101,F222086,C,BABR,2720,Pendente,1.0
2026-08-06,102,4626,C,BACG,2727.0,Pendente,1.0
2026-08-06,103,2601040-3,C,BACG,2727.0,Pendente,1.0
2026-08-06,104,345-6196-04,C,BABE,2733.0,Pendente,1.0
2026-08-06,105,200-01902-0000,C,BAMN,2738,Pendente,1.0
2026-08-06,106,9864054-7,C,BAMN,2738,Pendente,1.0
2026-08-06,107,MS28773-05,C,BABR,2720,Pendente,1.0
2026-08-06,108,MS28773-05,C,BABE,2733,Pendente,1.0
2026-08-06,109,2606015-3,R,BABR,2720,Pendente,1.0
2026-08-06,110,C662041-0102,R,BABR,2720,Pendente,1.0
2026-08-06,111,069-01033-0101,R,BANT,2722,OK,1.0
2026-08-06,112,51539-012N,R,BANT,2719.0,Pendente,1.0
2026-08-06,113,2671000PB1,C,BACG,2727,Pendente,1.0
2026-08-06,114,580-219-154,C,BACO,2743,Pendente,1.0
2026-08-06,115,2650085-15,C,BACO,2743,Pendente,1.0
2026-08-06,116,2652021-80,C,BACO,2743,Pendente,2.0
2026-08-06,117,SL6015-5,C,BACO,2743,Pendente,2.0
2026-08-06,118,MS25171-1S,C,BACO,2743,Pendente,10.0
2026-08-06,119,C-145-450,C,BAMN,2732,Pendente,1.0
2026-08-06,120,K00-00351-00,C,BAMN,2740,Pendente,3.0
2026-08-06,121,9910085-2,R,BANT,2728,Pendente,1.0
2026-08-06,122,D210507,R,BANT,2728,Pendente,1.0
2026-08-06,123,RV05-268,C,BANT,2719,Pendente,1.0
2026-08-06,124,RV05-268,C,BANT,2728,Pendente,1.0
2026-08-06,125,5040033933,R,BABR,2709,Pendente,1.0
2026-08-06,126,1U648-001,C,DACTA II,2742,Pendente,1.0
2026-08-06,127,161-12800,R,BABR,2709,Pendente,1.0
2026-08-06,128,162-11800,R,BABR,2709,Pendente,1.0
2026-08-06,129,302-120-402,C,BABR,2709,Pendente,1.0
2026-08-06,130,850C86-2,C,BABR,2709,Pendente,1.0
2026-08-06,131,AN316-4R,C,BABR,2709,Pendente,6.0
2026-08-06,132,C668540-0102,C,EPCAR,2702,Pendente,1.0
2026-08-06,133,MS20392-1C11,C,BAMN,2730,Pendente,1.0
2026-08-06,134,161-11700,R,DACTA II,2742,Pendente,1.0
2026-08-06,135,162-10700,R,DACTA II,2742,Pendente,1.0
2026-08-06,136,AE3663161E0113,C,DACTA II,2742,Pendente,1.0
2026-08-06,137,ST2231-05,C,BANT,2719 / 2728,Pendente,10.0
2026-08-06,138,NAS561P5-12,C,BANT,2719 / 2728,Pendente,2.0
2026-08-06,139,MS20392-1C11,C,BAMN,2730,Pendente,1.0
2026-08-06,140,2617024-6,C,BABE,2739,Pendente,1.0
2026-08-06,141,P860037,C,BABE,2739,Pendente,1.0
2026-08-06,142,S2655-1,C,BABE,2739,Pendente,1.0
2026-08-06,143,2651022-20-1,R,BABE,2739,Pendente,1.0
2026-08-06,144,AE3663163K0600,C,BABR,2709.0,Pendente,1.0
2026-08-06,145,161-11700,R,BACO,2743,Pendente,1.0
2026-08-06,146,162-10700,R,BACO,2743,Pendente,1.0
2026-08-06,147,2641011-5,R,BACO,2743,Pendente,2.0
2026-08-06,148,C662041-0102,R,BABR,2720,Pendente,2.0
2026-08-06,149,069-01033-0101,R,BABR,2720,Pendente,1.0
2026-08-06,150,S1587-7,C,BABE,2739,Pendente,1.0
2026-08-06,151,161-11700,R,BANT,2719 / 2728,Pendente,2.0
2026-08-06,152,162-10700,R,BANT,2719 / 2728,Pendente,2.0
2026-08-06,153,C352TS,T,DACTA II,2742,OK,1.0
2026-08-06,154,066-3046-07,R,CLA,2723,Pendente,1.0
2026-08-06,155,066-1055-00,R,CLA,2723,Pendente,1.0
2026-08-06,156,065-0041-00,R,CLA,2723,Pendente,1.0
2026-08-06,157,200-01902-0000,C,BABE,2731,Pendente,1.0
2026-08-06,158,AN315C4R,C,BANT,2719,Pendente,2.0
2026-08-06,159,2651024-5,C,BANT,2719,Pendente,2.0
2026-08-06,160,MS20392-2C29,C,BANT,2719,Pendente,1.0
2026-08-06,161,071-1052-00,R,BANT,2728,Pendente,1.0
2026-08-06,162,2651022-20-1,R,BABE,2733,Pendente,1.0
2026-08-06,163,071-1242-06,R,BANT,2728,Pendente,1.0
2026-08-06,164,C661065-0237,R,BANT,2719,Pendente,1.0
2026-08-06,165,2618510-10,T,BANT,2728,Pendente,1.0
2026-08-06,166,071-1242-06,R,BANT,2719,Pendente,1.0
2026-08-06,167,C661030-0301,R,BANT,2719,Pendente,1.0
2026-08-06,168,2651040-2,T,EPCAR,2702,Pendente,1.0
2026-08-06,169,2651022-20-1,T,EPCAR,2702,Pendente,1.0
2026-08-06,170,NAS147-43,C,EPCAR,2702,Pendente,2.0
2026-08-06,171,MS21044N7,C,EPCAR,2702,Pendente,2.0
2026-08-06,172,NAS1149F0732P,C,EPCAR,2702,Pendente,2.0
2026-08-06,173,MS20002C7,C,EPCAR,2702,Pendente,4.0
2026-08-06,174,AN5C12A,C,EPCAR,2702,Pendente,1.0
2026-08-06,175,NAS1149C0563R,C,EPCAR,2702,Pendente,2.0
2026-08-06,176,S1450-5H16-032,C,EPCAR,2702,Pendente,1.0
2026-08-06,177,MS21042L5,C,EPCAR,2702,Pendente,1.0
2026-08-06,178,MS20007-16,C,EPCAR,2702,Pendente,2.0
2026-08-06,179,C352TS,T,BACO,2743,OK,1.0
2026-08-06,180,060-0015-00,R,BANT,2721,Pendente,1.0
2026-08-06,181,065-0030-00,R,BANT,2728,Pendente,1.0
2026-08-06,182,066-3060-00,R,BANT,2708 / 2721,Pendente,2.0
2026-08-06,183,C598505-0303,R,BANT,2728,Pendente,1.0
2026-08-06,184,2606016-17,C,BABR,2720,Pendente,1.0
2026-08-06,185,2606016-17,C,BABR,2720,Pendente,1.0
2026-08-06,186,DCN4-5407,C,BABR,2720,Pendente,50.0
2026-08-06,187,NAS147-97,C,EPCAR,2702,Pendente,1.0
2026-08-06,188,NAS147-84,C,EPCAR,2702,Pendente,2.0
2026-08-06,189,AN363-720,C,EPCAR,2702,Pendente,4.0
2026-08-06,190,MS20007-68,C,EPCAR,2702,Pendente,1.0
2026-08-06,191,9910333-1,C,EPCAR,2702,Pendente,6.0
2026-08-06,192,S3461-64,C,EPCAR,2702,Pendente,1.0
2026-08-06,193,AN310C8,C,EPCAR,2702,Pendente,3.0
2026-08-06,194,AN310C8,C,EPCAR,2702,Pendente,3.0
2026-08-06,195,S3465-2-0160,C,BAMN,2737,Pendente,1.0
2026-08-06,196,069-1025-25,R,CLA,2723,Pendente,1.0
2026-08-06,197,069-01033-0101,R,BABR,2720,Pendente,1.0
2026-08-06,198,901207K1,C,BABE,2739,Pendente,5.0
2026-08-06,199,3240572,C,BABE,2739,Pendente,2.0
2026-08-06,200,AE3663162E0120,C,BANT,2703,Pendente,2.0
2026-08-06,201,AN924-3D,C,BACG,2727,Pendente,4.0
2026-08-06,202,MS28778-3,C,BACG,2727,Pendente,2.0
2026-08-06,203,C661065-0237,R,BABR,2721,Pendente,1.0
2026-08-06,204,9910338-4,R,BABR,2721,Pendente,1.0
2026-08-06,205,2643100-206,R,BANT,2719,Pendente,1.0
2026-08-06,206,2618510-10,T,BANT,2719,Pendente,1.0
2026-08-06,207,066-3084-32,R,BANT,2719,Pendente,1.0
2026-08-06,208,3014226,C,BANT,2719,Pendente,1.0
2026-08-06,209,S1450-4S10-032,C,BANT,2719,Pendente,2.0
2026-08-06,210,MS27975-2,C,BANT,2719,Pendente,2.0
2026-08-06,211,S1021Z8-8,C,BANT,2719,Pendente,6.0
2026-08-06,212,R581559,C,BANT,2719,Pendente,2.0
2026-08-06,213,R581559,C,BANT,2719,Pendente,1.0
2026-08-06,214,R581559,C,BANT,2719,Pendente,1.0
2026-08-06,215,C145-00-46,C,BAMN,2732,Pendente,1.0
2026-08-06,216,U554426,C,BABE,2739,Pendente,60.0
2026-08-06,217,2653019-1,C,BABR,2721,Pendente,1.0
2026-08-06,218,MS35426-27,C,BABR,2721,Pendente,4.0
2026-08-06,219,S1741-1,C,BABR,2721,Pendente,4.0
2026-08-06,220,A1633-72,C,BACO,2742,Pendente,1.0
2026-08-06,221,A1639-32,C,BACO,2742,Pendente,8.0
2026-08-06,222,AN363-720,C,BACO,2742,Pendente,4.0
2026-08-06,223,AS3209-016,C,BACO,2742,Pendente,1.0
2026-08-06,224,DCN4-3807,C,BACO,2742,Pendente,1.0
2026-08-06,225,MS20002C7,C,BACO,2742,Pendente,4.0
2026-08-06,226,MS20007-68,C,BACO,2742,Pendente,1.0
2026-08-06,227,MS28773-05,C,BACO,2742,Pendente,1.0
2026-08-06,228,MS28775-022,C,BACO,2742,Pendente,1.0
2026-08-06,229,MS28778-4,C,BACO,2742,Pendente,1.0
2026-08-06,230,MS29512-08,C,BACO,2742,Pendente,1.0
2026-08-06,231,NAS1149C0763R,C,BACO,2742,Pendente,4.0
2026-08-06,232,NAS147-84,C,BACO,2742,Pendente,2.0
2026-08-06,233,NAS147-97,C,BACO,2742,Pendente,1.0
2026-08-06,234,C598505-0304,C,BANT,FROTA,Pendente,1.0
2026-08-06,235,C598505-0304,C,BANT,FROTA,Pendente,1.0
2026-08-06,236,C598505-0303,C,BANT,FROTA,Pendente,2.0
2026-08-06,237,C598505-0303,C,BANT,FROTA,Pendente,1.0
2026-08-06,238,70-22-01,C,BANT,FROTA,Pendente,2.0
2026-08-06,239,70-22-01,C,BANT,FROTA,Pendente,2.0
2026-08-06,240,066-01141-5101,R,BANT,FROTA,Pendente,1.0
2026-08-06,241,MS35206-247,C,BANT,FROTA,Pendente,20.0
2026-08-06,242,065-0042-15,R,BANT,FROTA,Pendente,1.0
2026-08-06,243,C662041-0102,R,BANT,FROTA,Pendente,1.0
2026-08-06,244,011-00412-00,R,BANT,FROTA,Pendente,1.0
2026-08-06,245,3014227,C,BANT,FROTA,Pendente,1.0
2026-08-06,246,A1633-72,C,BANT,FROTA,Pendente,1.0
2026-08-06,247,066-3084-32,R,BANT,FROTA,Pendente,1.0
2026-08-06,248,AE3663724G0330,C,BANT,FROTA,Pendente,3.0
2026-08-06,249,0541140-1,C,BACG,2727,Pendente,1.0
2026-08-06,250,644-04303416,C,BANT,2719,Pendente,1.0
2026-08-06,251,C668050-1108,C,BABR,2721,Pendente,1.0
2026-08-06,252,2641012-14,T,BABE,2731,Pendente,1.0
2026-08-06,253,S2495-12B0600,C,BACG,2727,Pendente,1.0
2026-08-06,254,2641014-9,T,BABE,2731,Pendente,1.0
2026-08-06,255,S1985-1,C,CLA,2723,Pendente,1.0
2026-08-06,256,S1985-1,C,CLA,2723,Pendente,1.0
2026-08-06,257,200SGL153Q,R,BACO,2743,OK,1.0
2026-08-06,258,9910338-8RX,R,BABR,2721,Pendente,1.0
2026-08-06,259,162-11800,R,BANT,2703,Pendente,2.0
2026-08-06,260,200SGL119Q-2,R,BANT,2722,OK,1.0
2026-08-06,261,2641011-5,T,BANT,2719,Pendente,1.0
2026-08-06,262,452-0133,T,BANT,2728,Pendente,1.0
2026-08-06,263,C352TS,R,BANT,2728,OK,1.0
2026-08-06,264,S3326-2,R,BABE,2731,Pendente,1.0
2026-08-06,265,S2502-3,C,BABE,2731,Pendente,2.0
2026-08-06,266,P860037,C,BABE,2733,Pendente,2.0
2026-08-06,267,AE3663231B0160,C,BAMN,2736 / 2738 / 2741,Pendente,3.0
2026-08-06,268,8210-002-01,R,BABR,2721,Pendente,1.0
2026-08-06,269,DCN4-3807,C,BABR,2721,Pendente,2.0
2026-08-06,270,MS28773-05,C,BABR,2721,Pendente,2.0
2026-08-06,271,1215073-28,C,BABR,2721,Pendente,2.0
2026-08-06,272,9910573-21,C,BABR,2721,Pendente,1.0
2026-08-06,273,3121248-03,R,BABR,2721,Pendente,1.0
2026-08-06,274,5040033933,R,BABR,2709,Pendente,1.0
2026-08-06,275,R581559,C,BABR,2709,Pendente,4.0
2026-08-06,276,S3413-104,C,BABR,2709,Pendente,10.0
2026-08-06,277,S3413-105,C,BABR,2709,Pendente,10.0
2026-08-06,278,S3413-107,C,BABR,2709,Pendente,10.0
2026-08-06,279,S3413-109,C,BABR,2709,Pendente,5.0
2026-08-06,280,S3413-110,C,BABR,2709,Pendente,10.0
2026-08-06,281,S2319-64,C,BABR,2709,Pendente,50.0
2026-08-06,282,S2319-50,C,BABR,2709,Pendente,50.0
2026-08-06,283,B4864,C,BABR,2709,Pendente,1.0
2026-08-06,284,B4940-1,C,BABR,2709,Pendente,1.0
2026-08-06,285,B4940-2,C,BABR,2709,Pendente,10.0
2026-08-06,286,2654012-2,C,BABR,2709,Pendente,1.0
2026-08-06,287,5111602-16,C,BABE,2731,Pendente,67.0
2026-08-06,288,2641032-202,C,BAMN,2741,Pendente,1.0
2026-08-06,289,850C86-2,C,BABR,2709,Pendente,2.0
2026-08-06,290,302-120-402,C,BABR,2709,Pendente,1.0
2026-08-06,291,MS28778-3,C,BAMN,2736,Pendente,6.0
2026-08-06,292,AE3663161E0113,C,BAMN,2736,Pendente,1.0
2026-08-06,293,1414116-7,C,BABE,2739,Pendente,4.0
2026-08-06,294,S1985-1,C,BANT,2708,Pendente,1.0
2026-08-06,295,2270030-12,C,BANT,2708,Pendente,1.0
2026-08-06,296,066-4010-12,R,BANT,2708,Pendente,1.0
2026-08-06,297,3034792,R,DACTA II,2742,Pendente,1.0
2026-08-06,298,3024973,C,DACTA II,2742,Pendente,1.0
2026-08-06,299,M83461/1-012,C,DACTA II,2742,Pendente,1.0
2026-08-06,300,3039937,C,DACTA II,2742,Pendente,1.0
2026-08-06,301,3014227,C,DACTA II,2742,Pendente,1.0
2026-08-06,302,C668050-1108,C,BABE,2723,Pendente,1.0
2026-08-06,303,2522275-1,C,BABE,2723,Pendente,2.0
2026-08-06,304,S2870-1,C,BABE,2723,Pendente,2.0
2026-08-06,305,NSL 1422 B2,C,BABE,2723,Pendente,6.0
2026-08-06,306,AN320-3,C,BABR,2709,Pendente,4.0
2026-08-06,307,2613419-1,C,BABR,2709,Pendente,1.0
2026-08-06,308,AN565B428H4,C,BABR,2709,Pendente,2.0
2026-08-06,309,2662007-4,C,BABR,2709,Pendente,2.0
2026-08-06,310,2662022-1,C,BABR,2709,Pendente,2.0
2026-08-06,311,AN315-3L,C,BABR,2709,Pendente,2.0
2026-08-06,312,B145-78-7,C,BABR,2709,Pendente,1.0
2026-08-06,313,AS5174D1210,C,BAMN,2732,Pendente,1.0
2026-08-06,314,MS24392-10,C,BAMN,2732,Pendente,1.0
2026-08-06,315,An4-17,C,BANT,2729,Pendente,1.0
2026-08-06,316,S1450-6B12-032,C,BANT,2729,Pendente,2.0
2026-08-06,317,065-0059-01,C,BANT,2722,Pendente,1.0
2026-08-06,318,065-0059-01,C,BANT,2708,Pendente,1.0
2026-08-06,319,050-1518-00,C,BANT,2719,Pendente,1.0
2026-08-06,320,MS21025-24,C,BANT,2729,Pendente,1.0
2026-08-06,321,S51-14,C,BANT,2703,Pendente,1.0
2026-08-06,322,065-0042-03,C,BANT,2719,Pendente,1.0
2026-08-06,323,A1639-32,C,CLA,2723,Pendente,8.0
2026-08-06,324,B-5096,C,CLA,2723,Pendente,8.0
2026-08-06,325,A1633-72,C,CLA,2723,Pendente,2.0
2026-08-06,326,S3326-2RX,R,BACO,2743,Pendente,1.0
2026-08-06,327,799-1,R,BACO,2743,Pendente,1.0
2026-08-06,328,060-0017-00,R,BANT,2703,Pendente,1.0
2026-08-06,329,060-0017-00,R,BANT,2708,Pendente,1.0
2026-08-06,330,4002HS,C,BABR,2709,Pendente,10.0
2026-08-06,331,83-0057,C,BACG,2727,Pendente,1.0
2026-08-06,332,060-0015-00,C,BANT,2729,Pendente,1.0
2026-08-06,333,065-0042-15,C,BANT,2702,Pendente,1.0
2026-08-06,334,99-223-6B23284,C,BANT,2702,Pendente,1.0
2026-08-06,335,065-0042-15,C,BANT,2703,Pendente,1.0
2026-08-06,336,2610014-1,C,BANT,2719,Pendente,1.0
2026-08-06,337,NAS464P4A10,C,BANT,2719,Pendente,5.0
2026-08-06,338,A4513-1,C,BANT,2729,Pendente,1.0
2026-08-06,339,S1104-3,C,BANT,2719,Pendente,1.0
2026-08-06,340,011-00870-00,R,BAMN,2730,Pendente,1.0
2026-08-06,341,MS3116F8-3S,C,BANT,2729,Pendente,1.0
2026-08-06,342,2611024-1,C,BANT,2703,Pendente,2.0
2026-08-06,343,S2527-1,C,BACO,2743,Pendente,2.0
2026-08-06,344,24RB/EWC,C,BACO,2743,Pendente,3.0
2026-08-06,345,1308,C,BACO,2743,Pendente,1.0
2026-08-06,346,011-00870-00,R,BABE,2739,Pendente,1.0
2026-08-06,347,324843-W020,T,BAMN,2736,Pendente,1.0
2026-08-06,348,011-00870-00,R,BABE,2733,Pendente,1.0
2026-08-06,349,300048-200,T,DACTA II,2742,Pendente,1.0
2026-08-06,350,C668050-1103,C,BABR,2720,Pendente,2.0
2026-08-06,351,C668050-1104,C,BABR,2720,Pendente,1.0
2026-08-06,352,MS21044N9,C,BABE,2731,Pendente,8.0
2026-08-07,1,302-039-402,C,BABV,2741,Pendente,1.0
2026-08-07,2,302-039-402,C,BAMN,2740,Pendente,1.0
2026-08-07,3,065-0065-01,T,BANT,2719,Pendente,1.0
2026-08-07,4,NAS1739B4-6,C,BABE,2731,Desconsiderado,100.0
2026-08-07,5,CR2248-4-4,C,BABE,2731,Desconsiderado,100.0
2026-08-07,6,NAS1097AD6-5,C,BABE,2731,Desconsiderado,500.0
2026-08-07,7,NAS1097AD6-4,C,BABE,2731,Desconsiderado,100.0
2026-08-07,8,NAS1097AD5-4,C,BABE,2731,Desconsiderado,1.0
2026-08-07,9,NAS1097AD5-7,C,BABE,2731,Desconsiderado,1.0
2026-08-07,10,NAS1097AD4-3,C,BABE,2731,Desconsiderado,1.0
2026-08-07,11,NAS1097AD3-7,C,BABE,2731,Desconsiderado,50.0
2026-08-07,12,5934PAD-3,R,BABE,2739,Pendente,1.0
2026-08-07,13,068-02800,C,BANT,2722,Pendente,1.0
2026-08-07,14,RA068-02800,C,BANT,2722,Pendente,1.0
2026-08-07,15,MS21442-121,C,BABR,2709,Pendente,2.0
2026-08-07,16,523919,C,BABR,2709,Pendente,2.0
2026-08-07,17,065-0042-03,R,BANT,2722,OK,1.0
2026-08-07,18,AE3663163K0600,C,BANT,2728,Pendente,1.0
2026-08-07,19,MS21044N9,C,BANT,2728 e 2719,Pendente,16.0
2026-08-07,20,MS21044N9,C,BANT,2729,OK,8.0
2026-08-07,21,C145-00-46,C,BABR,2709,OK,1.0
2026-08-07,22,62800-001,T,BABR,2709,OK,1.0
2026-08-07,23,065-0042-15,R,BASM,2708,Pendente,1.0
2026-08-07,24,S3326-2,R,BAMN,*,Pendente,1.0
2026-08-07,25,MS29513-338,C,BANT,2719,Pendente,4.0
2026-08-07,26,030-18200,R,BAMN,2732,OK,1.0
2026-08-07,27,9864054-7,C,BAMN,2740,Pendente,1.0
2026-08-07,28,2606015-2,R,BABR,2720,Pendente,1.0
2026-08-07,29,76-207-12,C,BAMN,2740,Pendente,1.0
2026-08-07,30,MS20007-30,C,BABE,2733,OK,2.0
2026-08-07,31,MS20007-16,C,BABE,2733,Pendente,2.0
2026-08-07,32,B-5121,C,EEAR,2703,OK,1.0
2026-08-07,33,C668050-1104,C,BABR,2709,Pendente,1.0
2026-08-07,34,431-0101-01,C,BABR,2709,OK,1.0
2026-08-07,35,2650026-3,C,BABR,2709,OK,2.0
2026-08-07,36,S2300-12,C,BABR,2709,OK,3.0
2026-08-07,37,S2357-1,C,BABR,2709,OK,10.0
2026-08-07,38,2N6576,C,BABR,2709,OK,3.0
2026-08-07,39,22827-3,C,BABR,2709,OK,10.0
2026-08-07,40,068-02800,C,BABR,2709,Pendente,2.0
2026-08-07,41,2N6576,C,BABR,2709,OK,2.0
2026-08-07,42,060-0015-00,R,BABR,2709,Pendente,1.0
2026-08-07,43,066-4010-10,R,BABR,2709,OK,1.0
2026-08-07,44,011-01020-10,R,BAMN,2740,Pendente,1.0
2026-08-07,45,CM2990-G1,C,BABR,2709,Pendente,4.0
2026-08-07,46,C262023-0107,C,CLA,2723,OK,2.0
2026-08-07,47,2126001-1,C,BAMN,2737,Pendente,1.0
2026-08-07,48,2612035-1,C,BANT,2722,Pendente,1.0
2026-08-07,49,2641012-15,R,BANT,2728,Pendente,1.0
2026-08-07,50,DD2W,C,BACO,2743,Pendente,10.0
2026-08-07,51,S3100-581,C,BAMN,2737,Pendente,1.0
2026-08-07,52,GF5500-81,C,BAMN,2736,Pendente,1.0
2026-08-07,53,088-01132-0002,C,BANT,2728,Pendente,1.0
2026-08-07,54,2641012-14,R,BANT,2719,Pendente,1.0
2026-08-07,55,2641012-9,R,BANT,2719,Pendente,1.0
2026-08-07,56,52283,C,BANT,2719,Pendente,2.0
2026-08-07,57,AE3663162E0120,C,BANT,2723,Pendente,1.0
2026-08-07,58,EA-5175-52-CES,R,BANT,2728,OK,1.0
2026-08-07,59,S3100-630,C,BAMN,2737,Pendente,1.0
2026-08-07,60,2660001-107,C,BANT,2719,Pendente,1.0
2026-08-07,61,2660057-1,C,BANT,2719,Pendente,2.0
2026-08-07,62,2660057-1,C,BANT,2728,Pendente,2.0
2026-08-07,63,A-A-55487-5,C,BANT,2719,Pendente,8.0
2026-08-07,64,S2319-64,C,BACO,2743,Pendente,40.0
2026-08-07,65,060-0017-00,R,BANT,2708,Pendente,1.0
2026-08-07,66,MS3456W12S3S,C,BABR,2709,Pendente,2.0
2026-08-07,67,2682001-1,T,BABE/BANT,2739,OK,1.0
2026-08-07,68,MS3509-28,C,BACG,2727,Pendente,2.0
2026-08-07,69,S2899L0.5,C,BACG,2727,Pendente,1.0
2026-08-07,70,1U149-015-15,R,BACO,2743,Pendente,1.0
2026-08-07,71,AN6289J5,C,BABR,2709,Pendente,2.0
2026-08-07,72,MS17825-3,C,BANT,2728,Pendente,2.0
2026-08-07,73,MS17826-3,C,BANT,2728,Pendente,2.0
2026-08-07,74,200-1902-00,C,BAMN,2736,Pendente,2.0
2026-08-07,75,161-12800,R,BANT,2722 / 2728,Pendente,1.0
2026-08-07,76,162-11800,R,BANT,2722 / 2728,Pendente,3.0
2026-08-07,77,161-11700,R,BANT,2722 / 2728,Pendente,1.0
2026-08-07,78,162-10700,R,BANT,2722 / 2728,Pendente,1.0
2026-08-07,79,CI105-9,C,BANT,2722 / 2728,Pendente,1.0
2026-08-07,80,S2669-1,C,BAMN,2738,Pendente,1.0
2026-08-07,81,MS24694-S54,C,DACTA II,2742,Pendente,1.0
2026-08-07,82,NAS1741-06R8,C,BANT,2722,Pendente,10.0
2026-08-07,83,MS24693-S48,C,BANT,2722,Pendente,50.0
2026-08-07,84,071-1242-06,R,CLA,2723,Pendente,1.0
2026-08-07,85,066-3046-01,R,CLA,2723,Pendente,1.0
2026-08-07,86,C661064-0237,R,BABR,2709,Pendente,1.0
2026-08-07,87,76-207-12,C,BABE,2733,Pendente,1.0
2026-08-07,88,071-1242-06,R,BABR,2709,Pendente,1.0
2026-08-07,89,065-0060-01,R,BANT,2722,Pendente,1.0
2026-08-07,91,069-1025-25,R,BACG,2727,Pendente,1.0
2026-08-07,92,066-3084-32,R,BABR,2709,OK,1.0
2026-08-07,93,SD5H14S6667,R,DACTA II,2742,Pendente,1.0
2026-08-07,94,AN4H3A,C,BACO,2743,Pendente,1.0
2026-08-07,95,2615140-2,C,BACO,2743,Pendente,1.0
2026-08-07,96,430-00032-10,C,BABR,2720,Pendente,1.0
2026-08-07,97,MS24392-10,C,BAMN,2741,OK,1.0
2026-08-07,98,9910586-4,R,BAMN,2740,Pendente,1.0
2026-08-07,99,025323-150,R,BABR,2720,Pendente,1.0
2026-08-07,100,011-00916-00,R,BABE,2739,Pendente,1.0
2026-08-07,101,F222086,C,BABR,2720,Pendente,1.0
2026-08-07,102,4626,C,BACG,2727.0,Pendente,1.0
2026-08-07,103,2601040-3,C,BACG,2727.0,Pendente,1.0
2026-08-07,104,345-6196-04,C,BABE,2733.0,Pendente,1.0
2026-08-07,105,200-01902-0000,C,BAMN,2738,Pendente,1.0
2026-08-07,106,9864054-7,C,BAMN,2738,Pendente,1.0
2026-08-07,107,MS28773-05,C,BABR,2720,Pendente,1.0
2026-08-07,108,MS28773-05,C,BABE,2733,Pendente,1.0
2026-08-07,109,2606015-3,R,BABR,2720,Pendente,1.0
2026-08-07,110,C662041-0102,R,BABR,2720,Pendente,1.0
2026-08-07,111,069-01033-0101,R,BANT,2722,OK,1.0
2026-08-07,112,51539-012N,R,BANT,2719.0,Pendente,1.0
2026-08-07,113,2671000PB1,C,BACG,2727,Pendente,1.0
2026-08-07,114,580-219-154,C,BACO,2743,Pendente,1.0
2026-08-07,115,2650085-15,C,BACO,2743,Pendente,1.0
2026-08-07,116,2652021-80,C,BACO,2743,Pendente,2.0
2026-08-07,117,SL6015-5,C,BACO,2743,Pendente,2.0
2026-08-07,118,MS25171-1S,C,BACO,2743,Pendente,10.0
2026-08-07,119,C-145-450,C,BAMN,2732,Pendente,1.0
2026-08-07,120,K00-00351-00,C,BAMN,2740,Pendente,3.0
2026-08-07,121,9910085-2,R,BANT,2728,Pendente,1.0
2026-08-07,122,D210507,R,BANT,2728,Pendente,1.0
2026-08-07,123,RV05-268,C,BANT,2719,Pendente,1.0
2026-08-07,124,RV05-268,C,BANT,2728,Pendente,1.0
2026-08-07,125,5040033933,R,BABR,2709,Pendente,1.0
2026-08-07,126,1U648-001,C,DACTA II,2742,Pendente,1.0
2026-08-07,127,161-12800,R,BABR,2709,Pendente,1.0
2026-08-07,128,162-11800,R,BABR,2709,Pendente,1.0
2026-08-07,129,302-120-402,C,BABR,2709,Pendente,1.0
2026-08-07,130,850C86-2,C,BABR,2709,Pendente,1.0
2026-08-07,131,AN316-4R,C,BABR,2709,Pendente,6.0
2026-08-07,132,C668540-0102,C,EPCAR,2702,Pendente,1.0
2026-08-07,133,MS20392-1C11,C,BAMN,2730,Pendente,1.0
2026-08-07,134,161-11700,R,DACTA II,2742,Pendente,1.0
2026-08-07,135,162-10700,R,DACTA II,2742,Pendente,1.0
2026-08-07,136,AE3663161E0113,C,DACTA II,2742,Pendente,1.0
2026-08-07,137,ST2231-05,C,BANT,2719 / 2728,Pendente,10.0
2026-08-07,138,NAS561P5-12,C,BANT,2719 / 2728,Pendente,2.0
2026-08-07,139,MS20392-1C11,C,BAMN,2730,Pendente,1.0
2026-08-07,140,2617024-6,C,BABE,2739,Pendente,1.0
2026-08-07,141,P860037,C,BABE,2739,Pendente,1.0
2026-08-07,142,S2655-1,C,BABE,2739,Pendente,1.0
2026-08-07,143,2651022-20-1,R,BABE,2739,Pendente,1.0
2026-08-07,144,AE3663163K0600,C,BABR,2709.0,Pendente,1.0
2026-08-07,145,161-11700,R,BACO,2743,Pendente,1.0
2026-08-07,146,162-10700,R,BACO,2743,Pendente,1.0
2026-08-07,147,2641011-5,R,BACO,2743,Pendente,2.0
2026-08-07,148,C662041-0102,R,BABR,2720,Pendente,2.0
2026-08-07,149,069-01033-0101,R,BABR,2720,Pendente,1.0
2026-08-07,150,S1587-7,C,BABE,2739,Pendente,1.0
2026-08-07,151,161-11700,R,BANT,2719 / 2728,Pendente,2.0
2026-08-07,152,162-10700,R,BANT,2719 / 2728,Pendente,2.0
2026-08-07,153,C352TS,T,DACTA II,2742,OK,1.0
2026-08-07,154,066-3046-07,R,CLA,2723,Pendente,1.0
2026-08-07,155,066-1055-00,R,CLA,2723,Pendente,1.0
2026-08-07,156,065-0041-00,R,CLA,2723,Pendente,1.0
2026-08-07,157,200-01902-0000,C,BABE,2731,Pendente,1.0
2026-08-07,158,AN315C4R,C,BANT,2719,Pendente,2.0
2026-08-07,159,2651024-5,C,BANT,2719,Pendente,2.0
2026-08-07,160,MS20392-2C29,C,BANT,2719,Pendente,1.0
2026-08-07,161,071-1052-00,R,BANT,2728,Pendente,1.0
2026-08-07,162,2651022-20-1,R,BABE,2733,Pendente,1.0
2026-08-07,163,071-1242-06,R,BANT,2728,Pendente,1.0
2026-08-07,164,C661065-0237,R,BANT,2719,Pendente,1.0
2026-08-07,165,2618510-10,T,BANT,2728,Pendente,1.0
2026-08-07,166,071-1242-06,R,BANT,2719,Pendente,1.0
2026-08-07,167,C661030-0301,R,BANT,2719,Pendente,1.0
2026-08-07,168,2651040-2,T,EPCAR,2702,Pendente,1.0
2026-08-07,169,2651022-20-1,T,EPCAR,2702,Pendente,1.0
2026-08-07,170,NAS147-43,C,EPCAR,2702,Pendente,2.0
2026-08-07,171,MS21044N7,C,EPCAR,2702,Pendente,2.0
2026-08-07,172,NAS1149F0732P,C,EPCAR,2702,Pendente,2.0
2026-08-07,173,MS20002C7,C,EPCAR,2702,Pendente,4.0
2026-08-07,174,AN5C12A,C,EPCAR,2702,Pendente,1.0
2026-08-07,175,NAS1149C0563R,C,EPCAR,2702,Pendente,2.0
2026-08-07,176,S1450-5H16-032,C,EPCAR,2702,Pendente,1.0
2026-08-07,177,MS21042L5,C,EPCAR,2702,Pendente,1.0
2026-08-07,178,MS20007-16,C,EPCAR,2702,Pendente,2.0
2026-08-07,179,C352TS,T,BACO,2743,OK,1.0
2026-08-07,180,060-0015-00,R,BANT,2721,Pendente,1.0
2026-08-07,181,065-0030-00,R,BANT,2728,Pendente,1.0
2026-08-07,182,066-3060-00,R,BANT,2708 / 2721,Pendente,2.0
2026-08-07,183,C598505-0303,R,BANT,2728,Pendente,1.0
2026-08-07,184,2606016-17,C,BABR,2720,Pendente,1.0
2026-08-07,185,2606016-17,C,BABR,2720,Pendente,1.0
2026-08-07,186,DCN4-5407,C,BABR,2720,Pendente,50.0
2026-08-07,187,NAS147-97,C,EPCAR,2702,Pendente,1.0
2026-08-07,188,NAS147-84,C,EPCAR,2702,Pendente,2.0
2026-08-07,189,AN363-720,C,EPCAR,2702,Pendente,4.0
2026-08-07,190,MS20007-68,C,EPCAR,2702,Pendente,1.0
2026-08-07,191,9910333-1,C,EPCAR,2702,Pendente,6.0
2026-08-07,192,S3461-64,C,EPCAR,2702,Pendente,1.0
2026-08-07,193,AN310C8,C,EPCAR,2702,Pendente,3.0
2026-08-07,194,AN310C8,C,EPCAR,2702,Pendente,3.0
2026-08-07,195,S3465-2-0160,C,BAMN,2737,Pendente,1.0
2026-08-07,196,069-1025-25,R,CLA,2723,Pendente,1.0
2026-08-07,197,069-01033-0101,R,BABR,2720,Pendente,1.0
2026-08-07,198,901207K1,C,BABE,2739,Pendente,5.0
2026-08-07,199,3240572,C,BABE,2739,Pendente,2.0
2026-08-07,200,AE3663162E0120,C,BANT,2703,Pendente,2.0
2026-08-07,201,AN924-3D,C,BACG,2727,Pendente,4.0
2026-08-07,202,MS28778-3,C,BACG,2727,Pendente,2.0
2026-08-07,203,C661065-0237,R,BABR,2721,Pendente,1.0
2026-08-07,204,9910338-4,R,BABR,2721,Pendente,1.0
2026-08-07,205,2643100-206,R,BANT,2719,Pendente,1.0
2026-08-07,206,2618510-10,T,BANT,2719,Pendente,1.0
2026-08-07,207,066-3084-32,R,BANT,2719,Pendente,1.0
2026-08-07,208,3014226,C,BANT,2719,Pendente,1.0
2026-08-07,209,S1450-4S10-032,C,BANT,2719,Pendente,2.0
2026-08-07,210,MS27975-2,C,BANT,2719,Pendente,2.0
2026-08-07,211,S1021Z8-8,C,BANT,2719,Pendente,6.0
2026-08-07,212,R581559,C,BANT,2719,Pendente,2.0
2026-08-07,213,R581559,C,BANT,2719,Pendente,1.0
2026-08-07,214,R581559,C,BANT,2719,Pendente,1.0
2026-08-07,215,C145-00-46,C,BAMN,2732,Pendente,1.0
2026-08-07,216,U554426,C,BABE,2739,Pendente,60.0
2026-08-07,217,2653019-1,C,BABR,2721,Pendente,1.0
2026-08-07,218,MS35426-27,C,BABR,2721,Pendente,4.0
2026-08-07,219,S1741-1,C,BABR,2721,Pendente,4.0
2026-08-07,220,A1633-72,C,BACO,2742,Pendente,1.0
2026-08-07,221,A1639-32,C,BACO,2742,Pendente,8.0
2026-08-07,222,AN363-720,C,BACO,2742,Pendente,4.0
2026-08-07,223,AS3209-016,C,BACO,2742,Pendente,1.0
2026-08-07,224,DCN4-3807,C,BACO,2742,Pendente,1.0
2026-08-07,225,MS20002C7,C,BACO,2742,Pendente,4.0
2026-08-07,226,MS20007-68,C,BACO,2742,Pendente,1.0
2026-08-07,227,MS28773-05,C,BACO,2742,Pendente,1.0
2026-08-07,228,MS28775-022,C,BACO,2742,Pendente,1.0
2026-08-07,229,MS28778-4,C,BACO,2742,Pendente,1.0
2026-08-07,230,MS29512-08,C,BACO,2742,Pendente,1.0
2026-08-07,231,NAS1149C0763R,C,BACO,2742,Pendente,4.0
2026-08-07,232,NAS147-84,C,BACO,2742,Pendente,2.0
2026-08-07,233,NAS147-97,C,BACO,2742,Pendente,1.0
2026-08-07,234,C598505-0304,C,BANT,FROTA,Pendente,1.0
2026-08-07,235,C598505-0304,C,BANT,FROTA,Pendente,1.0
2026-08-07,236,C598505-0303,C,BANT,FROTA,Pendente,2.0
2026-08-07,237,C598505-0303,C,BANT,FROTA,Pendente,1.0
2026-08-07,238,70-22-01,C,BANT,FROTA,Pendente,2.0
2026-08-07,239,70-22-01,C,BANT,FROTA,Pendente,2.0
2026-08-07,240,066-01141-5101,R,BANT,FROTA,Pendente,1.0
2026-08-07,241,MS35206-247,C,BANT,FROTA,Pendente,20.0
2026-08-07,242,065-0042-15,R,BANT,FROTA,Pendente,1.0
2026-08-07,243,C662041-0102,R,BANT,FROTA,Pendente,1.0
2026-08-07,244,011-00412-00,R,BANT,FROTA,Pendente,1.0
2026-08-07,245,3014227,C,BANT,FROTA,Pendente,1.0
2026-08-07,246,A1633-72,C,BANT,FROTA,Pendente,1.0
2026-08-07,247,066-3084-32,R,BANT,FROTA,Pendente,1.0
2026-08-07,248,AE3663724G0330,C,BANT,FROTA,Pendente,3.0
2026-08-07,249,0541140-1,C,BACG,2727,Pendente,1.0
2026-08-07,250,644-04303416,C,BANT,2719,Pendente,1.0
2026-08-07,251,C668050-1108,C,BABR,2721,Pendente,1.0
2026-08-07,252,2641012-14,T,BABE,2731,Pendente,1.0
2026-08-07,253,S2495-12B0600,C,BACG,2727,Pendente,1.0
2026-08-07,254,2641014-9,T,BABE,2731,Pendente,1.0
2026-08-07,255,S1985-1,C,CLA,2723,Pendente,1.0
2026-08-07,256,S1985-1,C,CLA,2723,Pendente,1.0
2026-08-07,257,200SGL153Q,R,BACO,2743,OK,1.0
2026-08-07,258,9910338-8RX,R,BABR,2721,Pendente,1.0
2026-08-07,259,162-11800,R,BANT,2703,Pendente,2.0
2026-08-07,260,200SGL119Q-2,R,BANT,2722,OK,1.0
2026-08-07,261,2641011-5,T,BANT,2719,Pendente,1.0
2026-08-07,262,452-0133,T,BANT,2728,Pendente,1.0
2026-08-07,263,C352TS,R,BANT,2728,OK,1.0
2026-08-07,264,S3326-2,R,BABE,2731,Pendente,1.0
2026-08-07,265,S2502-3,C,BABE,2731,Pendente,2.0
2026-08-07,266,P860037,C,BABE,2733,Pendente,2.0
2026-08-07,267,AE3663231B0160,C,BAMN,2736 / 2738 / 2741,Pendente,3.0
2026-08-07,268,8210-002-01,R,BABR,2721,Pendente,1.0
2026-08-07,269,DCN4-3807,C,BABR,2721,Pendente,2.0
2026-08-07,270,MS28773-05,C,BABR,2721,Pendente,2.0
2026-08-07,271,1215073-28,C,BABR,2721,Pendente,2.0
2026-08-07,272,9910573-21,C,BABR,2721,Pendente,1.0
2026-08-07,273,3121248-03,R,BABR,2721,Pendente,1.0
2026-08-07,274,5040033933,R,BABR,2709,Pendente,1.0
2026-08-07,275,R581559,C,BABR,2709,Pendente,4.0
2026-08-07,276,S3413-104,C,BABR,2709,Pendente,10.0
2026-08-07,277,S3413-105,C,BABR,2709,Pendente,10.0
2026-08-07,278,S3413-107,C,BABR,2709,Pendente,10.0
2026-08-07,279,S3413-109,C,BABR,2709,Pendente,5.0
2026-08-07,280,S3413-110,C,BABR,2709,Pendente,10.0
2026-08-07,281,S2319-64,C,BABR,2709,Pendente,50.0
2026-08-07,282,S2319-50,C,BABR,2709,Pendente,50.0
2026-08-07,283,B4864,C,BABR,2709,Pendente,1.0
2026-08-07,284,B4940-1,C,BABR,2709,Pendente,1.0
2026-08-07,285,B4940-2,C,BABR,2709,Pendente,10.0
2026-08-07,286,2654012-2,C,BABR,2709,Pendente,1.0
2026-08-07,287,5111602-16,C,BABE,2731,Pendente,67.0
2026-08-07,288,2641032-202,C,BAMN,2741,Pendente,1.0
2026-08-07,289,850C86-2,C,BABR,2709,Pendente,2.0
2026-08-07,290,302-120-402,C,BABR,2709,Pendente,1.0
2026-08-07,291,MS28778-3,C,BAMN,2736,Pendente,6.0
2026-08-07,292,AE3663161E0113,C,BAMN,2736,Pendente,1.0
2026-08-07,293,1414116-7,C,BABE,2739,Pendente,4.0
2026-08-07,294,S1985-1,C,BANT,2708,Pendente,1.0
2026-08-07,295,2270030-12,C,BANT,2708,Pendente,1.0
2026-08-07,296,066-4010-12,R,BANT,2708,Pendente,1.0
2026-08-07,297,3034792,R,DACTA II,2742,Pendente,1.0
2026-08-07,298,3024973,C,DACTA II,2742,Pendente,1.0
2026-08-07,299,M83461/1-012,C,DACTA II,2742,Pendente,1.0
2026-08-07,300,3039937,C,DACTA II,2742,Pendente,1.0
2026-08-07,301,3014227,C,DACTA II,2742,Pendente,1.0
2026-08-07,302,C668050-1108,C,BABE,2723,Pendente,1.0
2026-08-07,303,2522275-1,C,BABE,2723,Pendente,2.0
2026-08-07,304,S2870-1,C,BABE,2723,Pendente,2.0
2026-08-07,305,NSL 1422 B2,C,BABE,2723,Pendente,6.0
2026-08-07,306,AN320-3,C,BABR,2709,Pendente,4.0
2026-08-07,307,2613419-1,C,BABR,2709,Pendente,1.0
2026-08-07,308,AN565B428H4,C,BABR,2709,Pendente,2.0
2026-08-07,309,2662007-4,C,BABR,2709,Pendente,2.0
2026-08-07,310,2662022-1,C,BABR,2709,Pendente,2.0
2026-08-07,311,AN315-3L,C,BABR,2709,Pendente,2.0
2026-08-07,312,B145-78-7,C,BABR,2709,Pendente,1.0
2026-08-07,313,AS5174D1210,C,BAMN,2732,Pendente,1.0
2026-08-07,314,MS24392-10,C,BAMN,2732,Pendente,1.0
2026-08-07,315,An4-17,C,BANT,2729,Pendente,1.0
2026-08-07,316,S1450-6B12-032,C,BANT,2729,Pendente,2.0
2026-08-07,317,065-0059-01,C,BANT,2722,Pendente,1.0
2026-08-07,318,065-0059-01,C,BANT,2708,Pendente,1.0
2026-08-07,319,050-1518-00,C,BANT,2719,Pendente,1.0
2026-08-07,320,MS21025-24,C,BANT,2729,Pendente,1.0
2026-08-07,321,S51-14,C,BANT,2703,Pendente,1.0
2026-08-07,322,065-0042-03,C,BANT,2719,Pendente,1.0
2026-08-07,323,A1639-32,C,CLA,2723,Pendente,8.0
2026-08-07,324,B-5096,C,CLA,2723,Pendente,8.0
2026-08-07,325,A1633-72,C,CLA,2723,Pendente,2.0
2026-08-07,326,S3326-2RX,R,BACO,2743,Pendente,1.0
2026-08-07,327,799-1,R,BACO,2743,Pendente,1.0
2026-08-07,328,060-0017-00,R,BANT,2703,Pendente,1.0
2026-08-07,329,060-0017-00,R,BANT,2708,Pendente,1.0
2026-08-07,330,4002HS,C,BABR,2709,Pendente,10.0
2026-08-07,331,83-0057,C,BACG,2727,Pendente,1.0
2026-08-07,332,060-0015-00,C,BANT,2729,Pendente,1.0
2026-08-07,333,065-0042-15,C,BANT,2702,Pendente,1.0
2026-08-07,334,99-223-6B23284,C,BANT,2702,Pendente,1.0
2026-08-07,335,065-0042-15,C,BANT,2703,Pendente,1.0
2026-08-07,336,2610014-1,C,BANT,2719,Pendente,1.0
2026-08-07,337,NAS464P4A10,C,BANT,2719,Pendente,5.0
2026-08-07,338,A4513-1,C,BANT,2729,Pendente,1.0
2026-08-07,339,S1104-3,C,BANT,2719,Pendente,1.0
2026-08-07,340,011-00870-00,R,BAMN,2730,Pendente,1.0
2026-08-07,341,MS3116F8-3S,C,BANT,2729,Pendente,1.0
2026-08-07,342,2611024-1,C,BANT,2703,Pendente,2.0
2026-08-07,343,S2527-1,C,BACO,2743,Pendente,2.0
2026-08-07,344,24RB/EWC,C,BACO,2743,Pendente,3.0
2026-08-07,345,1308,C,BACO,2743,Pendente,1.0
2026-08-07,346,011-00870-00,R,BABE,2739,Pendente,1.0
2026-08-07,347,324843-W020,T,BAMN,2736,Pendente,1.0
2026-08-07,348,011-00870-00,R,BABE,2733,Pendente,1.0
2026-08-07,349,300048-200,T,DACTA II,2742,Pendente,1.0
2026-08-07,350,C668050-1103,C,BABR,2720,Pendente,2.0
2026-08-07,351,C668050-1104,C,BABR,2720,Pendente,1.0
2026-08-07,352,MS21044N9,C,BABE,2731,Pendente,8.0
2026-08-07,353,B3-5-1,C,BABR,2709 / 2720 / 2721,Pendente,3.0
2026-08-07,354,011-00870-10,C,BABE,2733,Pendente,1.0
2026-08-07,355,1633-114,C,CLA,2723,Pendente,3.0
2026-08-07,356,B-5477,C,CLA,2723,Pendente,3.0
2026-08-07,357,A1633-82,C,CLA,2723,Pendente,3.0
2026-08-07,358,MS21044N9,C,CLA,2723,Pendente,16.0
2026-08-07,359,A1639-32,C,BABR,2721,Pendente,9.0
2026-08-07,360,A1633-72,C,BABR,2721,Pendente,3.0
2026-08-10,1,302-039-402,C,BABV,2741,Pendente,1.0
2026-08-10,2,302-039-402,C,BAMN,2740,Pendente,1.0
2026-08-10,3,065-0065-01,T,BANT,2719,Pendente,1.0
2026-08-10,4,NAS1739B4-6,C,BABE,2731,Desconsiderado,100.0
2026-08-10,5,CR2248-4-4,C,BABE,2731,Desconsiderado,100.0
2026-08-10,6,NAS1097AD6-5,C,BABE,2731,Desconsiderado,500.0
2026-08-10,7,NAS1097AD6-4,C,BABE,2731,Desconsiderado,100.0
2026-08-10,8,NAS1097AD5-4,C,BABE,2731,Desconsiderado,1.0
2026-08-10,9,NAS1097AD5-7,C,BABE,2731,Desconsiderado,1.0
2026-08-10,10,NAS1097AD4-3,C,BABE,2731,Desconsiderado,1.0
2026-08-10,11,NAS1097AD3-7,C,BABE,2731,Desconsiderado,50.0
2026-08-10,12,5934PAD-3,R,BABE,2739,Pendente,1.0
2026-08-10,13,068-02800,C,BANT,2722,Pendente,1.0
2026-08-10,14,RA068-02800,C,BANT,2722,Pendente,1.0
2026-08-10,15,MS21442-121,C,BABR,2709,Pendente,2.0
2026-08-10,16,523919,C,BABR,2709,Pendente,2.0
2026-08-10,17,065-0042-03,R,BANT,2722,OK,1.0
2026-08-10,18,AE3663163K0600,C,BANT,2728,Pendente,1.0
2026-08-10,19,MS21044N9,C,BANT,2728 e 2719,Pendente,16.0
2026-08-10,20,MS21044N9,C,BANT,2729,OK,8.0
2026-08-10,21,C145-00-46,C,BABR,2709,OK,1.0
2026-08-10,22,62800-001,T,BABR,2709,OK,1.0
2026-08-10,23,065-0042-15,R,BASM,2708,Pendente,1.0
2026-08-10,24,S3326-2,R,BAMN,*,Pendente,1.0
2026-08-10,25,MS29513-338,C,BANT,2719,Pendente,4.0
2026-08-10,26,030-18200,R,BAMN,2732,OK,1.0
2026-08-10,27,9864054-7,C,BAMN,2740,Pendente,1.0
2026-08-10,28,2606015-2,R,BABR,2720,Pendente,1.0
2026-08-10,29,76-207-12,C,BAMN,2740,Pendente,1.0
2026-08-10,30,MS20007-30,C,BABE,2733,OK,2.0
2026-08-10,31,MS20007-16,C,BABE,2733,Pendente,2.0
2026-08-10,32,B-5121,C,EEAR,2703,OK,1.0
2026-08-10,33,C668050-1104,C,BABR,2709,Pendente,1.0
2026-08-10,34,431-0101-01,C,BABR,2709,OK,1.0
2026-08-10,35,2650026-3,C,BABR,2709,OK,2.0
2026-08-10,36,S2300-12,C,BABR,2709,OK,3.0
2026-08-10,37,S2357-1,C,BABR,2709,OK,10.0
2026-08-10,38,2N6576,C,BABR,2709,OK,3.0
2026-08-10,39,22827-3,C,BABR,2709,OK,10.0
2026-08-10,40,068-02800,C,BABR,2709,Pendente,2.0
2026-08-10,41,2N6576,C,BABR,2709,OK,2.0
2026-08-10,42,060-0015-00,R,BABR,2709,Pendente,1.0
2026-08-10,43,066-4010-10,R,BABR,2709,OK,1.0
2026-08-10,44,011-01020-10,R,BAMN,2740,Pendente,1.0
2026-08-10,45,CM2990-G1,C,BABR,2709,Pendente,4.0
2026-08-10,46,C262023-0107,C,CLA,2723,OK,2.0
2026-08-10,47,2126001-1,C,BAMN,2737,Pendente,1.0
2026-08-10,48,2612035-1,C,BANT,2722,Pendente,1.0
2026-08-10,49,2641012-15,R,BANT,2728,Pendente,1.0
2026-08-10,50,DD2W,C,BACO,2743,Pendente,10.0
2026-08-10,51,S3100-581,C,BAMN,2737,Pendente,1.0
2026-08-10,52,GF5500-81,C,BAMN,2736,Pendente,1.0
2026-08-10,53,088-01132-0002,C,BANT,2728,Pendente,1.0
2026-08-10,54,2641012-14,R,BANT,2719,Pendente,1.0
2026-08-10,55,2641012-9,R,BANT,2719,Pendente,1.0
2026-08-10,56,52283,C,BANT,2719,Pendente,2.0
2026-08-10,57,AE3663162E0120,C,BANT,2723,Pendente,1.0
2026-08-10,58,EA-5175-52-CES,R,BANT,2728,OK,1.0
2026-08-10,59,S3100-630,C,BAMN,2737,Pendente,1.0
2026-08-10,60,2660001-107,C,BANT,2719,Pendente,1.0
2026-08-10,61,2660057-1,C,BANT,2719,Pendente,2.0
2026-08-10,62,2660057-1,C,BANT,2728,Pendente,2.0
2026-08-10,63,A-A-55487-5,C,BANT,2719,Pendente,8.0
2026-08-10,64,S2319-64,C,BACO,2743,Pendente,40.0
2026-08-10,65,060-0017-00,R,BANT,2708,Pendente,1.0
2026-08-10,66,MS3456W12S3S,C,BABR,2709,Pendente,2.0
2026-08-10,67,2682001-1,T,BABE/BANT,2739,OK,1.0
2026-08-10,68,MS3509-28,C,BACG,2727,Pendente,2.0
2026-08-10,69,S2899L0.5,C,BACG,2727,Pendente,1.0
2026-08-10,70,1U149-015-15,R,BACO,2743,Pendente,1.0
2026-08-10,71,AN6289J5,C,BABR,2709,Pendente,2.0
2026-08-10,72,MS17825-3,C,BANT,2728,Pendente,2.0
2026-08-10,73,MS17826-3,C,BANT,2728,Pendente,2.0
2026-08-10,74,200-1902-00,C,BAMN,2736,Pendente,2.0
2026-08-10,75,161-12800,R,BANT,2722 / 2728,Pendente,1.0
2026-08-10,76,162-11800,R,BANT,2722 / 2728,Pendente,3.0
2026-08-10,77,161-11700,R,BANT,2722 / 2728,Pendente,1.0
2026-08-10,78,162-10700,R,BANT,2722 / 2728,Pendente,1.0
2026-08-10,79,CI105-9,C,BANT,2722 / 2728,Pendente,1.0
2026-08-10,80,S2669-1,C,BAMN,2738,Pendente,1.0
2026-08-10,81,MS24694-S54,C,DACTA II,2742,Pendente,1.0
2026-08-10,82,NAS1741-06R8,C,BANT,2722,Pendente,10.0
2026-08-10,83,MS24693-S48,C,BANT,2722,Pendente,50.0
2026-08-10,84,071-1242-06,R,CLA,2723,Pendente,1.0
2026-08-10,85,066-3046-01,R,CLA,2723,Pendente,1.0
2026-08-10,86,C661064-0237,R,BABR,2709,Pendente,1.0
2026-08-10,87,76-207-12,C,BABE,2733,Pendente,1.0
2026-08-10,88,071-1242-06,R,BABR,2709,Pendente,1.0
2026-08-10,89,065-0060-01,R,BANT,2722,Pendente,1.0
2026-08-10,91,069-1025-25,R,BACG,2727,Pendente,1.0
2026-08-10,92,066-3084-32,R,BABR,2709,OK,1.0
2026-08-10,93,SD5H14S6667,R,DACTA II,2742,Pendente,1.0
2026-08-10,94,AN4H3A,C,BACO,2743,Pendente,1.0
2026-08-10,95,2615140-2,C,BACO,2743,Pendente,1.0
2026-08-10,96,430-00032-10,C,BABR,2720,Pendente,1.0
2026-08-10,97,MS24392-10,C,BAMN,2741,OK,1.0
2026-08-10,98,9910586-4,R,BAMN,2740,Pendente,1.0
2026-08-10,99,025323-150,R,BABR,2720,Pendente,1.0
2026-08-10,100,011-00916-00,R,BABE,2739,Pendente,1.0
2026-08-10,101,F222086,C,BABR,2720,Pendente,1.0
2026-08-10,102,4626,C,BACG,2727.0,Pendente,1.0
2026-08-10,103,2601040-3,C,BACG,2727.0,Pendente,1.0
2026-08-10,104,345-6196-04,C,BABE,2733.0,Pendente,1.0
2026-08-10,105,200-01902-0000,C,BAMN,2738,Pendente,1.0
2026-08-10,106,9864054-7,C,BAMN,2738,Pendente,1.0
2026-08-10,107,MS28773-05,C,BABR,2720,Pendente,1.0
2026-08-10,108,MS28773-05,C,BABE,2733,Pendente,1.0
2026-08-10,109,2606015-3,R,BABR,2720,Pendente,1.0
2026-08-10,110,C662041-0102,R,BABR,2720,Pendente,1.0
2026-08-10,111,069-01033-0101,R,BANT,2722,OK,1.0
2026-08-10,112,51539-012N,R,BANT,2719.0,Pendente,1.0
2026-08-10,113,2671000PB1,C,BACG,2727,Pendente,1.0
2026-08-10,114,580-219-154,C,BACO,2743,Pendente,1.0
2026-08-10,115,2650085-15,C,BACO,2743,Pendente,1.0
2026-08-10,116,2652021-80,C,BACO,2743,Pendente,2.0
2026-08-10,117,SL6015-5,C,BACO,2743,Pendente,2.0
2026-08-10,118,MS25171-1S,C,BACO,2743,Pendente,10.0
2026-08-10,119,C-145-450,C,BAMN,2732,Pendente,1.0
2026-08-10,120,K00-00351-00,C,BAMN,2740,Pendente,3.0
2026-08-10,121,9910085-2,R,BANT,2728,Pendente,1.0
2026-08-10,122,D210507,R,BANT,2728,Pendente,1.0
2026-08-10,123,RV05-268,C,BANT,2719,Pendente,1.0
2026-08-10,124,RV05-268,C,BANT,2728,Pendente,1.0
2026-08-10,125,5040033933,R,BABR,2709,Pendente,1.0
2026-08-10,126,1U648-001,C,DACTA II,2742,Pendente,1.0
2026-08-10,127,161-12800,R,BABR,2709,Pendente,1.0
2026-08-10,128,162-11800,R,BABR,2709,Pendente,1.0
2026-08-10,129,302-120-402,C,BABR,2709,Pendente,1.0
2026-08-10,130,850C86-2,C,BABR,2709,Pendente,1.0
2026-08-10,131,AN316-4R,C,BABR,2709,Pendente,6.0
2026-08-10,132,C668540-0102,C,EPCAR,2702,Pendente,1.0
2026-08-10,133,MS20392-1C11,C,BAMN,2730,Pendente,1.0
2026-08-10,134,161-11700,R,DACTA II,2742,Pendente,1.0
2026-08-10,135,162-10700,R,DACTA II,2742,Pendente,1.0
2026-08-10,136,AE3663161E0113,C,DACTA II,2742,Pendente,1.0
2026-08-10,137,ST2231-05,C,BANT,2719 / 2728,Pendente,10.0
2026-08-10,138,NAS561P5-12,C,BANT,2719 / 2728,Pendente,2.0
2026-08-10,139,MS20392-1C11,C,BAMN,2730,Pendente,1.0
2026-08-10,140,2617024-6,C,BABE,2739,Pendente,1.0
2026-08-10,141,P860037,C,BABE,2739,Pendente,1.0
2026-08-10,142,S2655-1,C,BABE,2739,Pendente,1.0
2026-08-10,143,2651022-20-1,R,BABE,2739,Pendente,1.0
2026-08-10,144,AE3663163K0600,C,BABR,2709.0,Pendente,1.0
2026-08-10,145,161-11700,R,BACO,2743,Pendente,1.0
2026-08-10,146,162-10700,R,BACO,2743,Pendente,1.0
2026-08-10,147,2641011-5,R,BACO,2743,Pendente,2.0
2026-08-10,148,C662041-0102,R,BABR,2720,Pendente,2.0
2026-08-10,149,069-01033-0101,R,BABR,2720,Pendente,1.0
2026-08-10,150,S1587-7,C,BABE,2739,Pendente,1.0
2026-08-10,151,161-11700,R,BANT,2719 / 2728,Pendente,2.0
2026-08-10,152,162-10700,R,BANT,2719 / 2728,Pendente,2.0
2026-08-10,153,C352TS,T,DACTA II,2742,OK,1.0
2026-08-10,154,066-3046-07,R,CLA,2723,Pendente,1.0
2026-08-10,155,066-1055-00,R,CLA,2723,Pendente,1.0
2026-08-10,156,065-0041-00,R,CLA,2723,Pendente,1.0
2026-08-10,157,200-01902-0000,C,BABE,2731,Pendente,1.0
2026-08-10,158,AN315C4R,C,BANT,2719,Pendente,2.0
2026-08-10,159,2651024-5,C,BANT,2719,Pendente,2.0
2026-08-10,160,MS20392-2C29,C,BANT,2719,Pendente,1.0
2026-08-10,161,071-1052-00,R,BANT,2728,Pendente,1.0
2026-08-10,162,2651022-20-1,R,BABE,2733,Pendente,1.0
2026-08-10,163,071-1242-06,R,BANT,2728,Pendente,1.0
2026-08-10,164,C661065-0237,R,BANT,2719,Pendente,1.0
2026-08-10,165,2618510-10,T,BANT,2728,Pendente,1.0
2026-08-10,166,071-1242-06,R,BANT,2719,Pendente,1.0
2026-08-10,167,C661030-0301,R,BANT,2719,Pendente,1.0
2026-08-10,168,2651040-2,T,EPCAR,2702,Pendente,1.0
2026-08-10,169,2651022-20-1,T,EPCAR,2702,Pendente,1.0
2026-08-10,170,NAS147-43,C,EPCAR,2702,Pendente,2.0
2026-08-10,171,MS21044N7,C,EPCAR,2702,Pendente,2.0
2026-08-10,172,NAS1149F0732P,C,EPCAR,2702,Pendente,2.0
2026-08-10,173,MS20002C7,C,EPCAR,2702,Pendente,4.0
2026-08-10,174,AN5C12A,C,EPCAR,2702,Pendente,1.0
2026-08-10,175,NAS1149C0563R,C,EPCAR,2702,Pendente,2.0
2026-08-10,176,S1450-5H16-032,C,EPCAR,2702,Pendente,1.0
2026-08-10,177,MS21042L5,C,EPCAR,2702,Pendente,1.0
2026-08-10,178,MS20007-16,C,EPCAR,2702,Pendente,2.0
2026-08-10,179,C352TS,T,BACO,2743,OK,1.0
2026-08-10,180,060-0015-00,R,BANT,2721,Pendente,1.0
2026-08-10,181,065-0030-00,R,BANT,2728,Pendente,1.0
2026-08-10,182,066-3060-00,R,BANT,2708 / 2721,Pendente,2.0
2026-08-10,183,C598505-0303,R,BANT,2728,Pendente,1.0
2026-08-10,184,2606016-17,C,BABR,2720,Pendente,1.0
2026-08-10,185,2606016-17,C,BABR,2720,Pendente,1.0
2026-08-10,186,DCN4-5407,C,BABR,2720,Pendente,50.0
2026-08-10,187,NAS147-97,C,EPCAR,2702,Pendente,1.0
2026-08-10,188,NAS147-84,C,EPCAR,2702,Pendente,2.0
2026-08-10,189,AN363-720,C,EPCAR,2702,Pendente,4.0
2026-08-10,190,MS20007-68,C,EPCAR,2702,Pendente,1.0
2026-08-10,191,9910333-1,C,EPCAR,2702,Pendente,6.0
2026-08-10,192,S3461-64,C,EPCAR,2702,Pendente,1.0
2026-08-10,193,AN310C8,C,EPCAR,2702,Pendente,3.0
2026-08-10,194,AN310C8,C,EPCAR,2702,Pendente,3.0
2026-08-10,195,S3465-2-0160,C,BAMN,2737,Pendente,1.0
2026-08-10,196,069-1025-25,R,CLA,2723,Pendente,1.0
2026-08-10,197,069-01033-0101,R,BABR,2720,Pendente,1.0
2026-08-10,198,901207K1,C,BABE,2739,Pendente,5.0
2026-08-10,199,3240572,C,BABE,2739,Pendente,2.0
2026-08-10,200,AE3663162E0120,C,BANT,2703,Pendente,2.0
2026-08-10,201,AN924-3D,C,BACG,2727,Pendente,4.0
2026-08-10,202,MS28778-3,C,BACG,2727,Pendente,2.0
2026-08-10,203,C661065-0237,R,BABR,2721,Pendente,1.0
2026-08-10,204,9910338-4,R,BABR,2721,Pendente,1.0
2026-08-10,205,2643100-206,R,BANT,2719,Pendente,1.0
2026-08-10,206,2618510-10,T,BANT,2719,Pendente,1.0
2026-08-10,207,066-3084-32,R,BANT,2719,Pendente,1.0
2026-08-10,208,3014226,C,BANT,2719,Pendente,1.0
2026-08-10,209,S1450-4S10-032,C,BANT,2719,Pendente,2.0
2026-08-10,210,MS27975-2,C,BANT,2719,Pendente,2.0
2026-08-10,211,S1021Z8-8,C,BANT,2719,Pendente,6.0
2026-08-10,212,R581559,C,BANT,2719,Pendente,2.0
2026-08-10,213,R581559,C,BANT,2719,Pendente,1.0
2026-08-10,214,R581559,C,BANT,2719,Pendente,1.0
2026-08-10,215,C145-00-46,C,BAMN,2732,Pendente,1.0
2026-08-10,216,U554426,C,BABE,2739,Pendente,60.0
2026-08-10,217,2653019-1,C,BABR,2721,Pendente,1.0
2026-08-10,218,MS35426-27,C,BABR,2721,Pendente,4.0
2026-08-10,219,S1741-1,C,BABR,2721,Pendente,4.0
2026-08-10,220,A1633-72,C,BACO,2742,Pendente,1.0
2026-08-10,221,A1639-32,C,BACO,2742,Pendente,8.0
2026-08-10,222,AN363-720,C,BACO,2742,Pendente,4.0
2026-08-10,223,AS3209-016,C,BACO,2742,Pendente,1.0
2026-08-10,224,DCN4-3807,C,BACO,2742,Pendente,1.0
2026-08-10,225,MS20002C7,C,BACO,2742,Pendente,4.0
2026-08-10,226,MS20007-68,C,BACO,2742,Pendente,1.0
2026-08-10,227,MS28773-05,C,BACO,2742,Pendente,1.0
2026-08-10,228,MS28775-022,C,BACO,2742,Pendente,1.0
2026-08-10,229,MS28778-4,C,BACO,2742,Pendente,1.0
2026-08-10,230,MS29512-08,C,BACO,2742,Pendente,1.0
2026-08-10,231,NAS1149C0763R,C,BACO,2742,Pendente,4.0
2026-08-10,232,NAS147-84,C,BACO,2742,Pendente,2.0
2026-08-10,233,NAS147-97,C,BACO,2742,Pendente,1.0
2026-08-10,234,C598505-0304,C,BANT,FROTA,Pendente,1.0
2026-08-10,235,C598505-0304,C,BANT,FROTA,Pendente,1.0
2026-08-10,236,C598505-0303,C,BANT,FROTA,Pendente,2.0
2026-08-10,237,C598505-0303,C,BANT,FROTA,Pendente,1.0
2026-08-10,238,70-22-01,C,BANT,FROTA,Pendente,2.0
2026-08-10,239,70-22-01,C,BANT,FROTA,Pendente,2.0
2026-08-10,240,066-01141-5101,R,BANT,FROTA,Pendente,1.0
2026-08-10,241,MS35206-247,C,BANT,FROTA,Pendente,20.0
2026-08-10,242,065-0042-15,R,BANT,FROTA,Pendente,1.0
2026-08-10,243,C662041-0102,R,BANT,FROTA,Pendente,1.0
2026-08-10,244,011-00412-00,R,BANT,FROTA,Pendente,1.0
2026-08-10,245,3014227,C,BANT,FROTA,Pendente,1.0
2026-08-10,246,A1633-72,C,BANT,FROTA,Pendente,1.0
2026-08-10,247,066-3084-32,R,BANT,FROTA,Pendente,1.0
2026-08-10,248,AE3663724G0330,C,BANT,FROTA,Pendente,3.0
2026-08-10,249,0541140-1,C,BACG,2727,Pendente,1.0
2026-08-10,250,644-04303416,C,BANT,2719,Pendente,1.0
2026-08-10,251,C668050-1108,C,BABR,2721,Pendente,1.0
2026-08-10,252,2641012-14,T,BABE,2731,Pendente,1.0
2026-08-10,253,S2495-12B0600,C,BACG,2727,Pendente,1.0
2026-08-10,254,2641014-9,T,BABE,2731,Pendente,1.0
2026-08-10,255,S1985-1,C,CLA,2723,Pendente,1.0
2026-08-10,256,S1985-1,C,CLA,2723,Pendente,1.0
2026-08-10,257,200SGL153Q,R,BACO,2743,OK,1.0
2026-08-10,258,9910338-8RX,R,BABR,2721,Pendente,1.0
2026-08-10,259,162-11800,R,BANT,2703,Pendente,2.0
2026-08-10,260,200SGL119Q-2,R,BANT,2722,OK,1.0
2026-08-10,261,2641011-5,T,BANT,2719,Pendente,1.0
2026-08-10,262,452-0133,T,BANT,2728,Pendente,1.0
2026-08-10,263,C352TS,R,BANT,2728,OK,1.0
2026-08-10,264,S3326-2,R,BABE,2731,Pendente,1.0
2026-08-10,265,S2502-3,C,BABE,2731,Pendente,2.0
2026-08-10,266,P860037,C,BABE,2733,Pendente,2.0
2026-08-10,267,AE3663231B0160,C,BAMN,2736 / 2738 / 2741,Pendente,3.0
2026-08-10,268,8210-002-01,R,BABR,2721,Pendente,1.0
2026-08-10,269,DCN4-3807,C,BABR,2721,Pendente,2.0
2026-08-10,270,MS28773-05,C,BABR,2721,Pendente,2.0
2026-08-10,271,1215073-28,C,BABR,2721,Pendente,2.0
2026-08-10,272,9910573-21,C,BABR,2721,Pendente,1.0
2026-08-10,273,3121248-03,R,BABR,2721,Pendente,1.0
2026-08-10,274,5040033933,R,BABR,2709,Pendente,1.0
2026-08-10,275,R581559,C,BABR,2709,Pendente,4.0
2026-08-10,276,S3413-104,C,BABR,2709,Pendente,10.0
2026-08-10,277,S3413-105,C,BABR,2709,Pendente,10.0
2026-08-10,278,S3413-107,C,BABR,2709,Pendente,10.0
2026-08-10,279,S3413-109,C,BABR,2709,Pendente,5.0
2026-08-10,280,S3413-110,C,BABR,2709,Pendente,10.0
2026-08-10,281,S2319-64,C,BABR,2709,Pendente,50.0
2026-08-10,282,S2319-50,C,BABR,2709,Pendente,50.0
2026-08-10,283,B4864,C,BABR,2709,Pendente,1.0
2026-08-10,284,B4940-1,C,BABR,2709,Pendente,1.0
2026-08-10,285,B4940-2,C,BABR,2709,Pendente,10.0
2026-08-10,286,2654012-2,C,BABR,2709,Pendente,1.0
2026-08-10,287,5111602-16,C,BABE,2731,Pendente,67.0
2026-08-10,288,2641032-202,C,BAMN,2741,Pendente,1.0
2026-08-10,289,850C86-2,C,BABR,2709,Pendente,2.0
2026-08-10,290,302-120-402,C,BABR,2709,Pendente,1.0
2026-08-10,291,MS28778-3,C,BAMN,2736,Pendente,6.0
2026-08-10,292,AE3663161E0113,C,BAMN,2736,Pendente,1.0
2026-08-10,293,1414116-7,C,BABE,2739,Pendente,4.0
2026-08-10,294,S1985-1,C,BANT,2708,Pendente,1.0
2026-08-10,295,2270030-12,C,BANT,2708,Pendente,1.0
2026-08-10,296,066-4010-12,R,BANT,2708,Pendente,1.0
2026-08-10,297,3034792,R,DACTA II,2742,Pendente,1.0
2026-08-10,298,3024973,C,DACTA II,2742,Pendente,1.0
2026-08-10,299,M83461/1-012,C,DACTA II,2742,Pendente,1.0
2026-08-10,300,3039937,C,DACTA II,2742,Pendente,1.0
2026-08-10,301,3014227,C,DACTA II,2742,Pendente,1.0
2026-08-10,302,C668050-1108,C,BABE,2723,Pendente,1.0
2026-08-10,303,2522275-1,C,BABE,2723,Pendente,2.0
2026-08-10,304,S2870-1,C,BABE,2723,Pendente,2.0
2026-08-10,305,NSL 1422 B2,C,BABE,2723,Pendente,6.0
2026-08-10,306,AN320-3,C,BABR,2709,Pendente,4.0
2026-08-10,307,2613419-1,C,BABR,2709,Pendente,1.0
2026-08-10,308,AN565B428H4,C,BABR,2709,Pendente,2.0
2026-08-10,309,2662007-4,C,BABR,2709,Pendente,2.0
2026-08-10,310,2662022-1,C,BABR,2709,Pendente,2.0
2026-08-10,311,AN315-3L,C,BABR,2709,Pendente,2.0
2026-08-10,312,B145-78-7,C,BABR,2709,Pendente,1.0
2026-08-10,313,AS5174D1210,C,BAMN,2732,Pendente,1.0
2026-08-10,314,MS24392-10,C,BAMN,2732,Pendente,1.0
2026-08-10,315,An4-17,C,BANT,2729,Pendente,1.0
2026-08-10,316,S1450-6B12-032,C,BANT,2729,Pendente,2.0
2026-08-10,317,065-0059-01,C,BANT,2722,Pendente,1.0
2026-08-10,318,065-0059-01,C,BANT,2708,Pendente,1.0
2026-08-10,319,050-1518-00,C,BANT,2719,Pendente,1.0
2026-08-10,320,MS21025-24,C,BANT,2729,Pendente,1.0
2026-08-10,321,S51-14,C,BANT,2703,Pendente,1.0
2026-08-10,322,065-0042-03,C,BANT,2719,Pendente,1.0
2026-08-10,323,A1639-32,C,CLA,2723,Pendente,8.0
2026-08-10,324,B-5096,C,CLA,2723,Pendente,8.0
2026-08-10,325,A1633-72,C,CLA,2723,Pendente,2.0
2026-08-10,326,S3326-2RX,R,BACO,2743,Pendente,1.0
2026-08-10,327,799-1,R,BACO,2743,Pendente,1.0
2026-08-10,328,060-0017-00,R,BANT,2703,Pendente,1.0
2026-08-10,329,060-0017-00,R,BANT,2708,Pendente,1.0
2026-08-10,330,4002HS,C,BABR,2709,Pendente,10.0
2026-08-10,331,83-0057,C,BACG,2727,Pendente,1.0
2026-08-10,332,060-0015-00,C,BANT,2729,Pendente,1.0
2026-08-10,333,065-0042-15,C,BANT,2702,Pendente,1.0
2026-08-10,334,99-223-6B23284,C,BANT,2702,Pendente,1.0
2026-08-10,335,065-0042-15,C,BANT,2703,Pendente,1.0
2026-08-10,336,2610014-1,C,BANT,2719,Pendente,1.0
2026-08-10,337,NAS464P4A10,C,BANT,2719,Pendente,5.0
2026-08-10,338,A4513-1,C,BANT,2729,Pendente,1.0
2026-08-10,339,S1104-3,C,BANT,2719,Pendente,1.0
2026-08-10,340,011-00870-00,R,BAMN,2730,Pendente,1.0
2026-08-10,341,MS3116F8-3S,C,BANT,2729,Pendente,1.0
2026-08-10,342,2611024-1,C,BANT,2703,Pendente,2.0
2026-08-10,343,S2527-1,C,BACO,2743,Pendente,2.0
2026-08-10,344,24RB/EWC,C,BACO,2743,Pendente,3.0
2026-08-10,345,1308,C,BACO,2743,Pendente,1.0
2026-08-10,346,011-00870-00,R,BABE,2739,Pendente,1.0
2026-08-10,347,324843-W020,T,BAMN,2736,Pendente,1.0
2026-08-10,348,011-00870-00,R,BABE,2733,Pendente,1.0
2026-08-10,349,300048-200,T,DACTA II,2742,Pendente,1.0
2026-08-10,350,C668050-1103,C,BABR,2720,Pendente,2.0
2026-08-10,351,C668050-1104,C,BABR,2720,Pendente,1.0
2026-08-10,352,MS21044N9,C,BABE,2731,Pendente,8.0
2026-08-10,353,B3-5-1,C,BABR,2709 / 2720 / 2721,Pendente,3.0
2026-08-10,354,011-00870-10,C,BABE,2733,Pendente,1.0
2026-08-10,355,1633-114,C,CLA,2723,Pendente,3.0
2026-08-10,356,B-5477,C,CLA,2723,Pendente,3.0
2026-08-10,357,A1633-82,C,CLA,2723,Pendente,3.0
2026-08-10,358,MS21044N9,C,CLA,2723,Pendente,16.0
2026-08-10,359,A1639-32,C,BABR,2721,Pendente,9.0
2026-08-10,360,A1633-72,C,BABR,2721,Pendente,3.0
2026-08-10,361,2641010-3,R,BANT,2729,Pendente,1.0
2026-08-11,1,302-039-402,C,BABV,2741,Pendente,1.0
2026-08-11,2,302-039-402,C,BAMN,2740,Pendente,1.0
2026-08-11,3,065-0065-01,T,BANT,2719,Pendente,1.0
2026-08-11,4,NAS1739B4-6,C,BABE,2731,Desconsiderado,100.0
2026-08-11,5,CR2248-4-4,C,BABE,2731,Desconsiderado,100.0
2026-08-11,6,NAS1097AD6-5,C,BABE,2731,Desconsiderado,500.0
2026-08-11,7,NAS1097AD6-4,C,BABE,2731,Desconsiderado,100.0
2026-08-11,8,NAS1097AD5-4,C,BABE,2731,Desconsiderado,1.0
2026-08-11,9,NAS1097AD5-7,C,BABE,2731,Desconsiderado,1.0
2026-08-11,10,NAS1097AD4-3,C,BABE,2731,Desconsiderado,1.0
2026-08-11,11,NAS1097AD3-7,C,BABE,2731,Desconsiderado,50.0
2026-08-11,12,5934PAD-3,R,BABE,2739,Pendente,1.0
2026-08-11,13,068-02800,C,BANT,2722,Pendente,1.0
2026-08-11,14,RA068-02800,C,BANT,2722,Pendente,1.0
2026-08-11,15,MS21442-121,C,BABR,2709,Pendente,2.0
2026-08-11,16,523919,C,BABR,2709,Pendente,2.0
2026-08-11,17,065-0042-03,R,BANT,2722,OK,1.0
2026-08-11,18,AE3663163K0600,C,BANT,2728,Pendente,1.0
2026-08-11,19,MS21044N9,C,BANT,2728 e 2719,Pendente,16.0
2026-08-11,20,MS21044N9,C,BANT,2729,OK,8.0
2026-08-11,21,C145-00-46,C,BABR,2709,OK,1.0
2026-08-11,22,62800-001,T,BABR,2709,OK,1.0
2026-08-11,23,065-0042-15,R,BASM,2708,Pendente,1.0
2026-08-11,24,S3326-2,R,BAMN,*,Pendente,1.0
2026-08-11,25,MS29513-338,C,BANT,2719,Pendente,4.0
2026-08-11,26,030-18200,R,BAMN,2732,OK,1.0
2026-08-11,27,9864054-7,C,BAMN,2740,Pendente,1.0
2026-08-11,28,2606015-2,R,BABR,2720,Pendente,1.0
2026-08-11,29,76-207-12,C,BAMN,2740,Pendente,1.0
2026-08-11,30,MS20007-30,C,BABE,2733,OK,2.0
2026-08-11,31,MS20007-16,C,BABE,2733,Pendente,2.0
2026-08-11,32,B-5121,C,EEAR,2703,OK,1.0
2026-08-11,33,C668050-1104,C,BABR,2709,Pendente,1.0
2026-08-11,34,431-0101-01,C,BABR,2709,OK,1.0
2026-08-11,35,2650026-3,C,BABR,2709,OK,2.0
2026-08-11,36,S2300-12,C,BABR,2709,OK,3.0
2026-08-11,37,S2357-1,C,BABR,2709,OK,10.0
2026-08-11,38,2N6576,C,BABR,2709,OK,3.0
2026-08-11,39,22827-3,C,BABR,2709,OK,10.0
2026-08-11,40,068-02800,C,BABR,2709,Pendente,2.0
2026-08-11,41,2N6576,C,BABR,2709,OK,2.0
2026-08-11,42,060-0015-00,R,BABR,2709,Pendente,1.0
2026-08-11,43,066-4010-10,R,BABR,2709,OK,1.0
2026-08-11,44,011-01020-10,R,BAMN,2740,Pendente,1.0
2026-08-11,45,CM2990-G1,C,BABR,2709,Pendente,4.0
2026-08-11,46,C262023-0107,C,CLA,2723,OK,2.0
2026-08-11,47,2126001-1,C,BAMN,2737,Pendente,1.0
2026-08-11,48,2612035-1,C,BANT,2722,Pendente,1.0
2026-08-11,49,2641012-15,R,BANT,2728,Pendente,1.0
2026-08-11,50,DD2W,C,BACO,2743,Pendente,10.0
2026-08-11,51,S3100-581,C,BAMN,2737,Pendente,1.0
2026-08-11,52,GF5500-81,C,BAMN,2736,Pendente,1.0
2026-08-11,53,088-01132-0002,C,BANT,2728,Pendente,1.0
2026-08-11,54,2641012-14,R,BANT,2719,Pendente,1.0
2026-08-11,55,2641012-9,R,BANT,2719,Pendente,1.0
2026-08-11,56,52283,C,BANT,2719,Pendente,2.0
2026-08-11,57,AE3663162E0120,C,BANT,2723,Pendente,1.0
2026-08-11,58,EA-5175-52-CES,R,BANT,2728,OK,1.0
2026-08-11,59,S3100-630,C,BAMN,2737,Pendente,1.0
2026-08-11,60,2660001-107,C,BANT,2719,Pendente,1.0
2026-08-11,61,2660057-1,C,BANT,2719,Pendente,2.0
2026-08-11,62,2660057-1,C,BANT,2728,Pendente,2.0
2026-08-11,63,A-A-55487-5,C,BANT,2719,Pendente,8.0
2026-08-11,64,S2319-64,C,BACO,2743,Pendente,40.0
2026-08-11,65,060-0017-00,R,BANT,2708,Pendente,1.0
2026-08-11,66,MS3456W12S3S,C,BABR,2709,Pendente,2.0
2026-08-11,67,2682001-1,T,BABE/BANT,2739,OK,1.0
2026-08-11,68,MS3509-28,C,BACG,2727,Pendente,2.0
2026-08-11,69,S2899L0.5,C,BACG,2727,Pendente,1.0
2026-08-11,70,1U149-015-15,R,BACO,2743,Pendente,1.0
2026-08-11,71,AN6289J5,C,BABR,2709,Pendente,2.0
2026-08-11,72,MS17825-3,C,BANT,2728,Pendente,2.0
2026-08-11,73,MS17826-3,C,BANT,2728,Pendente,2.0
2026-08-11,74,200-1902-00,C,BAMN,2736,Pendente,2.0
2026-08-11,75,161-12800,R,BANT,2722 / 2728,Pendente,1.0
2026-08-11,76,162-11800,R,BANT,2722 / 2728,Pendente,3.0
2026-08-11,77,161-11700,R,BANT,2722 / 2728,Pendente,1.0
2026-08-11,78,162-10700,R,BANT,2722 / 2728,Pendente,1.0
2026-08-11,79,CI105-9,C,BANT,2722 / 2728,Pendente,1.0
2026-08-11,80,S2669-1,C,BAMN,2738,Pendente,1.0
2026-08-11,81,MS24694-S54,C,DACTA II,2742,Pendente,1.0
2026-08-11,82,NAS1741-06R8,C,BANT,2722,Pendente,10.0
2026-08-11,83,MS24693-S48,C,BANT,2722,Pendente,50.0
2026-08-11,84,071-1242-06,R,CLA,2723,Pendente,1.0
2026-08-11,85,066-3046-01,R,CLA,2723,Pendente,1.0
2026-08-11,86,C661064-0237,R,BABR,2709,Pendente,1.0
2026-08-11,87,76-207-12,C,BABE,2733,Pendente,1.0
2026-08-11,88,071-1242-06,R,BABR,2709,Pendente,1.0
2026-08-11,89,065-0060-01,R,BANT,2722,Pendente,1.0
2026-08-11,91,069-1025-25,R,BACG,2727,Pendente,1.0
2026-08-11,92,066-3084-32,R,BABR,2709,OK,1.0
2026-08-11,93,SD5H14S6667,R,DACTA II,2742,Pendente,1.0
2026-08-11,94,AN4H3A,C,BACO,2743,Pendente,1.0
2026-08-11,95,2615140-2,C,BACO,2743,Pendente,1.0
2026-08-11,96,430-00032-10,C,BABR,2720,Pendente,1.0
2026-08-11,97,MS24392-10,C,BAMN,2741,OK,1.0
2026-08-11,98,9910586-4,R,BAMN,2740,Pendente,1.0
2026-08-11,99,025323-150,R,BABR,2720,Pendente,1.0
2026-08-11,100,011-00916-00,R,BABE,2739,Pendente,1.0
2026-08-11,101,F222086,C,BABR,2720,Pendente,1.0
2026-08-11,102,4626,C,BACG,2727.0,Pendente,1.0
2026-08-11,103,2601040-3,C,BACG,2727.0,Pendente,1.0
2026-08-11,104,345-6196-04,C,BABE,2733.0,Pendente,1.0
2026-08-11,105,200-01902-0000,C,BAMN,2738,Pendente,1.0
2026-08-11,106,9864054-7,C,BAMN,2738,Pendente,1.0
2026-08-11,107,MS28773-05,C,BABR,2720,Pendente,1.0
2026-08-11,108,MS28773-05,C,BABE,2733,Pendente,1.0
2026-08-11,109,2606015-3,R,BABR,2720,Pendente,1.0
2026-08-11,110,C662041-0102,R,BABR,2720,Pendente,1.0
2026-08-11,111,069-01033-0101,R,BANT,2722,OK,1.0
2026-08-11,112,51539-012N,R,BANT,2719.0,Pendente,1.0
2026-08-11,113,2671000PB1,C,BACG,2727,Pendente,1.0
2026-08-11,114,580-219-154,C,BACO,2743,Pendente,1.0
2026-08-11,115,2650085-15,C,BACO,2743,Pendente,1.0
2026-08-11,116,2652021-80,C,BACO,2743,Pendente,2.0
2026-08-11,117,SL6015-5,C,BACO,2743,Pendente,2.0
2026-08-11,118,MS25171-1S,C,BACO,2743,Pendente,10.0
2026-08-11,119,C-145-450,C,BAMN,2732,Pendente,1.0
2026-08-11,120,K00-00351-00,C,BAMN,2740,Pendente,3.0
2026-08-11,121,9910085-2,R,BANT,2728,Pendente,1.0
2026-08-11,122,D210507,R,BANT,2728,Pendente,1.0
2026-08-11,123,RV05-268,C,BANT,2719,Pendente,1.0
2026-08-11,124,RV05-268,C,BANT,2728,Pendente,1.0
2026-08-11,125,5040033933,R,BABR,2709,Pendente,1.0
2026-08-11,126,1U648-001,C,DACTA II,2742,Pendente,1.0
2026-08-11,127,161-12800,R,BABR,2709,Pendente,1.0
2026-08-11,128,162-11800,R,BABR,2709,Pendente,1.0
2026-08-11,129,302-120-402,C,BABR,2709,Pendente,1.0
2026-08-11,130,850C86-2,C,BABR,2709,Pendente,1.0
2026-08-11,131,AN316-4R,C,BABR,2709,Pendente,6.0
2026-08-11,132,C668540-0102,C,EPCAR,2702,Pendente,1.0
2026-08-11,133,MS20392-1C11,C,BAMN,2730,Pendente,1.0
2026-08-11,134,161-11700,R,DACTA II,2742,Pendente,1.0
2026-08-11,135,162-10700,R,DACTA II,2742,Pendente,1.0
2026-08-11,136,AE3663161E0113,C,DACTA II,2742,Pendente,1.0
2026-08-11,137,ST2231-05,C,BANT,2719 / 2728,Pendente,10.0
2026-08-11,138,NAS561P5-12,C,BANT,2719 / 2728,Pendente,2.0
2026-08-11,139,MS20392-1C11,C,BAMN,2730,Pendente,1.0
2026-08-11,140,2617024-6,C,BABE,2739,Pendente,1.0
2026-08-11,141,P860037,C,BABE,2739,Pendente,1.0
2026-08-11,142,S2655-1,C,BABE,2739,Pendente,1.0
2026-08-11,143,2651022-20-1,R,BABE,2739,Pendente,1.0
2026-08-11,144,AE3663163K0600,C,BABR,2709.0,Pendente,1.0
2026-08-11,145,161-11700,R,BACO,2743,Pendente,1.0
2026-08-11,146,162-10700,R,BACO,2743,Pendente,1.0
2026-08-11,147,2641011-5,R,BACO,2743,Pendente,2.0
2026-08-11,148,C662041-0102,R,BABR,2720,Pendente,2.0
2026-08-11,149,069-01033-0101,R,BABR,2720,Pendente,1.0
2026-08-11,150,S1587-7,C,BABE,2739,Pendente,1.0
2026-08-11,151,161-11700,R,BANT,2719 / 2728,Pendente,2.0
2026-08-11,152,162-10700,R,BANT,2719 / 2728,Pendente,2.0
2026-08-11,153,C352TS,T,DACTA II,2742,OK,1.0
2026-08-11,154,066-3046-07,R,CLA,2723,Pendente,1.0
2026-08-11,155,066-1055-00,R,CLA,2723,Pendente,1.0
2026-08-11,156,065-0041-00,R,CLA,2723,Pendente,1.0
2026-08-11,157,200-01902-0000,C,BABE,2731,Pendente,1.0
2026-08-11,158,AN315C4R,C,BANT,2719,Pendente,2.0
2026-08-11,159,2651024-5,C,BANT,2719,Pendente,2.0
2026-08-11,160,MS20392-2C29,C,BANT,2719,Pendente,1.0
2026-08-11,161,071-1052-00,R,BANT,2728,Pendente,1.0
2026-08-11,162,2651022-20-1,R,BABE,2733,Pendente,1.0
2026-08-11,163,071-1242-06,R,BANT,2728,Pendente,1.0
2026-08-11,164,C661065-0237,R,BANT,2719,Pendente,1.0
2026-08-11,165,2618510-10,T,BANT,2728,Pendente,1.0
2026-08-11,166,071-1242-06,R,BANT,2719,Pendente,1.0
2026-08-11,167,C661030-0301,R,BANT,2719,Pendente,1.0
2026-08-11,168,2651040-2,T,EPCAR,2702,Pendente,1.0
2026-08-11,169,2651022-20-1,T,EPCAR,2702,Pendente,1.0
2026-08-11,170,NAS147-43,C,EPCAR,2702,Pendente,2.0
2026-08-11,171,MS21044N7,C,EPCAR,2702,Pendente,2.0
2026-08-11,172,NAS1149F0732P,C,EPCAR,2702,Pendente,2.0
2026-08-11,173,MS20002C7,C,EPCAR,2702,Pendente,4.0
2026-08-11,174,AN5C12A,C,EPCAR,2702,Pendente,1.0
2026-08-11,175,NAS1149C0563R,C,EPCAR,2702,Pendente,2.0
2026-08-11,176,S1450-5H16-032,C,EPCAR,2702,Pendente,1.0
2026-08-11,177,MS21042L5,C,EPCAR,2702,Pendente,1.0
2026-08-11,178,MS20007-16,C,EPCAR,2702,Pendente,2.0
2026-08-11,179,C352TS,T,BACO,2743,OK,1.0
2026-08-11,180,060-0015-00,R,BANT,2721,Pendente,1.0
2026-08-11,181,065-0030-00,R,BANT,2728,Pendente,1.0
2026-08-11,182,066-3060-00,R,BANT,2708 / 2721,Pendente,2.0
2026-08-11,183,C598505-0303,R,BANT,2728,Pendente,1.0
2026-08-11,184,2606016-17,C,BABR,2720,Pendente,1.0
2026-08-11,185,2606016-17,C,BABR,2720,Pendente,1.0
2026-08-11,186,DCN4-5407,C,BABR,2720,Pendente,50.0
2026-08-11,187,NAS147-97,C,EPCAR,2702,Pendente,1.0
2026-08-11,188,NAS147-84,C,EPCAR,2702,Pendente,2.0
2026-08-11,189,AN363-720,C,EPCAR,2702,Pendente,4.0
2026-08-11,190,MS20007-68,C,EPCAR,2702,Pendente,1.0
2026-08-11,191,9910333-1,C,EPCAR,2702,Pendente,6.0
2026-08-11,192,S3461-64,C,EPCAR,2702,Pendente,1.0
2026-08-11,193,AN310C8,C,EPCAR,2702,Pendente,3.0
2026-08-11,194,AN310C8,C,EPCAR,2702,Pendente,3.0
2026-08-11,195,S3465-2-0160,C,BAMN,2737,Pendente,1.0
2026-08-11,196,069-1025-25,R,CLA,2723,Pendente,1.0
2026-08-11,197,069-01033-0101,R,BABR,2720,Pendente,1.0
2026-08-11,198,901207K1,C,BABE,2739,Pendente,5.0
2026-08-11,199,3240572,C,BABE,2739,Pendente,2.0
2026-08-11,200,AE3663162E0120,C,BANT,2703,Pendente,2.0
2026-08-11,201,AN924-3D,C,BACG,2727,Pendente,4.0
2026-08-11,202,MS28778-3,C,BACG,2727,Pendente,2.0
2026-08-11,203,C661065-0237,R,BABR,2721,Pendente,1.0
2026-08-11,204,9910338-4,R,BABR,2721,Pendente,1.0
2026-08-11,205,2643100-206,R,BANT,2719,Pendente,1.0
2026-08-11,206,2618510-10,T,BANT,2719,Pendente,1.0
2026-08-11,207,066-3084-32,R,BANT,2719,Pendente,1.0
2026-08-11,208,3014226,C,BANT,2719,Pendente,1.0
2026-08-11,209,S1450-4S10-032,C,BANT,2719,Pendente,2.0
2026-08-11,210,MS27975-2,C,BANT,2719,Pendente,2.0
2026-08-11,211,S1021Z8-8,C,BANT,2719,Pendente,6.0
2026-08-11,212,R581559,C,BANT,2719,Pendente,2.0
2026-08-11,213,R581559,C,BANT,2719,Pendente,1.0
2026-08-11,214,R581559,C,BANT,2719,Pendente,1.0
2026-08-11,215,C145-00-46,C,BAMN,2732,Pendente,1.0
2026-08-11,216,U554426,C,BABE,2739,Pendente,60.0
2026-08-11,217,2653019-1,C,BABR,2721,Pendente,1.0
2026-08-11,218,MS35426-27,C,BABR,2721,Pendente,4.0
2026-08-11,219,S1741-1,C,BABR,2721,Pendente,4.0
2026-08-11,220,A1633-72,C,BACO,2742,Pendente,1.0
2026-08-11,221,A1639-32,C,BACO,2742,Pendente,8.0
2026-08-11,222,AN363-720,C,BACO,2742,Pendente,4.0
2026-08-11,223,AS3209-016,C,BACO,2742,Pendente,1.0
2026-08-11,224,DCN4-3807,C,BACO,2742,Pendente,1.0
2026-08-11,225,MS20002C7,C,BACO,2742,Pendente,4.0
2026-08-11,226,MS20007-68,C,BACO,2742,Pendente,1.0
2026-08-11,227,MS28773-05,C,BACO,2742,Pendente,1.0
2026-08-11,228,MS28775-022,C,BACO,2742,Pendente,1.0
2026-08-11,229,MS28778-4,C,BACO,2742,Pendente,1.0
2026-08-11,230,MS29512-08,C,BACO,2742,Pendente,1.0
2026-08-11,231,NAS1149C0763R,C,BACO,2742,Pendente,4.0
2026-08-11,232,NAS147-84,C,BACO,2742,Pendente,2.0
2026-08-11,233,NAS147-97,C,BACO,2742,Pendente,1.0
2026-08-11,234,C598505-0304,C,BANT,FROTA,Pendente,1.0
2026-08-11,235,C598505-0304,C,BANT,FROTA,Pendente,1.0
2026-08-11,236,C598505-0303,C,BANT,FROTA,Pendente,2.0
2026-08-11,237,C598505-0303,C,BANT,FROTA,Pendente,1.0
2026-08-11,238,70-22-01,C,BANT,FROTA,Pendente,2.0
2026-08-11,239,70-22-01,C,BANT,FROTA,Pendente,2.0
2026-08-11,240,066-01141-5101,R,BANT,FROTA,Pendente,1.0
2026-08-11,241,MS35206-247,C,BANT,FROTA,Pendente,20.0
2026-08-11,242,065-0042-15,R,BANT,FROTA,Pendente,1.0
2026-08-11,243,C662041-0102,R,BANT,FROTA,Pendente,1.0
2026-08-11,244,011-00412-00,R,BANT,FROTA,Pendente,1.0
2026-08-11,245,3014227,C,BANT,FROTA,Pendente,1.0
2026-08-11,246,A1633-72,C,BANT,FROTA,Pendente,1.0
2026-08-11,247,066-3084-32,R,BANT,FROTA,Pendente,1.0
2026-08-11,248,AE3663724G0330,C,BANT,FROTA,Pendente,3.0
2026-08-11,249,0541140-1,C,BACG,2727,Pendente,1.0
2026-08-11,250,644-04303416,C,BANT,2719,Pendente,1.0
2026-08-11,251,C668050-1108,C,BABR,2721,Pendente,1.0
2026-08-11,252,2641012-14,T,BABE,2731,Pendente,1.0
2026-08-11,253,S2495-12B0600,C,BACG,2727,Pendente,1.0
2026-08-11,254,2641014-9,T,BABE,2731,Pendente,1.0
2026-08-11,255,S1985-1,C,CLA,2723,Pendente,1.0
2026-08-11,256,S1985-1,C,CLA,2723,Pendente,1.0
2026-08-11,257,200SGL153Q,R,BACO,2743,OK,1.0
2026-08-11,258,9910338-8RX,R,BABR,2721,Pendente,1.0
2026-08-11,259,162-11800,R,BANT,2703,Pendente,2.0
2026-08-11,260,200SGL119Q-2,R,BANT,2722,OK,1.0
2026-08-11,261,2641011-5,T,BANT,2719,Pendente,1.0
2026-08-11,262,452-0133,T,BANT,2728,Pendente,1.0
2026-08-11,263,C352TS,R,BANT,2728,OK,1.0
2026-08-11,264,S3326-2,R,BABE,2731,Pendente,1.0
2026-08-11,265,S2502-3,C,BABE,2731,Pendente,2.0
2026-08-11,266,P860037,C,BABE,2733,Pendente,2.0
2026-08-11,267,AE3663231B0160,C,BAMN,2736 / 2738 / 2741,Pendente,3.0
2026-08-11,268,8210-002-01,R,BABR,2721,Pendente,1.0
2026-08-11,269,DCN4-3807,C,BABR,2721,Pendente,2.0
2026-08-11,270,MS28773-05,C,BABR,2721,Pendente,2.0
2026-08-11,271,1215073-28,C,BABR,2721,Pendente,2.0
2026-08-11,272,9910573-21,C,BABR,2721,Pendente,1.0
2026-08-11,273,3121248-03,R,BABR,2721,Pendente,1.0
2026-08-11,274,5040033933,R,BABR,2709,Pendente,1.0
2026-08-11,275,R581559,C,BABR,2709,Pendente,4.0
2026-08-11,276,S3413-104,C,BABR,2709,Pendente,10.0
2026-08-11,277,S3413-105,C,BABR,2709,Pendente,10.0
2026-08-11,278,S3413-107,C,BABR,2709,Pendente,10.0
2026-08-11,279,S3413-109,C,BABR,2709,Pendente,5.0
2026-08-11,280,S3413-110,C,BABR,2709,Pendente,10.0
2026-08-11,281,S2319-64,C,BABR,2709,Pendente,50.0
2026-08-11,282,S2319-50,C,BABR,2709,Pendente,50.0
2026-08-11,283,B4864,C,BABR,2709,Pendente,1.0
2026-08-11,284,B4940-1,C,BABR,2709,Pendente,1.0
2026-08-11,285,B4940-2,C,BABR,2709,Pendente,10.0
2026-08-11,286,2654012-2,C,BABR,2709,Pendente,1.0
2026-08-11,287,5111602-16,C,BABE,2731,Pendente,67.0
2026-08-11,288,2641032-202,C,BAMN,2741,Pendente,1.0
2026-08-11,289,850C86-2,C,BABR,2709,Pendente,2.0
2026-08-11,290,302-120-402,C,BABR,2709,Pendente,1.0
2026-08-11,291,MS28778-3,C,BAMN,2736,Pendente,6.0
2026-08-11,292,AE3663161E0113,C,BAMN,2736,Pendente,1.0
2026-08-11,293,1414116-7,C,BABE,2739,Pendente,4.0
2026-08-11,294,S1985-1,C,BANT,2708,Pendente,1.0
2026-08-11,295,2270030-12,C,BANT,2708,Pendente,1.0
2026-08-11,296,066-4010-12,R,BANT,2708,Pendente,1.0
2026-08-11,297,3034792,R,DACTA II,2742,Pendente,1.0
2026-08-11,298,3024973,C,DACTA II,2742,Pendente,1.0
2026-08-11,299,M83461/1-012,C,DACTA II,2742,Pendente,1.0
2026-08-11,300,3039937,C,DACTA II,2742,Pendente,1.0
2026-08-11,301,3014227,C,DACTA II,2742,Pendente,1.0
2026-08-11,302,C668050-1108,C,BABE,2723,Pendente,1.0
2026-08-11,303,2522275-1,C,BABE,2723,Pendente,2.0
2026-08-11,304,S2870-1,C,BABE,2723,Pendente,2.0
2026-08-11,305,NSL 1422 B2,C,BABE,2723,Pendente,6.0
2026-08-11,306,AN320-3,C,BABR,2709,Pendente,4.0
2026-08-11,307,2613419-1,C,BABR,2709,Pendente,1.0
2026-08-11,308,AN565B428H4,C,BABR,2709,Pendente,2.0
2026-08-11,309,2662007-4,C,BABR,2709,Pendente,2.0
2026-08-11,310,2662022-1,C,BABR,2709,Pendente,2.0
2026-08-11,311,AN315-3L,C,BABR,2709,Pendente,2.0
2026-08-11,312,B145-78-7,C,BABR,2709,Pendente,1.0
2026-08-11,313,AS5174D1210,C,BAMN,2732,Pendente,1.0
2026-08-11,314,MS24392-10,C,BAMN,2732,Pendente,1.0
2026-08-11,315,An4-17,C,BANT,2729,Pendente,1.0
2026-08-11,316,S1450-6B12-032,C,BANT,2729,Pendente,2.0
2026-08-11,317,065-0059-01,C,BANT,2722,Pendente,1.0
2026-08-11,318,065-0059-01,C,BANT,2708,Pendente,1.0
2026-08-11,319,050-1518-00,C,BANT,2719,Pendente,1.0
2026-08-11,320,MS21025-24,C,BANT,2729,Pendente,1.0
2026-08-11,321,S51-14,C,BANT,2703,Pendente,1.0
2026-08-11,322,065-0042-03,C,BANT,2719,Pendente,1.0
2026-08-11,323,A1639-32,C,CLA,2723,Pendente,8.0
2026-08-11,324,B-5096,C,CLA,2723,Pendente,8.0
2026-08-11,325,A1633-72,C,CLA,2723,Pendente,2.0
2026-08-11,326,S3326-2RX,R,BACO,2743,Pendente,1.0
2026-08-11,327,799-1,R,BACO,2743,Pendente,1.0
2026-08-11,328,060-0017-00,R,BANT,2703,Pendente,1.0
2026-08-11,329,060-0017-00,R,BANT,2708,Pendente,1.0
2026-08-11,330,4002HS,C,BABR,2709,Pendente,10.0
2026-08-11,331,83-0057,C,BACG,2727,Pendente,1.0
2026-08-11,332,060-0015-00,C,BANT,2729,Pendente,1.0
2026-08-11,333,065-0042-15,C,BANT,2702,Pendente,1.0
2026-08-11,334,99-223-6B23284,C,BANT,2702,Pendente,1.0
2026-08-11,335,065-0042-15,C,BANT,2703,Pendente,1.0
2026-08-11,336,2610014-1,C,BANT,2719,Pendente,1.0
2026-08-11,337,NAS464P4A10,C,BANT,2719,Pendente,5.0
2026-08-11,338,A4513-1,C,BANT,2729,Pendente,1.0
2026-08-11,339,S1104-3,C,BANT,2719,Pendente,1.0
2026-08-11,340,011-00870-00,R,BAMN,2730,Pendente,1.0
2026-08-11,341,MS3116F8-3S,C,BANT,2729,Pendente,1.0
2026-08-11,342,2611024-1,C,BANT,2703,Pendente,2.0
2026-08-11,343,S2527-1,C,BACO,2743,Pendente,2.0
2026-08-11,344,24RB/EWC,C,BACO,2743,Pendente,3.0
2026-08-11,345,1308,C,BACO,2743,Pendente,1.0
2026-08-11,346,011-00870-00,R,BABE,2739,Pendente,1.0
2026-08-11,347,324843-W020,T,BAMN,2736,Pendente,1.0
2026-08-11,348,011-00870-00,R,BABE,2733,Pendente,1.0
2026-08-11,349,300048-200,T,DACTA II,2742,Pendente,1.0
2026-08-11,350,C668050-1103,C,BABR,2720,Pendente,2.0
2026-08-11,351,C668050-1104,C,BABR,2720,Pendente,1.0
2026-08-11,352,MS21044N9,C,BABE,2731,Pendente,8.0
2026-08-11,353,B3-5-1,C,BABR,2709 / 2720 / 2721,Pendente,3.0
2026-08-11,354,011-00870-10,C,BABE,2733,Pendente,1.0
2026-08-11,355,1633-114,C,CLA,2723,Pendente,3.0
2026-08-11,356,B-5477,C,CLA,2723,Pendente,3.0
2026-08-11,357,A1633-82,C,CLA,2723,Pendente,3.0
2026-08-11,358,MS21044N9,C,CLA,2723,Pendente,16.0
2026-08-11,359,A1639-32,C,BABR,2721,Pendente,9.0
2026-08-11,360,A1633-72,C,BABR,2721,Pendente,3.0
2026-08-11,361,2641010-3,R,BANT,2729,Pendente,1.0
2026-08-12,1,302-039-402,C,BABV,2741,Pendente,1.0
2026-08-12,2,302-039-402,C,BAMN,2740,Pendente,1.0
2026-08-12,3,065-0065-01,T,BANT,2719,Pendente,1.0
2026-08-12,4,NAS1739B4-6,C,BABE,2731,Desconsiderado,100.0
2026-08-12,5,CR2248-4-4,C,BABE,2731,Desconsiderado,100.0
2026-08-12,6,NAS1097AD6-5,C,BABE,2731,Desconsiderado,500.0
2026-08-12,7,NAS1097AD6-4,C,BABE,2731,Desconsiderado,100.0
2026-08-12,8,NAS1097AD5-4,C,BABE,2731,Desconsiderado,1.0
2026-08-12,9,NAS1097AD5-7,C,BABE,2731,Desconsiderado,1.0
2026-08-12,10,NAS1097AD4-3,C,BABE,2731,Desconsiderado,1.0
2026-08-12,11,NAS1097AD3-7,C,BABE,2731,Desconsiderado,50.0
2026-08-12,12,5934PAD-3,R,BABE,2739,Pendente,1.0
2026-08-12,13,068-02800,C,BANT,2722,Pendente,1.0
2026-08-12,14,RA068-02800,C,BANT,2722,Pendente,1.0
2026-08-12,15,MS21442-121,C,BABR,2709,Pendente,2.0
2026-08-12,16,523919,C,BABR,2709,Pendente,2.0
2026-08-12,17,065-0042-03,R,BANT,2722,OK,1.0
2026-08-12,18,AE3663163K0600,C,BANT,2728,Pendente,1.0
2026-08-12,19,MS21044N9,C,BANT,2728 e 2719,Pendente,16.0
2026-08-12,20,MS21044N9,C,BANT,2729,OK,8.0
2026-08-12,21,C145-00-46,C,BABR,2709,OK,1.0
2026-08-12,22,62800-001,T,BABR,2709,OK,1.0
2026-08-12,23,065-0042-15,R,BASM,2708,Pendente,1.0
2026-08-12,24,S3326-2,R,BAMN,*,Pendente,1.0
2026-08-12,25,MS29513-338,C,BANT,2719,Pendente,4.0
2026-08-12,26,030-18200,R,BAMN,2732,OK,1.0
2026-08-12,27,9864054-7,C,BAMN,2740,Pendente,1.0
2026-08-12,28,2606015-2,R,BABR,2720,Pendente,1.0
2026-08-12,29,76-207-12,C,BAMN,2740,Pendente,1.0
2026-08-12,30,MS20007-30,C,BABE,2733,OK,2.0
2026-08-12,31,MS20007-16,C,BABE,2733,Pendente,2.0
2026-08-12,32,B-5121,C,EEAR,2703,OK,1.0
2026-08-12,33,C668050-1104,C,BABR,2709,Pendente,1.0
2026-08-12,34,431-0101-01,C,BABR,2709,OK,1.0
2026-08-12,35,2650026-3,C,BABR,2709,OK,2.0
2026-08-12,36,S2300-12,C,BABR,2709,OK,3.0
2026-08-12,37,S2357-1,C,BABR,2709,OK,10.0
2026-08-12,38,2N6576,C,BABR,2709,OK,3.0
2026-08-12,39,22827-3,C,BABR,2709,OK,10.0
2026-08-12,40,068-02800,C,BABR,2709,Pendente,2.0
2026-08-12,41,2N6576,C,BABR,2709,OK,2.0
2026-08-12,42,060-0015-00,R,BABR,2709,Pendente,1.0
2026-08-12,43,066-4010-10,R,BABR,2709,OK,1.0
2026-08-12,44,011-01020-10,R,BAMN,2740,Pendente,1.0
2026-08-12,45,CM2990-G1,C,BABR,2709,Pendente,4.0
2026-08-12,46,C262023-0107,C,CLA,2723,OK,2.0
2026-08-12,47,2126001-1,C,BAMN,2737,Pendente,1.0
2026-08-12,48,2612035-1,C,BANT,2722,Pendente,1.0
2026-08-12,49,2641012-15,R,BANT,2728,Pendente,1.0
2026-08-12,50,DD2W,C,BACO,2743,Pendente,10.0
2026-08-12,51,S3100-581,C,BAMN,2737,Pendente,1.0
2026-08-12,52,GF5500-81,C,BAMN,2736,Pendente,1.0
2026-08-12,53,088-01132-0002,C,BANT,2728,Pendente,1.0
2026-08-12,54,2641012-14,R,BANT,2719,Pendente,1.0
2026-08-12,55,2641012-9,R,BANT,2719,Pendente,1.0
2026-08-12,56,52283,C,BANT,2719,Pendente,2.0
2026-08-12,57,AE3663162E0120,C,BANT,2723,Pendente,1.0
2026-08-12,58,EA-5175-52-CES,R,BANT,2728,OK,1.0
2026-08-12,59,S3100-630,C,BAMN,2737,Pendente,1.0
2026-08-12,60,2660001-107,C,BANT,2719,Pendente,1.0
2026-08-12,61,2660057-1,C,BANT,2719,Pendente,2.0
2026-08-12,62,2660057-1,C,BANT,2728,Pendente,2.0
2026-08-12,63,A-A-55487-5,C,BANT,2719,Pendente,8.0
2026-08-12,64,S2319-64,C,BACO,2743,Pendente,40.0
2026-08-12,65,060-0017-00,R,BANT,2708,Pendente,1.0
2026-08-12,66,MS3456W12S3S,C,BABR,2709,Pendente,2.0
2026-08-12,67,2682001-1,T,BABE/BANT,2739,OK,1.0
2026-08-12,68,MS3509-28,C,BACG,2727,Pendente,2.0
2026-08-12,69,S2899L0.5,C,BACG,2727,Pendente,1.0
2026-08-12,70,1U149-015-15,R,BACO,2743,Pendente,1.0
2026-08-12,71,AN6289J5,C,BABR,2709,Pendente,2.0
2026-08-12,72,MS17825-3,C,BANT,2728,Pendente,2.0
2026-08-12,73,MS17826-3,C,BANT,2728,Pendente,2.0
2026-08-12,74,200-1902-00,C,BAMN,2736,Pendente,2.0
2026-08-12,75,161-12800,R,BANT,2722 / 2728,Pendente,1.0
2026-08-12,76,162-11800,R,BANT,2722 / 2728,Pendente,3.0
2026-08-12,77,161-11700,R,BANT,2722 / 2728,Pendente,1.0
2026-08-12,78,162-10700,R,BANT,2722 / 2728,Pendente,1.0
2026-08-12,79,CI105-9,C,BANT,2722 / 2728,Pendente,1.0
2026-08-12,80,S2669-1,C,BAMN,2738,Pendente,1.0
2026-08-12,81,MS24694-S54,C,DACTA II,2742,Pendente,1.0
2026-08-12,82,NAS1741-06R8,C,BANT,2722,Pendente,10.0
2026-08-12,83,MS24693-S48,C,BANT,2722,Pendente,50.0
2026-08-12,84,071-1242-06,R,CLA,2723,Pendente,1.0
2026-08-12,85,066-3046-01,R,CLA,2723,Pendente,1.0
2026-08-12,86,C661064-0237,R,BABR,2709,Pendente,1.0
2026-08-12,87,76-207-12,C,BABE,2733,Pendente,1.0
2026-08-12,88,071-1242-06,R,BABR,2709,Pendente,1.0
2026-08-12,89,065-0060-01,R,BANT,2722,Pendente,1.0
2026-08-12,91,069-1025-25,R,BACG,2727,Pendente,1.0
2026-08-12,92,066-3084-32,R,BABR,2709,OK,1.0
2026-08-12,93,SD5H14S6667,R,DACTA II,2742,Pendente,1.0
2026-08-12,94,AN4H3A,C,BACO,2743,Pendente,1.0
2026-08-12,95,2615140-2,C,BACO,2743,Pendente,1.0
2026-08-12,96,430-00032-10,C,BABR,2720,Pendente,1.0
2026-08-12,97,MS24392-10,C,BAMN,2741,OK,1.0
2026-08-12,98,9910586-4,R,BAMN,2740,Pendente,1.0
2026-08-12,99,025323-150,R,BABR,2720,Pendente,1.0
2026-08-12,100,011-00916-00,R,BABE,2739,Pendente,1.0
2026-08-12,101,F222086,C,BABR,2720,Pendente,1.0
2026-08-12,102,4626,C,BACG,2727.0,Pendente,1.0
2026-08-12,103,2601040-3,C,BACG,2727.0,Pendente,1.0
2026-08-12,104,345-6196-04,C,BABE,2733.0,Pendente,1.0
2026-08-12,105,200-01902-0000,C,BAMN,2738,Pendente,1.0
2026-08-12,106,9864054-7,C,BAMN,2738,Pendente,1.0
2026-08-12,107,MS28773-05,C,BABR,2720,Pendente,1.0
2026-08-12,108,MS28773-05,C,BABE,2733,Pendente,1.0
2026-08-12,109,2606015-3,R,BABR,2720,Pendente,1.0
2026-08-12,110,C662041-0102,R,BABR,2720,Pendente,1.0
2026-08-12,111,069-01033-0101,R,BANT,2722,OK,1.0
2026-08-12,112,51539-012N,R,BANT,2719.0,Pendente,1.0
2026-08-12,113,2671000PB1,C,BACG,2727,Pendente,1.0
2026-08-12,114,580-219-154,C,BACO,2743,Pendente,1.0
2026-08-12,115,2650085-15,C,BACO,2743,Pendente,1.0
2026-08-12,116,2652021-80,C,BACO,2743,Pendente,2.0
2026-08-12,117,SL6015-5,C,BACO,2743,Pendente,2.0
2026-08-12,118,MS25171-1S,C,BACO,2743,Pendente,10.0
2026-08-12,119,C-145-450,C,BAMN,2732,Pendente,1.0
2026-08-12,120,K00-00351-00,C,BAMN,2740,Pendente,3.0
2026-08-12,121,9910085-2,R,BANT,2728,Pendente,1.0
2026-08-12,122,D210507,R,BANT,2728,Pendente,1.0
2026-08-12,123,RV05-268,C,BANT,2719,Pendente,1.0
2026-08-12,124,RV05-268,C,BANT,2728,Pendente,1.0
2026-08-12,125,5040033933,R,BABR,2709,Pendente,1.0
2026-08-12,126,1U648-001,C,DACTA II,2742,Pendente,1.0
2026-08-12,127,161-12800,R,BABR,2709,Pendente,1.0
2026-08-12,128,162-11800,R,BABR,2709,Pendente,1.0
2026-08-12,129,302-120-402,C,BABR,2709,Pendente,1.0
2026-08-12,130,850C86-2,C,BABR,2709,Pendente,1.0
2026-08-12,131,AN316-4R,C,BABR,2709,Pendente,6.0
2026-08-12,132,C668540-0102,C,EPCAR,2702,Pendente,1.0
2026-08-12,133,MS20392-1C11,C,BAMN,2730,Pendente,1.0
2026-08-12,134,161-11700,R,DACTA II,2742,Pendente,1.0
2026-08-12,135,162-10700,R,DACTA II,2742,Pendente,1.0
2026-08-12,136,AE3663161E0113,C,DACTA II,2742,Pendente,1.0
2026-08-12,137,ST2231-05,C,BANT,2719 / 2728,Pendente,10.0
2026-08-12,138,NAS561P5-12,C,BANT,2719 / 2728,Pendente,2.0
2026-08-12,139,MS20392-1C11,C,BAMN,2730,Pendente,1.0
2026-08-12,140,2617024-6,C,BABE,2739,Pendente,1.0
2026-08-12,141,P860037,C,BABE,2739,Pendente,1.0
2026-08-12,142,S2655-1,C,BABE,2739,Pendente,1.0
2026-08-12,143,2651022-20-1,R,BABE,2739,Pendente,1.0
2026-08-12,144,AE3663163K0600,C,BABR,2709.0,Pendente,1.0
2026-08-12,145,161-11700,R,BACO,2743,Pendente,1.0
2026-08-12,146,162-10700,R,BACO,2743,Pendente,1.0
2026-08-12,147,2641011-5,R,BACO,2743,Pendente,2.0
2026-08-12,148,C662041-0102,R,BABR,2720,Pendente,2.0
2026-08-12,149,069-01033-0101,R,BABR,2720,Pendente,1.0
2026-08-12,150,S1587-7,C,BABE,2739,Pendente,1.0
2026-08-12,151,161-11700,R,BANT,2719 / 2728,Pendente,2.0
2026-08-12,152,162-10700,R,BANT,2719 / 2728,Pendente,2.0
2026-08-12,153,C352TS,T,DACTA II,2742,OK,1.0
2026-08-12,154,066-3046-07,R,CLA,2723,Pendente,1.0
2026-08-12,155,066-1055-00,R,CLA,2723,Pendente,1.0
2026-08-12,156,065-0041-00,R,CLA,2723,Pendente,1.0
2026-08-12,157,200-01902-0000,C,BABE,2731,Pendente,1.0
2026-08-12,158,AN315C4R,C,BANT,2719,Pendente,2.0
2026-08-12,159,2651024-5,C,BANT,2719,Pendente,2.0
2026-08-12,160,MS20392-2C29,C,BANT,2719,Pendente,1.0
2026-08-12,161,071-1052-00,R,BANT,2728,Pendente,1.0
2026-08-12,162,2651022-20-1,R,BABE,2733,Pendente,1.0
2026-08-12,163,071-1242-06,R,BANT,2728,Pendente,1.0
2026-08-12,164,C661065-0237,R,BANT,2719,Pendente,1.0
2026-08-12,165,2618510-10,T,BANT,2728,Pendente,1.0
2026-08-12,166,071-1242-06,R,BANT,2719,Pendente,1.0
2026-08-12,167,C661030-0301,R,BANT,2719,Pendente,1.0
2026-08-12,168,2651040-2,T,EPCAR,2702,Pendente,1.0
2026-08-12,169,2651022-20-1,T,EPCAR,2702,Pendente,1.0
2026-08-12,170,NAS147-43,C,EPCAR,2702,Pendente,2.0
2026-08-12,171,MS21044N7,C,EPCAR,2702,Pendente,2.0
2026-08-12,172,NAS1149F0732P,C,EPCAR,2702,Pendente,2.0
2026-08-12,173,MS20002C7,C,EPCAR,2702,Pendente,4.0
2026-08-12,174,AN5C12A,C,EPCAR,2702,Pendente,1.0
2026-08-12,175,NAS1149C0563R,C,EPCAR,2702,Pendente,2.0
2026-08-12,176,S1450-5H16-032,C,EPCAR,2702,Pendente,1.0
2026-08-12,177,MS21042L5,C,EPCAR,2702,Pendente,1.0
2026-08-12,178,MS20007-16,C,EPCAR,2702,Pendente,2.0
2026-08-12,179,C352TS,T,BACO,2743,OK,1.0
2026-08-12,180,060-0015-00,R,BANT,2721,Pendente,1.0
2026-08-12,181,065-0030-00,R,BANT,2728,Pendente,1.0
2026-08-12,182,066-3060-00,R,BANT,2708 / 2721,Pendente,2.0
2026-08-12,183,C598505-0303,R,BANT,2728,Pendente,1.0
2026-08-12,184,2606016-17,C,BABR,2720,Pendente,1.0
2026-08-12,185,2606016-17,C,BABR,2720,Pendente,1.0
2026-08-12,186,DCN4-5407,C,BABR,2720,Pendente,50.0
2026-08-12,187,NAS147-97,C,EPCAR,2702,Pendente,1.0
2026-08-12,188,NAS147-84,C,EPCAR,2702,Pendente,2.0
2026-08-12,189,AN363-720,C,EPCAR,2702,Pendente,4.0
2026-08-12,190,MS20007-68,C,EPCAR,2702,Pendente,1.0
2026-08-12,191,9910333-1,C,EPCAR,2702,Pendente,6.0
2026-08-12,192,S3461-64,C,EPCAR,2702,Pendente,1.0
2026-08-12,193,AN310C8,C,EPCAR,2702,Pendente,3.0
2026-08-12,194,AN310C8,C,EPCAR,2702,Pendente,3.0
2026-08-12,195,S3465-2-0160,C,BAMN,2737,Pendente,1.0
2026-08-12,196,069-1025-25,R,CLA,2723,Pendente,1.0
2026-08-12,197,069-01033-0101,R,BABR,2720,Pendente,1.0
2026-08-12,198,901207K1,C,BABE,2739,Pendente,5.0
2026-08-12,199,3240572,C,BABE,2739,Pendente,2.0
2026-08-12,200,AE3663162E0120,C,BANT,2703,Pendente,2.0
2026-08-12,201,AN924-3D,C,BACG,2727,Pendente,4.0
2026-08-12,202,MS28778-3,C,BACG,2727,Pendente,2.0
2026-08-12,203,C661065-0237,R,BABR,2721,Pendente,1.0
2026-08-12,204,9910338-4,R,BABR,2721,Pendente,1.0
2026-08-12,205,2643100-206,R,BANT,2719,Pendente,1.0
2026-08-12,206,2618510-10,T,BANT,2719,Pendente,1.0
2026-08-12,207,066-3084-32,R,BANT,2719,Pendente,1.0
2026-08-12,208,3014226,C,BANT,2719,Pendente,1.0
2026-08-12,209,S1450-4S10-032,C,BANT,2719,Pendente,2.0
2026-08-12,210,MS27975-2,C,BANT,2719,Pendente,2.0
2026-08-12,211,S1021Z8-8,C,BANT,2719,Pendente,6.0
2026-08-12,212,R581559,C,BANT,2719,Pendente,2.0
2026-08-12,213,R581559,C,BANT,2719,Pendente,1.0
2026-08-12,214,R581559,C,BANT,2719,Pendente,1.0
2026-08-12,215,C145-00-46,C,BAMN,2732,Pendente,1.0
2026-08-12,216,U554426,C,BABE,2739,Pendente,60.0
2026-08-12,217,2653019-1,C,BABR,2721,Pendente,1.0
2026-08-12,218,MS35426-27,C,BABR,2721,Pendente,4.0
2026-08-12,219,S1741-1,C,BABR,2721,Pendente,4.0
2026-08-12,220,A1633-72,C,BACO,2742,Pendente,1.0
2026-08-12,221,A1639-32,C,BACO,2742,Pendente,8.0
2026-08-12,222,AN363-720,C,BACO,2742,Pendente,4.0
2026-08-12,223,AS3209-016,C,BACO,2742,Pendente,1.0
2026-08-12,224,DCN4-3807,C,BACO,2742,Pendente,1.0
2026-08-12,225,MS20002C7,C,BACO,2742,Pendente,4.0
2026-08-12,226,MS20007-68,C,BACO,2742,Pendente,1.0
2026-08-12,227,MS28773-05,C,BACO,2742,Pendente,1.0
2026-08-12,228,MS28775-022,C,BACO,2742,Pendente,1.0
2026-08-12,229,MS28778-4,C,BACO,2742,Pendente,1.0
2026-08-12,230,MS29512-08,C,BACO,2742,Pendente,1.0
2026-08-12,231,NAS1149C0763R,C,BACO,2742,Pendente,4.0
2026-08-12,232,NAS147-84,C,BACO,2742,Pendente,2.0
2026-08-12,233,NAS147-97,C,BACO,2742,Pendente,1.0
2026-08-12,234,C598505-0304,C,BANT,FROTA,Pendente,1.0
2026-08-12,235,C598505-0304,C,BANT,FROTA,Pendente,1.0
2026-08-12,236,C598505-0303,C,BANT,FROTA,Pendente,2.0
2026-08-12,237,C598505-0303,C,BANT,FROTA,Pendente,1.0
2026-08-12,238,70-22-01,C,BANT,FROTA,Pendente,2.0
2026-08-12,239,70-22-01,C,BANT,FROTA,Pendente,2.0
2026-08-12,240,066-01141-5101,R,BANT,FROTA,Pendente,1.0
2026-08-12,241,MS35206-247,C,BANT,FROTA,Pendente,20.0
2026-08-12,242,065-0042-15,R,BANT,FROTA,Pendente,1.0
2026-08-12,243,C662041-0102,R,BANT,FROTA,Pendente,1.0
2026-08-12,244,011-00412-00,R,BANT,FROTA,Pendente,1.0
2026-08-12,245,3014227,C,BANT,FROTA,Pendente,1.0
2026-08-12,246,A1633-72,C,BANT,FROTA,Pendente,1.0
2026-08-12,247,066-3084-32,R,BANT,FROTA,Pendente,1.0
2026-08-12,248,AE3663724G0330,C,BANT,FROTA,Pendente,3.0
2026-08-12,249,0541140-1,C,BACG,2727,Pendente,1.0
2026-08-12,250,644-04303416,C,BANT,2719,Pendente,1.0
2026-08-12,251,C668050-1108,C,BABR,2721,Pendente,1.0
2026-08-12,252,2641012-14,T,BABE,2731,Pendente,1.0
2026-08-12,253,S2495-12B0600,C,BACG,2727,Pendente,1.0
2026-08-12,254,2641014-9,T,BABE,2731,Pendente,1.0
2026-08-12,255,S1985-1,C,CLA,2723,Pendente,1.0
2026-08-12,256,S1985-1,C,CLA,2723,Pendente,1.0
2026-08-12,257,200SGL153Q,R,BACO,2743,OK,1.0
2026-08-12,258,9910338-8RX,R,BABR,2721,Pendente,1.0
2026-08-12,259,162-11800,R,BANT,2703,Pendente,2.0
2026-08-12,260,200SGL119Q-2,R,BANT,2722,OK,1.0
2026-08-12,261,2641011-5,T,BANT,2719,Pendente,1.0
2026-08-12,262,452-0133,T,BANT,2728,Pendente,1.0
2026-08-12,263,C352TS,R,BANT,2728,OK,1.0
2026-08-12,264,S3326-2,R,BABE,2731,Pendente,1.0
2026-08-12,265,S2502-3,C,BABE,2731,Pendente,2.0
2026-08-12,266,P860037,C,BABE,2733,Pendente,2.0
2026-08-12,267,AE3663231B0160,C,BAMN,2736 / 2738 / 2741,Pendente,3.0
2026-08-12,268,8210-002-01,R,BABR,2721,Pendente,1.0
2026-08-12,269,DCN4-3807,C,BABR,2721,Pendente,2.0
2026-08-12,270,MS28773-05,C,BABR,2721,Pendente,2.0
2026-08-12,271,1215073-28,C,BABR,2721,Pendente,2.0
2026-08-12,272,9910573-21,C,BABR,2721,Pendente,1.0
2026-08-12,273,3121248-03,R,BABR,2721,Pendente,1.0
2026-08-12,274,5040033933,R,BABR,2709,Pendente,1.0
2026-08-12,275,R581559,C,BABR,2709,Pendente,4.0
2026-08-12,276,S3413-104,C,BABR,2709,Pendente,10.0
2026-08-12,277,S3413-105,C,BABR,2709,Pendente,10.0
2026-08-12,278,S3413-107,C,BABR,2709,Pendente,10.0
2026-08-12,279,S3413-109,C,BABR,2709,Pendente,5.0
2026-08-12,280,S3413-110,C,BABR,2709,Pendente,10.0
2026-08-12,281,S2319-64,C,BABR,2709,Pendente,50.0
2026-08-12,282,S2319-50,C,BABR,2709,Pendente,50.0
2026-08-12,283,B4864,C,BABR,2709,Pendente,1.0
2026-08-12,284,B4940-1,C,BABR,2709,Pendente,1.0
2026-08-12,285,B4940-2,C,BABR,2709,Pendente,10.0
2026-08-12,286,2654012-2,C,BABR,2709,Pendente,1.0
2026-08-12,287,5111602-16,C,BABE,2731,Pendente,67.0
2026-08-12,288,2641032-202,C,BAMN,2741,Pendente,1.0
2026-08-12,289,850C86-2,C,BABR,2709,Pendente,2.0
2026-08-12,290,302-120-402,C,BABR,2709,Pendente,1.0
2026-08-12,291,MS28778-3,C,BAMN,2736,Pendente,6.0
2026-08-12,292,AE3663161E0113,C,BAMN,2736,Pendente,1.0
2026-08-12,293,1414116-7,C,BABE,2739,Pendente,4.0
2026-08-12,294,S1985-1,C,BANT,2708,Pendente,1.0
2026-08-12,295,2270030-12,C,BANT,2708,Pendente,1.0
2026-08-12,296,066-4010-12,R,BANT,2708,Pendente,1.0
2026-08-12,297,3034792,R,DACTA II,2742,Pendente,1.0
2026-08-12,298,3024973,C,DACTA II,2742,Pendente,1.0
2026-08-12,299,M83461/1-012,C,DACTA II,2742,Pendente,1.0
2026-08-12,300,3039937,C,DACTA II,2742,Pendente,1.0
2026-08-12,301,3014227,C,DACTA II,2742,Pendente,1.0
2026-08-12,302,C668050-1108,C,BABE,2723,Pendente,1.0
2026-08-12,303,2522275-1,C,BABE,2723,Pendente,2.0
2026-08-12,304,S2870-1,C,BABE,2723,Pendente,2.0
2026-08-12,305,NSL 1422 B2,C,BABE,2723,Pendente,6.0
2026-08-12,306,AN320-3,C,BABR,2709,Pendente,4.0
2026-08-12,307,2613419-1,C,BABR,2709,Pendente,1.0
2026-08-12,308,AN565B428H4,C,BABR,2709,Pendente,2.0
2026-08-12,309,2662007-4,C,BABR,2709,Pendente,2.0
2026-08-12,310,2662022-1,C,BABR,2709,Pendente,2.0
2026-08-12,311,AN315-3L,C,BABR,2709,Pendente,2.0
2026-08-12,312,B145-78-7,C,BABR,2709,Pendente,1.0
2026-08-12,313,AS5174D1210,C,BAMN,2732,Pendente,1.0
2026-08-12,314,MS24392-10,C,BAMN,2732,Pendente,1.0
2026-08-12,315,An4-17,C,BANT,2729,Pendente,1.0
2026-08-12,316,S1450-6B12-032,C,BANT,2729,Pendente,2.0
2026-08-12,317,065-0059-01,C,BANT,2722,Pendente,1.0
2026-08-12,318,065-0059-01,C,BANT,2708,Pendente,1.0
2026-08-12,319,050-1518-00,C,BANT,2719,Pendente,1.0
2026-08-12,320,MS21025-24,C,BANT,2729,Pendente,1.0
2026-08-12,321,S51-14,C,BANT,2703,Pendente,1.0
2026-08-12,322,065-0042-03,C,BANT,2719,Pendente,1.0
2026-08-12,323,A1639-32,C,CLA,2723,Pendente,8.0
2026-08-12,324,B-5096,C,CLA,2723,Pendente,8.0
2026-08-12,325,A1633-72,C,CLA,2723,Pendente,2.0
2026-08-12,326,S3326-2RX,R,BACO,2743,Pendente,1.0
2026-08-12,327,799-1,R,BACO,2743,Pendente,1.0
2026-08-12,328,060-0017-00,R,BANT,2703,Pendente,1.0
2026-08-12,329,060-0017-00,R,BANT,2708,Pendente,1.0
2026-08-12,330,4002HS,C,BABR,2709,Pendente,10.0
2026-08-12,331,83-0057,C,BACG,2727,Pendente,1.0
2026-08-12,332,060-0015-00,C,BANT,2729,Pendente,1.0
2026-08-12,333,065-0042-15,C,BANT,2702,Pendente,1.0
2026-08-12,334,99-223-6B23284,C,BANT,2702,Pendente,1.0
2026-08-12,335,065-0042-15,C,BANT,2703,Pendente,1.0
2026-08-12,336,2610014-1,C,BANT,2719,Pendente,1.0
2026-08-12,337,NAS464P4A10,C,BANT,2719,Pendente,5.0
2026-08-12,338,A4513-1,C,BANT,2729,Pendente,1.0
2026-08-12,339,S1104-3,C,BANT,2719,Pendente,1.0
2026-08-12,340,011-00870-00,R,BAMN,2730,Pendente,1.0
2026-08-12,341,MS3116F8-3S,C,BANT,2729,Pendente,1.0
2026-08-12,342,2611024-1,C,BANT,2703,Pendente,2.0
2026-08-12,343,S2527-1,C,BACO,2743,Pendente,2.0
2026-08-12,344,24RB/EWC,C,BACO,2743,Pendente,3.0
2026-08-12,345,1308,C,BACO,2743,Pendente,1.0
2026-08-12,346,011-00870-00,R,BABE,2739,Pendente,1.0
2026-08-12,347,324843-W020,T,BAMN,2736,Pendente,1.0
2026-08-12,348,011-00870-00,R,BABE,2733,Pendente,1.0
2026-08-12,349,300048-200,T,DACTA II,2742,Pendente,1.0
2026-08-12,350,C668050-1103,C,BABR,2720,Pendente,2.0
2026-08-12,351,C668050-1104,C,BABR,2720,Pendente,1.0
2026-08-12,352,MS21044N9,C,BABE,2731,Pendente,8.0
2026-08-12,353,B3-5-1,C,BABR,2709 / 2720 / 2721,Pendente,3.0
2026-08-12,354,011-00870-10,C,BABE,2733,Pendente,1.0
2026-08-12,355,1633-114,C,CLA,2723,Pendente,3.0
2026-08-12,356,B-5477,C,CLA,2723,Pendente,3.0
2026-08-12,357,A1633-82,C,CLA,2723,Pendente,3.0
2026-08-12,358,MS21044N9,C,CLA,2723,Pendente,16.0
2026-08-12,359,A1639-32,C,BABR,2721,Pendente,9.0
2026-08-12,360,A1633-72,C,BABR,2721,Pendente,3.0
2026-08-12,361,2641010-3,R,BANT,2729,Pendente,1.0
2026-08-13,1,302-039-402,C,BABV,2741,Pendente,1.0
2026-08-13,2,302-039-402,C,BAMN,2740,Pendente,1.0
2026-08-13,3,065-0065-01,T,BANT,2719,Pendente,1.0
2026-08-13,4,NAS1739B4-6,C,BABE,2731,Desconsiderado,100.0
2026-08-13,5,CR2248-4-4,C,BABE,2731,Desconsiderado,100.0
2026-08-13,6,NAS1097AD6-5,C,BABE,2731,Desconsiderado,500.0
2026-08-13,7,NAS1097AD6-4,C,BABE,2731,Desconsiderado,100.0
2026-08-13,8,NAS1097AD5-4,C,BABE,2731,Desconsiderado,1.0
2026-08-13,9,NAS1097AD5-7,C,BABE,2731,Desconsiderado,1.0
2026-08-13,10,NAS1097AD4-3,C,BABE,2731,Desconsiderado,1.0
2026-08-13,11,NAS1097AD3-7,C,BABE,2731,Desconsiderado,50.0
2026-08-13,12,5934PAD-3,R,BABE,2739,Pendente,1.0
2026-08-13,13,068-02800,C,BANT,2722,Pendente,1.0
2026-08-13,14,RA068-02800,C,BANT,2722,Pendente,1.0
2026-08-13,15,MS21442-121,C,BABR,2709,Pendente,2.0
2026-08-13,16,523919,C,BABR,2709,Pendente,2.0
2026-08-13,17,065-0042-03,R,BANT,2722,OK,1.0
2026-08-13,18,AE3663163K0600,C,BANT,2728,Pendente,1.0
2026-08-13,19,MS21044N9,C,BANT,2728 e 2719,Pendente,16.0
2026-08-13,20,MS21044N9,C,BANT,2729,OK,8.0
2026-08-13,21,C145-00-46,C,BABR,2709,OK,1.0
2026-08-13,22,62800-001,T,BABR,2709,OK,1.0
2026-08-13,23,065-0042-15,R,BASM,2708,Pendente,1.0
2026-08-13,24,S3326-2,R,BAMN,*,Pendente,1.0
2026-08-13,25,MS29513-338,C,BANT,2719,Pendente,4.0
2026-08-13,26,030-18200,R,BAMN,2732,OK,1.0
2026-08-13,27,9864054-7,C,BAMN,2740,Pendente,1.0
2026-08-13,28,2606015-2,R,BABR,2720,Pendente,1.0
2026-08-13,29,76-207-12,C,BAMN,2740,Pendente,1.0
2026-08-13,30,MS20007-30,C,BABE,2733,OK,2.0
2026-08-13,31,MS20007-16,C,BABE,2733,Pendente,2.0
2026-08-13,32,B-5121,C,EEAR,2703,OK,1.0
2026-08-13,33,C668050-1104,C,BABR,2709,Pendente,1.0
2026-08-13,34,431-0101-01,C,BABR,2709,OK,1.0
2026-08-13,35,2650026-3,C,BABR,2709,OK,2.0
2026-08-13,36,S2300-12,C,BABR,2709,OK,3.0
2026-08-13,37,S2357-1,C,BABR,2709,OK,10.0
2026-08-13,38,2N6576,C,BABR,2709,OK,3.0
2026-08-13,39,22827-3,C,BABR,2709,OK,10.0
2026-08-13,40,068-02800,C,BABR,2709,Pendente,2.0
2026-08-13,41,2N6576,C,BABR,2709,OK,2.0
2026-08-13,42,060-0015-00,R,BABR,2709,Pendente,1.0
2026-08-13,43,066-4010-10,R,BABR,2709,OK,1.0
2026-08-13,44,011-01020-10,R,BAMN,2740,Pendente,1.0
2026-08-13,45,CM2990-G1,C,BABR,2709,Pendente,4.0
2026-08-13,46,C262023-0107,C,CLA,2723,OK,2.0
2026-08-13,47,2126001-1,C,BAMN,2737,Pendente,1.0
2026-08-13,48,2612035-1,C,BANT,2722,Pendente,1.0
2026-08-13,49,2641012-15,R,BANT,2728,Pendente,1.0
2026-08-13,50,DD2W,C,BACO,2743,Pendente,10.0
2026-08-13,51,S3100-581,C,BAMN,2737,Pendente,1.0
2026-08-13,52,GF5500-81,C,BAMN,2736,Pendente,1.0
2026-08-13,53,088-01132-0002,C,BANT,2728,Pendente,1.0
2026-08-13,54,2641012-14,R,BANT,2719,Pendente,1.0
2026-08-13,55,2641012-9,R,BANT,2719,Pendente,1.0
2026-08-13,56,52283,C,BANT,2719,Pendente,2.0
2026-08-13,57,AE3663162E0120,C,BANT,2723,Pendente,1.0
2026-08-13,58,EA-5175-52-CES,R,BANT,2728,OK,1.0
2026-08-13,59,S3100-630,C,BAMN,2737,Pendente,1.0
2026-08-13,60,2660001-107,C,BANT,2719,Pendente,1.0
2026-08-13,61,2660057-1,C,BANT,2719,Pendente,2.0
2026-08-13,62,2660057-1,C,BANT,2728,Pendente,2.0
2026-08-13,63,A-A-55487-5,C,BANT,2719,Pendente,8.0
2026-08-13,64,S2319-64,C,BACO,2743,Pendente,40.0
2026-08-13,65,060-0017-00,R,BANT,2708,Pendente,1.0
2026-08-13,66,MS3456W12S3S,C,BABR,2709,Pendente,2.0
2026-08-13,67,2682001-1,T,BABE/BANT,2739,OK,1.0
2026-08-13,68,MS3509-28,C,BACG,2727,Pendente,2.0
2026-08-13,69,S2899L0.5,C,BACG,2727,Pendente,1.0
2026-08-13,70,1U149-015-15,R,BACO,2743,Pendente,1.0
2026-08-13,71,AN6289J5,C,BABR,2709,Pendente,2.0
2026-08-13,72,MS17825-3,C,BANT,2728,Pendente,2.0
2026-08-13,73,MS17826-3,C,BANT,2728,Pendente,2.0
2026-08-13,74,200-1902-00,C,BAMN,2736,Pendente,2.0
2026-08-13,75,161-12800,R,BANT,2722 / 2728,Pendente,1.0
2026-08-13,76,162-11800,R,BANT,2722 / 2728,Pendente,3.0
2026-08-13,77,161-11700,R,BANT,2722 / 2728,Pendente,1.0
2026-08-13,78,162-10700,R,BANT,2722 / 2728,Pendente,1.0
2026-08-13,79,CI105-9,C,BANT,2722 / 2728,Pendente,1.0
2026-08-13,80,S2669-1,C,BAMN,2738,Pendente,1.0
2026-08-13,81,MS24694-S54,C,DACTA II,2742,Pendente,1.0
2026-08-13,82,NAS1741-06R8,C,BANT,2722,Pendente,10.0
2026-08-13,83,MS24693-S48,C,BANT,2722,Pendente,50.0
2026-08-13,84,071-1242-06,R,CLA,2723,Pendente,1.0
2026-08-13,85,066-3046-01,R,CLA,2723,Pendente,1.0
2026-08-13,86,C661064-0237,R,BABR,2709,Pendente,1.0
2026-08-13,87,76-207-12,C,BABE,2733,Pendente,1.0
2026-08-13,88,071-1242-06,R,BABR,2709,Pendente,1.0
2026-08-13,89,065-0060-01,R,BANT,2722,Pendente,1.0
2026-08-13,91,069-1025-25,R,BACG,2727,Pendente,1.0
2026-08-13,92,066-3084-32,R,BABR,2709,OK,1.0
2026-08-13,93,SD5H14S6667,R,DACTA II,2742,Pendente,1.0
2026-08-13,94,AN4H3A,C,BACO,2743,Pendente,1.0
2026-08-13,95,2615140-2,C,BACO,2743,Pendente,1.0
2026-08-13,96,430-00032-10,C,BABR,2720,Pendente,1.0
2026-08-13,97,MS24392-10,C,BAMN,2741,OK,1.0
2026-08-13,98,9910586-4,R,BAMN,2740,Pendente,1.0
2026-08-13,99,025323-150,R,BABR,2720,Pendente,1.0
2026-08-13,100,011-00916-00,R,BABE,2739,Pendente,1.0
2026-08-13,101,F222086,C,BABR,2720,Pendente,1.0
2026-08-13,102,4626,C,BACG,2727.0,Pendente,1.0
2026-08-13,103,2601040-3,C,BACG,2727.0,Pendente,1.0
2026-08-13,104,345-6196-04,C,BABE,2733.0,Pendente,1.0
2026-08-13,105,200-01902-0000,C,BAMN,2738,Pendente,1.0
2026-08-13,106,9864054-7,C,BAMN,2738,Pendente,1.0
2026-08-13,107,MS28773-05,C,BABR,2720,Pendente,1.0
2026-08-13,108,MS28773-05,C,BABE,2733,Pendente,1.0
2026-08-13,109,2606015-3,R,BABR,2720,Pendente,1.0
2026-08-13,110,C662041-0102,R,BABR,2720,Pendente,1.0
2026-08-13,111,069-01033-0101,R,BANT,2722,OK,1.0
2026-08-13,112,51539-012N,R,BANT,2719.0,Pendente,1.0
2026-08-13,113,2671000PB1,C,BACG,2727,Pendente,1.0
2026-08-13,114,580-219-154,C,BACO,2743,Pendente,1.0
2026-08-13,115,2650085-15,C,BACO,2743,Pendente,1.0
2026-08-13,116,2652021-80,C,BACO,2743,Pendente,2.0
2026-08-13,117,SL6015-5,C,BACO,2743,Pendente,2.0
2026-08-13,118,MS25171-1S,C,BACO,2743,Pendente,10.0
2026-08-13,119,C-145-450,C,BAMN,2732,Pendente,1.0
2026-08-13,120,K00-00351-00,C,BAMN,2740,Pendente,3.0
2026-08-13,121,9910085-2,R,BANT,2728,Pendente,1.0
2026-08-13,122,D210507,R,BANT,2728,Pendente,1.0
2026-08-13,123,RV05-268,C,BANT,2719,Pendente,1.0
2026-08-13,124,RV05-268,C,BANT,2728,Pendente,1.0
2026-08-13,125,5040033933,R,BABR,2709,Pendente,1.0
2026-08-13,126,1U648-001,C,DACTA II,2742,Pendente,1.0
2026-08-13,127,161-12800,R,BABR,2709,Pendente,1.0
2026-08-13,128,162-11800,R,BABR,2709,Pendente,1.0
2026-08-13,129,302-120-402,C,BABR,2709,Pendente,1.0
2026-08-13,130,850C86-2,C,BABR,2709,Pendente,1.0
2026-08-13,131,AN316-4R,C,BABR,2709,Pendente,6.0
2026-08-13,132,C668540-0102,C,EPCAR,2702,Pendente,1.0
2026-08-13,133,MS20392-1C11,C,BAMN,2730,Pendente,1.0
2026-08-13,134,161-11700,R,DACTA II,2742,Pendente,1.0
2026-08-13,135,162-10700,R,DACTA II,2742,Pendente,1.0
2026-08-13,136,AE3663161E0113,C,DACTA II,2742,Pendente,1.0
2026-08-13,137,ST2231-05,C,BANT,2719 / 2728,Pendente,10.0
2026-08-13,138,NAS561P5-12,C,BANT,2719 / 2728,Pendente,2.0
2026-08-13,139,MS20392-1C11,C,BAMN,2730,Pendente,1.0
2026-08-13,140,2617024-6,C,BABE,2739,Pendente,1.0
2026-08-13,141,P860037,C,BABE,2739,Pendente,1.0
2026-08-13,142,S2655-1,C,BABE,2739,Pendente,1.0
2026-08-13,143,2651022-20-1,R,BABE,2739,Pendente,1.0
2026-08-13,144,AE3663163K0600,C,BABR,2709.0,Pendente,1.0
2026-08-13,145,161-11700,R,BACO,2743,Pendente,1.0
2026-08-13,146,162-10700,R,BACO,2743,Pendente,1.0
2026-08-13,147,2641011-5,R,BACO,2743,Pendente,2.0
2026-08-13,148,C662041-0102,R,BABR,2720,Pendente,2.0
2026-08-13,149,069-01033-0101,R,BABR,2720,Pendente,1.0
2026-08-13,150,S1587-7,C,BABE,2739,Pendente,1.0
2026-08-13,151,161-11700,R,BANT,2719 / 2728,Pendente,2.0
2026-08-13,152,162-10700,R,BANT,2719 / 2728,Pendente,2.0
2026-08-13,153,C352TS,T,DACTA II,2742,OK,1.0
2026-08-13,154,066-3046-07,R,CLA,2723,Pendente,1.0
2026-08-13,155,066-1055-00,R,CLA,2723,Pendente,1.0
2026-08-13,156,065-0041-00,R,CLA,2723,Pendente,1.0
2026-08-13,157,200-01902-0000,C,BABE,2731,Pendente,1.0
2026-08-13,158,AN315C4R,C,BANT,2719,Pendente,2.0
2026-08-13,159,2651024-5,C,BANT,2719,Pendente,2.0
2026-08-13,160,MS20392-2C29,C,BANT,2719,Pendente,1.0
2026-08-13,161,071-1052-00,R,BANT,2728,Pendente,1.0
2026-08-13,162,2651022-20-1,R,BABE,2733,Pendente,1.0
2026-08-13,163,071-1242-06,R,BANT,2728,Pendente,1.0
2026-08-13,164,C661065-0237,R,BANT,2719,Pendente,1.0
2026-08-13,165,2618510-10,T,BANT,2728,Pendente,1.0
2026-08-13,166,071-1242-06,R,BANT,2719,Pendente,1.0
2026-08-13,167,C661030-0301,R,BANT,2719,Pendente,1.0
2026-08-13,168,2651040-2,T,EPCAR,2702,Pendente,1.0
2026-08-13,169,2651022-20-1,T,EPCAR,2702,Pendente,1.0
2026-08-13,170,NAS147-43,C,EPCAR,2702,Pendente,2.0
2026-08-13,171,MS21044N7,C,EPCAR,2702,Pendente,2.0
2026-08-13,172,NAS1149F0732P,C,EPCAR,2702,Pendente,2.0
2026-08-13,173,MS20002C7,C,EPCAR,2702,Pendente,4.0
2026-08-13,174,AN5C12A,C,EPCAR,2702,Pendente,1.0
2026-08-13,175,NAS1149C0563R,C,EPCAR,2702,Pendente,2.0
2026-08-13,176,S1450-5H16-032,C,EPCAR,2702,Pendente,1.0
2026-08-13,177,MS21042L5,C,EPCAR,2702,Pendente,1.0
2026-08-13,178,MS20007-16,C,EPCAR,2702,Pendente,2.0
2026-08-13,179,C352TS,T,BACO,2743,OK,1.0
2026-08-13,180,060-0015-00,R,BANT,2721,Pendente,1.0
2026-08-13,181,065-0030-00,R,BANT,2728,Pendente,1.0
2026-08-13,182,066-3060-00,R,BANT,2708 / 2721,Pendente,2.0
2026-08-13,183,C598505-0303,R,BANT,2728,Pendente,1.0
2026-08-13,184,2606016-17,C,BABR,2720,Pendente,1.0
2026-08-13,185,2606016-17,C,BABR,2720,Pendente,1.0
2026-08-13,186,DCN4-5407,C,BABR,2720,Pendente,50.0
2026-08-13,187,NAS147-97,C,EPCAR,2702,Pendente,1.0
2026-08-13,188,NAS147-84,C,EPCAR,2702,Pendente,2.0
2026-08-13,189,AN363-720,C,EPCAR,2702,Pendente,4.0
2026-08-13,190,MS20007-68,C,EPCAR,2702,Pendente,1.0
2026-08-13,191,9910333-1,C,EPCAR,2702,Pendente,6.0
2026-08-13,192,S3461-64,C,EPCAR,2702,Pendente,1.0
2026-08-13,193,AN310C8,C,EPCAR,2702,Pendente,3.0
2026-08-13,194,AN310C8,C,EPCAR,2702,Pendente,3.0
2026-08-13,195,S3465-2-0160,C,BAMN,2737,Pendente,1.0
2026-08-13,196,069-1025-25,R,CLA,2723,Pendente,1.0
2026-08-13,197,069-01033-0101,R,BABR,2720,Pendente,1.0
2026-08-13,198,901207K1,C,BABE,2739,Pendente,5.0
2026-08-13,199,3240572,C,BABE,2739,Pendente,2.0
2026-08-13,200,AE3663162E0120,C,BANT,2703,Pendente,2.0
2026-08-13,201,AN924-3D,C,BACG,2727,Pendente,4.0
2026-08-13,202,MS28778-3,C,BACG,2727,Pendente,2.0
2026-08-13,203,C661065-0237,R,BABR,2721,Pendente,1.0
2026-08-13,204,9910338-4,R,BABR,2721,Pendente,1.0
2026-08-13,205,2643100-206,R,BANT,2719,Pendente,1.0
2026-08-13,206,2618510-10,T,BANT,2719,Pendente,1.0
2026-08-13,207,066-3084-32,R,BANT,2719,Pendente,1.0
2026-08-13,208,3014226,C,BANT,2719,Pendente,1.0
2026-08-13,209,S1450-4S10-032,C,BANT,2719,Pendente,2.0
2026-08-13,210,MS27975-2,C,BANT,2719,Pendente,2.0
2026-08-13,211,S1021Z8-8,C,BANT,2719,Pendente,6.0
2026-08-13,212,R581559,C,BANT,2719,Pendente,2.0
2026-08-13,213,R581559,C,BANT,2719,Pendente,1.0
2026-08-13,214,R581559,C,BANT,2719,Pendente,1.0
2026-08-13,215,C145-00-46,C,BAMN,2732,Pendente,1.0
2026-08-13,216,U554426,C,BABE,2739,Pendente,60.0
2026-08-13,217,2653019-1,C,BABR,2721,Pendente,1.0
2026-08-13,218,MS35426-27,C,BABR,2721,Pendente,4.0
2026-08-13,219,S1741-1,C,BABR,2721,Pendente,4.0
2026-08-13,220,A1633-72,C,BACO,2742,Pendente,1.0
2026-08-13,221,A1639-32,C,BACO,2742,Pendente,8.0
2026-08-13,222,AN363-720,C,BACO,2742,Pendente,4.0
2026-08-13,223,AS3209-016,C,BACO,2742,Pendente,1.0
2026-08-13,224,DCN4-3807,C,BACO,2742,Pendente,1.0
2026-08-13,225,MS20002C7,C,BACO,2742,Pendente,4.0
2026-08-13,226,MS20007-68,C,BACO,2742,Pendente,1.0
2026-08-13,227,MS28773-05,C,BACO,2742,Pendente,1.0
2026-08-13,228,MS28775-022,C,BACO,2742,Pendente,1.0
2026-08-13,229,MS28778-4,C,BACO,2742,Pendente,1.0
2026-08-13,230,MS29512-08,C,BACO,2742,Pendente,1.0
2026-08-13,231,NAS1149C0763R,C,BACO,2742,Pendente,4.0
2026-08-13,232,NAS147-84,C,BACO,2742,Pendente,2.0
2026-08-13,233,NAS147-97,C,BACO,2742,Pendente,1.0
2026-08-13,234,C598505-0304,C,BANT,FROTA,Pendente,1.0
2026-08-13,235,C598505-0304,C,BANT,FROTA,Pendente,1.0
2026-08-13,236,C598505-0303,C,BANT,FROTA,Pendente,2.0
2026-08-13,237,C598505-0303,C,BANT,FROTA,Pendente,1.0
2026-08-13,238,70-22-01,C,BANT,FROTA,Pendente,2.0
2026-08-13,239,70-22-01,C,BANT,FROTA,Pendente,2.0
2026-08-13,240,066-01141-5101,R,BANT,FROTA,Pendente,1.0
2026-08-13,241,MS35206-247,C,BANT,FROTA,Pendente,20.0
2026-08-13,242,065-0042-15,R,BANT,FROTA,Pendente,1.0
2026-08-13,243,C662041-0102,R,BANT,FROTA,Pendente,1.0
2026-08-13,244,011-00412-00,R,BANT,FROTA,Pendente,1.0
2026-08-13,245,3014227,C,BANT,FROTA,Pendente,1.0
2026-08-13,246,A1633-72,C,BANT,FROTA,Pendente,1.0
2026-08-13,247,066-3084-32,R,BANT,FROTA,Pendente,1.0
2026-08-13,248,AE3663724G0330,C,BANT,FROTA,Pendente,3.0
2026-08-13,249,0541140-1,C,BACG,2727,Pendente,1.0
2026-08-13,250,644-04303416,C,BANT,2719,Pendente,1.0
2026-08-13,251,C668050-1108,C,BABR,2721,Pendente,1.0
2026-08-13,252,2641012-14,T,BABE,2731,Pendente,1.0
2026-08-13,253,S2495-12B0600,C,BACG,2727,Pendente,1.0
2026-08-13,254,2641014-9,T,BABE,2731,Pendente,1.0
2026-08-13,255,S1985-1,C,CLA,2723,Pendente,1.0
2026-08-13,256,S1985-1,C,CLA,2723,Pendente,1.0
2026-08-13,257,200SGL153Q,R,BACO,2743,OK,1.0
2026-08-13,258,9910338-8RX,R,BABR,2721,Pendente,1.0
2026-08-13,259,162-11800,R,BANT,2703,Pendente,2.0
2026-08-13,260,200SGL119Q-2,R,BANT,2722,OK,1.0
2026-08-13,261,2641011-5,T,BANT,2719,Pendente,1.0
2026-08-13,262,452-0133,T,BANT,2728,Pendente,1.0
2026-08-13,263,C352TS,R,BANT,2728,OK,1.0
2026-08-13,264,S3326-2,R,BABE,2731,Pendente,1.0
2026-08-13,265,S2502-3,C,BABE,2731,Pendente,2.0
2026-08-13,266,P860037,C,BABE,2733,Pendente,2.0
2026-08-13,267,AE3663231B0160,C,BAMN,2736 / 2738 / 2741,Pendente,3.0
2026-08-13,268,8210-002-01,R,BABR,2721,Pendente,1.0
2026-08-13,269,DCN4-3807,C,BABR,2721,Pendente,2.0
2026-08-13,270,MS28773-05,C,BABR,2721,Pendente,2.0
2026-08-13,271,1215073-28,C,BABR,2721,Pendente,2.0
2026-08-13,272,9910573-21,C,BABR,2721,Pendente,1.0
2026-08-13,273,3121248-03,R,BABR,2721,Pendente,1.0
2026-08-13,274,5040033933,R,BABR,2709,Pendente,1.0
2026-08-13,275,R581559,C,BABR,2709,Pendente,4.0
2026-08-13,276,S3413-104,C,BABR,2709,Pendente,10.0
2026-08-13,277,S3413-105,C,BABR,2709,Pendente,10.0
2026-08-13,278,S3413-107,C,BABR,2709,Pendente,10.0
2026-08-13,279,S3413-109,C,BABR,2709,Pendente,5.0
2026-08-13,280,S3413-110,C,BABR,2709,Pendente,10.0
2026-08-13,281,S2319-64,C,BABR,2709,Pendente,50.0
2026-08-13,282,S2319-50,C,BABR,2709,Pendente,50.0
2026-08-13,283,B4864,C,BABR,2709,Pendente,1.0
2026-08-13,284,B4940-1,C,BABR,2709,Pendente,1.0
2026-08-13,285,B4940-2,C,BABR,2709,Pendente,10.0
2026-08-13,286,2654012-2,C,BABR,2709,Pendente,1.0
2026-08-13,287,5111602-16,C,BABE,2731,Pendente,67.0
2026-08-13,288,2641032-202,C,BAMN,2741,Pendente,1.0
2026-08-13,289,850C86-2,C,BABR,2709,Pendente,2.0
2026-08-13,290,302-120-402,C,BABR,2709,Pendente,1.0
2026-08-13,291,MS28778-3,C,BAMN,2736,Pendente,6.0
2026-08-13,292,AE3663161E0113,C,BAMN,2736,Pendente,1.0
2026-08-13,293,1414116-7,C,BABE,2739,Pendente,4.0
2026-08-13,294,S1985-1,C,BANT,2708,Pendente,1.0
2026-08-13,295,2270030-12,C,BANT,2708,Pendente,1.0
2026-08-13,296,066-4010-12,R,BANT,2708,Pendente,1.0
2026-08-13,297,3034792,R,DACTA II,2742,Pendente,1.0
2026-08-13,298,3024973,C,DACTA II,2742,Pendente,1.0
2026-08-13,299,M83461/1-012,C,DACTA II,2742,Pendente,1.0
2026-08-13,300,3039937,C,DACTA II,2742,Pendente,1.0
2026-08-13,301,3014227,C,DACTA II,2742,Pendente,1.0
2026-08-13,302,C668050-1108,C,BABE,2723,Pendente,1.0
2026-08-13,303,2522275-1,C,BABE,2723,Pendente,2.0
2026-08-13,304,S2870-1,C,BABE,2723,Pendente,2.0
2026-08-13,305,NSL 1422 B2,C,BABE,2723,Pendente,6.0
2026-08-13,306,AN320-3,C,BABR,2709,Pendente,4.0
2026-08-13,307,2613419-1,C,BABR,2709,Pendente,1.0
2026-08-13,308,AN565B428H4,C,BABR,2709,Pendente,2.0
2026-08-13,309,2662007-4,C,BABR,2709,Pendente,2.0
2026-08-13,310,2662022-1,C,BABR,2709,Pendente,2.0
2026-08-13,311,AN315-3L,C,BABR,2709,Pendente,2.0
2026-08-13,312,B145-78-7,C,BABR,2709,Pendente,1.0
2026-08-13,313,AS5174D1210,C,BAMN,2732,Pendente,1.0
2026-08-13,314,MS24392-10,C,BAMN,2732,Pendente,1.0
2026-08-13,315,An4-17,C,BANT,2729,Pendente,1.0
2026-08-13,316,S1450-6B12-032,C,BANT,2729,Pendente,2.0
2026-08-13,317,065-0059-01,C,BANT,2722,Pendente,1.0
2026-08-13,318,065-0059-01,C,BANT,2708,Pendente,1.0
2026-08-13,319,050-1518-00,C,BANT,2719,Pendente,1.0
2026-08-13,320,MS21025-24,C,BANT,2729,Pendente,1.0
2026-08-13,321,S51-14,C,BANT,2703,Pendente,1.0
2026-08-13,322,065-0042-03,C,BANT,2719,Pendente,1.0
2026-08-13,323,A1639-32,C,CLA,2723,Pendente,8.0
2026-08-13,324,B-5096,C,CLA,2723,Pendente,8.0
2026-08-13,325,A1633-72,C,CLA,2723,Pendente,2.0
2026-08-13,326,S3326-2RX,R,BACO,2743,Pendente,1.0
2026-08-13,327,799-1,R,BACO,2743,Pendente,1.0
2026-08-13,328,060-0017-00,R,BANT,2703,Pendente,1.0
2026-08-13,329,060-0017-00,R,BANT,2708,Pendente,1.0
2026-08-13,330,4002HS,C,BABR,2709,Pendente,10.0
2026-08-13,331,83-0057,C,BACG,2727,Pendente,1.0
2026-08-13,332,060-0015-00,C,BANT,2729,Pendente,1.0
2026-08-13,333,065-0042-15,C,BANT,2702,Pendente,1.0
2026-08-13,334,99-223-6B23284,C,BANT,2702,Pendente,1.0
2026-08-13,335,065-0042-15,C,BANT,2703,Pendente,1.0
2026-08-13,336,2610014-1,C,BANT,2719,Pendente,1.0
2026-08-13,337,NAS464P4A10,C,BANT,2719,Pendente,5.0
2026-08-13,338,A4513-1,C,BANT,2729,Pendente,1.0
2026-08-13,339,S1104-3,C,BANT,2719,Pendente,1.0
2026-08-13,340,011-00870-00,R,BAMN,2730,Pendente,1.0
2026-08-13,341,MS3116F8-3S,C,BANT,2729,Pendente,1.0
2026-08-13,342,2611024-1,C,BANT,2703,Pendente,2.0
2026-08-13,343,S2527-1,C,BACO,2743,Pendente,2.0
2026-08-13,344,24RB/EWC,C,BACO,2743,Pendente,3.0
2026-08-13,345,1308,C,BACO,2743,Pendente,1.0
2026-08-13,346,011-00870-00,R,BABE,2739,Pendente,1.0
2026-08-13,347,324843-W020,T,BAMN,2736,Pendente,1.0
2026-08-13,348,011-00870-00,R,BABE,2733,Pendente,1.0
2026-08-13,349,300048-200,T,DACTA II,2742,Pendente,1.0
2026-08-13,350,C668050-1103,C,BABR,2720,Pendente,2.0
2026-08-13,351,C668050-1104,C,BABR,2720,Pendente,1.0
2026-08-13,352,MS21044N9,C,BABE,2731,Pendente,8.0
2026-08-13,353,B3-5-1,C,BABR,2709 / 2720 / 2721,Pendente,3.0
2026-08-13,354,011-00870-10,C,BABE,2733,Pendente,1.0
2026-08-13,355,1633-114,C,CLA,2723,Pendente,3.0
2026-08-13,356,B-5477,C,CLA,2723,Pendente,3.0
2026-08-13,357,A1633-82,C,CLA,2723,Pendente,3.0
2026-08-13,358,MS21044N9,C,CLA,2723,Pendente,16.0
2026-08-13,359,A1639-32,C,BABR,2721,Pendente,9.0
2026-08-13,360,A1633-72,C,BABR,2721,Pendente,3.0
2026-08-13,361,2641010-3,R,BANT,2729,Pendente,1.0
2026-08-13,362,LM350K,C,BABE,2733,Pendente,4.0
2026-08-13,363,S3060-3H,C,BABE,2733,Pendente,8.0
2026-08-14,1,302-039-402,C,BABV,2741,Pendente,1.0
2026-08-14,2,302-039-402,C,BAMN,2740,Pendente,1.0
2026-08-14,3,065-0065-01,T,BANT,2719,Pendente,1.0
2026-08-14,4,NAS1739B4-6,C,BABE,2731,Desconsiderado,100.0
2026-08-14,5,CR2248-4-4,C,BABE,2731,Desconsiderado,100.0
2026-08-14,6,NAS1097AD6-5,C,BABE,2731,Desconsiderado,500.0
2026-08-14,7,NAS1097AD6-4,C,BABE,2731,Desconsiderado,100.0
2026-08-14,8,NAS1097AD5-4,C,BABE,2731,Desconsiderado,1.0
2026-08-14,9,NAS1097AD5-7,C,BABE,2731,Desconsiderado,1.0
2026-08-14,10,NAS1097AD4-3,C,BABE,2731,Desconsiderado,1.0
2026-08-14,11,NAS1097AD3-7,C,BABE,2731,Desconsiderado,50.0
2026-08-14,12,5934PAD-3,R,BABE,2739,Pendente,1.0
2026-08-14,13,068-02800,C,BANT,2722,Pendente,1.0
2026-08-14,14,RA068-02800,C,BANT,2722,Pendente,1.0
2026-08-14,15,MS21442-121,C,BABR,2709,Pendente,2.0
2026-08-14,16,523919,C,BABR,2709,Pendente,2.0
2026-08-14,17,065-0042-03,R,BANT,2722,OK,1.0
2026-08-14,18,AE3663163K0600,C,BANT,2728,Pendente,1.0
2026-08-14,19,MS21044N9,C,BANT,2728 e 2719,Pendente,16.0
2026-08-14,20,MS21044N9,C,BANT,2729,OK,8.0
2026-08-14,21,C145-00-46,C,BABR,2709,OK,1.0
2026-08-14,22,62800-001,T,BABR,2709,OK,1.0
2026-08-14,23,065-0042-15,R,BASM,2708,Pendente,1.0
2026-08-14,24,S3326-2,R,BAMN,*,Pendente,1.0
2026-08-14,25,MS29513-338,C,BANT,2719,Pendente,4.0
2026-08-14,26,030-18200,R,BAMN,2732,OK,1.0
2026-08-14,27,9864054-7,C,BAMN,2740,Pendente,1.0
2026-08-14,28,2606015-2,R,BABR,2720,Pendente,1.0
2026-08-14,29,76-207-12,C,BAMN,2740,Pendente,1.0
2026-08-14,30,MS20007-30,C,BABE,2733,OK,2.0
2026-08-14,31,MS20007-16,C,BABE,2733,Pendente,2.0
2026-08-14,32,B-5121,C,EEAR,2703,OK,1.0
2026-08-14,33,C668050-1104,C,BABR,2709,Pendente,1.0
2026-08-14,34,431-0101-01,C,BABR,2709,OK,1.0
2026-08-14,35,2650026-3,C,BABR,2709,OK,2.0
2026-08-14,36,S2300-12,C,BABR,2709,OK,3.0
2026-08-14,37,S2357-1,C,BABR,2709,OK,10.0
2026-08-14,38,2N6576,C,BABR,2709,OK,3.0
2026-08-14,39,22827-3,C,BABR,2709,OK,10.0
2026-08-14,40,068-02800,C,BABR,2709,Pendente,2.0
2026-08-14,41,2N6576,C,BABR,2709,OK,2.0
2026-08-14,42,060-0015-00,R,BABR,2709,Pendente,1.0
2026-08-14,43,066-4010-10,R,BABR,2709,OK,1.0
2026-08-14,44,011-01020-10,R,BAMN,2740,Pendente,1.0
2026-08-14,45,CM2990-G1,C,BABR,2709,Pendente,4.0
2026-08-14,46,C262023-0107,C,CLA,2723,OK,2.0
2026-08-14,47,2126001-1,C,BAMN,2737,Pendente,1.0
2026-08-14,48,2612035-1,C,BANT,2722,Pendente,1.0
2026-08-14,49,2641012-15,R,BANT,2728,Pendente,1.0
2026-08-14,50,DD2W,C,BACO,2743,Pendente,10.0
2026-08-14,51,S3100-581,C,BAMN,2737,Pendente,1.0
2026-08-14,52,GF5500-81,C,BAMN,2736,Pendente,1.0
2026-08-14,53,088-01132-0002,C,BANT,2728,Pendente,1.0
2026-08-14,54,2641012-14,R,BANT,2719,Pendente,1.0
2026-08-14,55,2641012-9,R,BANT,2719,Pendente,1.0
2026-08-14,56,52283,C,BANT,2719,Pendente,2.0
2026-08-14,57,AE3663162E0120,C,BANT,2723,Pendente,1.0
2026-08-14,58,EA-5175-52-CES,R,BANT,2728,OK,1.0
2026-08-14,59,S3100-630,C,BAMN,2737,Pendente,1.0
2026-08-14,60,2660001-107,C,BANT,2719,Pendente,1.0
2026-08-14,61,2660057-1,C,BANT,2719,Pendente,2.0
2026-08-14,62,2660057-1,C,BANT,2728,Pendente,2.0
2026-08-14,63,A-A-55487-5,C,BANT,2719,Pendente,8.0
2026-08-14,64,S2319-64,C,BACO,2743,Pendente,40.0
2026-08-14,65,060-0017-00,R,BANT,2708,Pendente,1.0
2026-08-14,66,MS3456W12S3S,C,BABR,2709,Pendente,2.0
2026-08-14,67,2682001-1,T,BABE/BANT,2739,OK,1.0
2026-08-14,68,MS3509-28,C,BACG,2727,Pendente,2.0
2026-08-14,69,S2899L0.5,C,BACG,2727,Pendente,1.0
2026-08-14,70,1U149-015-15,R,BACO,2743,Pendente,1.0
2026-08-14,71,AN6289J5,C,BABR,2709,Pendente,2.0
2026-08-14,72,MS17825-3,C,BANT,2728,Pendente,2.0
2026-08-14,73,MS17826-3,C,BANT,2728,Pendente,2.0
2026-08-14,74,200-1902-00,C,BAMN,2736,Pendente,2.0
2026-08-14,75,161-12800,R,BANT,2722 / 2728,Pendente,1.0
2026-08-14,76,162-11800,R,BANT,2722 / 2728,Pendente,3.0
2026-08-14,77,161-11700,R,BANT,2722 / 2728,Pendente,1.0
2026-08-14,78,162-10700,R,BANT,2722 / 2728,Pendente,1.0
2026-08-14,79,CI105-9,C,BANT,2722 / 2728,Pendente,1.0
2026-08-14,80,S2669-1,C,BAMN,2738,Pendente,1.0
2026-08-14,81,MS24694-S54,C,DACTA II,2742,Pendente,1.0
2026-08-14,82,NAS1741-06R8,C,BANT,2722,Pendente,10.0
2026-08-14,83,MS24693-S48,C,BANT,2722,Pendente,50.0
2026-08-14,84,071-1242-06,R,CLA,2723,Pendente,1.0
2026-08-14,85,066-3046-01,R,CLA,2723,Pendente,1.0
2026-08-14,86,C661064-0237,R,BABR,2709,Pendente,1.0
2026-08-14,87,76-207-12,C,BABE,2733,Pendente,1.0
2026-08-14,88,071-1242-06,R,BABR,2709,Pendente,1.0
2026-08-14,89,065-0060-01,R,BANT,2722,Pendente,1.0
2026-08-14,91,069-1025-25,R,BACG,2727,Pendente,1.0
2026-08-14,92,066-3084-32,R,BABR,2709,OK,1.0
2026-08-14,93,SD5H14S6667,R,DACTA II,2742,Pendente,1.0
2026-08-14,94,AN4H3A,C,BACO,2743,Pendente,1.0
2026-08-14,95,2615140-2,C,BACO,2743,Pendente,1.0
2026-08-14,96,430-00032-10,C,BABR,2720,Pendente,1.0
2026-08-14,97,MS24392-10,C,BAMN,2741,OK,1.0
2026-08-14,98,9910586-4,R,BAMN,2740,Pendente,1.0
2026-08-14,99,025323-150,R,BABR,2720,Pendente,1.0
2026-08-14,100,011-00916-00,R,BABE,2739,Pendente,1.0
2026-08-14,101,F222086,C,BABR,2720,Pendente,1.0
2026-08-14,102,4626,C,BACG,2727.0,Pendente,1.0
2026-08-14,103,2601040-3,C,BACG,2727.0,Pendente,1.0
2026-08-14,104,345-6196-04,C,BABE,2733.0,Pendente,1.0
2026-08-14,105,200-01902-0000,C,BAMN,2738,Pendente,1.0
2026-08-14,106,9864054-7,C,BAMN,2738,Pendente,1.0
2026-08-14,107,MS28773-05,C,BABR,2720,Pendente,1.0
2026-08-14,108,MS28773-05,C,BABE,2733,Pendente,1.0
2026-08-14,109,2606015-3,R,BABR,2720,Pendente,1.0
2026-08-14,110,C662041-0102,R,BABR,2720,Pendente,1.0
2026-08-14,111,069-01033-0101,R,BANT,2722,OK,1.0
2026-08-14,112,51539-012N,R,BANT,2719.0,Pendente,1.0
2026-08-14,113,2671000PB1,C,BACG,2727,Pendente,1.0
2026-08-14,114,580-219-154,C,BACO,2743,Pendente,1.0
2026-08-14,115,2650085-15,C,BACO,2743,Pendente,1.0
2026-08-14,116,2652021-80,C,BACO,2743,Pendente,2.0
2026-08-14,117,SL6015-5,C,BACO,2743,Pendente,2.0
2026-08-14,118,MS25171-1S,C,BACO,2743,Pendente,10.0
2026-08-14,119,C-145-450,C,BAMN,2732,Pendente,1.0
2026-08-14,120,K00-00351-00,C,BAMN,2740,Pendente,3.0
2026-08-14,121,9910085-2,R,BANT,2728,Pendente,1.0
2026-08-14,122,D210507,R,BANT,2728,Pendente,1.0
2026-08-14,123,RV05-268,C,BANT,2719,Pendente,1.0
2026-08-14,124,RV05-268,C,BANT,2728,Pendente,1.0
2026-08-14,125,5040033933,R,BABR,2709,Pendente,1.0
2026-08-14,126,1U648-001,C,DACTA II,2742,Pendente,1.0
2026-08-14,127,161-12800,R,BABR,2709,Pendente,1.0
2026-08-14,128,162-11800,R,BABR,2709,Pendente,1.0
2026-08-14,129,302-120-402,C,BABR,2709,Pendente,1.0
2026-08-14,130,850C86-2,C,BABR,2709,Pendente,1.0
2026-08-14,131,AN316-4R,C,BABR,2709,Pendente,6.0
2026-08-14,132,C668540-0102,C,EPCAR,2702,Pendente,1.0
2026-08-14,133,MS20392-1C11,C,BAMN,2730,Pendente,1.0
2026-08-14,134,161-11700,R,DACTA II,2742,Pendente,1.0
2026-08-14,135,162-10700,R,DACTA II,2742,Pendente,1.0
2026-08-14,136,AE3663161E0113,C,DACTA II,2742,Pendente,1.0
2026-08-14,137,ST2231-05,C,BANT,2719 / 2728,Pendente,10.0
2026-08-14,138,NAS561P5-12,C,BANT,2719 / 2728,Pendente,2.0
2026-08-14,139,MS20392-1C11,C,BAMN,2730,Pendente,1.0
2026-08-14,140,2617024-6,C,BABE,2739,Pendente,1.0
2026-08-14,141,P860037,C,BABE,2739,Pendente,1.0
2026-08-14,142,S2655-1,C,BABE,2739,Pendente,1.0
2026-08-14,143,2651022-20-1,R,BABE,2739,Pendente,1.0
2026-08-14,144,AE3663163K0600,C,BABR,2709.0,Pendente,1.0
2026-08-14,145,161-11700,R,BACO,2743,Pendente,1.0
2026-08-14,146,162-10700,R,BACO,2743,Pendente,1.0
2026-08-14,147,2641011-5,R,BACO,2743,Pendente,2.0
2026-08-14,148,C662041-0102,R,BABR,2720,Pendente,2.0
2026-08-14,149,069-01033-0101,R,BABR,2720,Pendente,1.0
2026-08-14,150,S1587-7,C,BABE,2739,Pendente,1.0
2026-08-14,151,161-11700,R,BANT,2719 / 2728,Pendente,2.0
2026-08-14,152,162-10700,R,BANT,2719 / 2728,Pendente,2.0
2026-08-14,153,C352TS,T,DACTA II,2742,OK,1.0
2026-08-14,154,066-3046-07,R,CLA,2723,Pendente,1.0
2026-08-14,155,066-1055-00,R,CLA,2723,Pendente,1.0
2026-08-14,156,065-0041-00,R,CLA,2723,Pendente,1.0
2026-08-14,157,200-01902-0000,C,BABE,2731,Pendente,1.0
2026-08-14,158,AN315C4R,C,BANT,2719,Pendente,2.0
2026-08-14,159,2651024-5,C,BANT,2719,Pendente,2.0
2026-08-14,160,MS20392-2C29,C,BANT,2719,Pendente,1.0
2026-08-14,161,071-1052-00,R,BANT,2728,Pendente,1.0
2026-08-14,162,2651022-20-1,R,BABE,2733,Pendente,1.0
2026-08-14,163,071-1242-06,R,BANT,2728,Pendente,1.0
2026-08-14,164,C661065-0237,R,BANT,2719,Pendente,1.0
2026-08-14,165,2618510-10,T,BANT,2728,Pendente,1.0
2026-08-14,166,071-1242-06,R,BANT,2719,Pendente,1.0
2026-08-14,167,C661030-0301,R,BANT,2719,Pendente,1.0
2026-08-14,168,2651040-2,T,EPCAR,2702,Pendente,1.0
2026-08-14,169,2651022-20-1,T,EPCAR,2702,Pendente,1.0
2026-08-14,170,NAS147-43,C,EPCAR,2702,Pendente,2.0
2026-08-14,171,MS21044N7,C,EPCAR,2702,Pendente,2.0
2026-08-14,172,NAS1149F0732P,C,EPCAR,2702,Pendente,2.0
2026-08-14,173,MS20002C7,C,EPCAR,2702,Pendente,4.0
2026-08-14,174,AN5C12A,C,EPCAR,2702,Pendente,1.0
2026-08-14,175,NAS1149C0563R,C,EPCAR,2702,Pendente,2.0
2026-08-14,176,S1450-5H16-032,C,EPCAR,2702,Pendente,1.0
2026-08-14,177,MS21042L5,C,EPCAR,2702,Pendente,1.0
2026-08-14,178,MS20007-16,C,EPCAR,2702,Pendente,2.0
2026-08-14,179,C352TS,T,BACO,2743,OK,1.0
2026-08-14,180,060-0015-00,R,BANT,2721,Pendente,1.0
2026-08-14,181,065-0030-00,R,BANT,2728,Pendente,1.0
2026-08-14,182,066-3060-00,R,BANT,2708 / 2721,Pendente,2.0
2026-08-14,183,C598505-0303,R,BANT,2728,Pendente,1.0
2026-08-14,184,2606016-17,C,BABR,2720,Pendente,1.0
2026-08-14,185,2606016-17,C,BABR,2720,Pendente,1.0
2026-08-14,186,DCN4-5407,C,BABR,2720,Pendente,50.0
2026-08-14,187,NAS147-97,C,EPCAR,2702,Pendente,1.0
2026-08-14,188,NAS147-84,C,EPCAR,2702,Pendente,2.0
2026-08-14,189,AN363-720,C,EPCAR,2702,Pendente,4.0
2026-08-14,190,MS20007-68,C,EPCAR,2702,Pendente,1.0
2026-08-14,191,9910333-1,C,EPCAR,2702,Pendente,6.0
2026-08-14,192,S3461-64,C,EPCAR,2702,Pendente,1.0
2026-08-14,193,AN310C8,C,EPCAR,2702,Pendente,3.0
2026-08-14,194,AN310C8,C,EPCAR,2702,Pendente,3.0
2026-08-14,195,S3465-2-0160,C,BAMN,2737,Pendente,1.0
2026-08-14,196,069-1025-25,R,CLA,2723,Pendente,1.0
2026-08-14,197,069-01033-0101,R,BABR,2720,Pendente,1.0
2026-08-14,198,901207K1,C,BABE,2739,Pendente,5.0
2026-08-14,199,3240572,C,BABE,2739,Pendente,2.0
2026-08-14,200,AE3663162E0120,C,BANT,2703,Pendente,2.0
2026-08-14,201,AN924-3D,C,BACG,2727,Pendente,4.0
2026-08-14,202,MS28778-3,C,BACG,2727,Pendente,2.0
2026-08-14,203,C661065-0237,R,BABR,2721,Pendente,1.0
2026-08-14,204,9910338-4,R,BABR,2721,Pendente,1.0
2026-08-14,205,2643100-206,R,BANT,2719,Pendente,1.0
2026-08-14,206,2618510-10,T,BANT,2719,Pendente,1.0
2026-08-14,207,066-3084-32,R,BANT,2719,Pendente,1.0
2026-08-14,208,3014226,C,BANT,2719,Pendente,1.0
2026-08-14,209,S1450-4S10-032,C,BANT,2719,Pendente,2.0
2026-08-14,210,MS27975-2,C,BANT,2719,Pendente,2.0
2026-08-14,211,S1021Z8-8,C,BANT,2719,Pendente,6.0
2026-08-14,212,R581559,C,BANT,2719,Pendente,2.0
2026-08-14,213,R581559,C,BANT,2719,Pendente,1.0
2026-08-14,214,R581559,C,BANT,2719,Pendente,1.0
2026-08-14,215,C145-00-46,C,BAMN,2732,Pendente,1.0
2026-08-14,216,U554426,C,BABE,2739,Pendente,60.0
2026-08-14,217,2653019-1,C,BABR,2721,Pendente,1.0
2026-08-14,218,MS35426-27,C,BABR,2721,Pendente,4.0
2026-08-14,219,S1741-1,C,BABR,2721,Pendente,4.0
2026-08-14,220,A1633-72,C,BACO,2742,Pendente,1.0
2026-08-14,221,A1639-32,C,BACO,2742,Pendente,8.0
2026-08-14,222,AN363-720,C,BACO,2742,Pendente,4.0
2026-08-14,223,AS3209-016,C,BACO,2742,Pendente,1.0
2026-08-14,224,DCN4-3807,C,BACO,2742,Pendente,1.0
2026-08-14,225,MS20002C7,C,BACO,2742,Pendente,4.0
2026-08-14,226,MS20007-68,C,BACO,2742,Pendente,1.0
2026-08-14,227,MS28773-05,C,BACO,2742,Pendente,1.0
2026-08-14,228,MS28775-022,C,BACO,2742,Pendente,1.0
2026-08-14,229,MS28778-4,C,BACO,2742,Pendente,1.0
2026-08-14,230,MS29512-08,C,BACO,2742,Pendente,1.0
2026-08-14,231,NAS1149C0763R,C,BACO,2742,Pendente,4.0
2026-08-14,232,NAS147-84,C,BACO,2742,Pendente,2.0
2026-08-14,233,NAS147-97,C,BACO,2742,Pendente,1.0
2026-08-14,234,C598505-0304,C,BANT,FROTA,Pendente,1.0
2026-08-14,235,C598505-0304,C,BANT,FROTA,Pendente,1.0
2026-08-14,236,C598505-0303,C,BANT,FROTA,Pendente,2.0
2026-08-14,237,C598505-0303,C,BANT,FROTA,Pendente,1.0
2026-08-14,238,70-22-01,C,BANT,FROTA,Pendente,2.0
2026-08-14,239,70-22-01,C,BANT,FROTA,Pendente,2.0
2026-08-14,240,066-01141-5101,R,BANT,FROTA,Pendente,1.0
2026-08-14,241,MS35206-247,C,BANT,FROTA,Pendente,20.0
2026-08-14,242,065-0042-15,R,BANT,FROTA,Pendente,1.0
2026-08-14,243,C662041-0102,R,BANT,FROTA,Pendente,1.0
2026-08-14,244,011-00412-00,R,BANT,FROTA,Pendente,1.0
2026-08-14,245,3014227,C,BANT,FROTA,Pendente,1.0
2026-08-14,246,A1633-72,C,BANT,FROTA,Pendente,1.0
2026-08-14,247,066-3084-32,R,BANT,FROTA,Pendente,1.0
2026-08-14,248,AE3663724G0330,C,BANT,FROTA,Pendente,3.0
2026-08-14,249,0541140-1,C,BACG,2727,Pendente,1.0
2026-08-14,250,644-04303416,C,BANT,2719,Pendente,1.0
2026-08-14,251,C668050-1108,C,BABR,2721,Pendente,1.0
2026-08-14,252,2641012-14,T,BABE,2731,Pendente,1.0
2026-08-14,253,S2495-12B0600,C,BACG,2727,Pendente,1.0
2026-08-14,254,2641014-9,T,BABE,2731,Pendente,1.0
2026-08-14,255,S1985-1,C,CLA,2723,Pendente,1.0
2026-08-14,256,S1985-1,C,CLA,2723,Pendente,1.0
2026-08-14,257,200SGL153Q,R,BACO,2743,OK,1.0
2026-08-14,258,9910338-8RX,R,BABR,2721,Pendente,1.0
2026-08-14,259,162-11800,R,BANT,2703,Pendente,2.0
2026-08-14,260,200SGL119Q-2,R,BANT,2722,OK,1.0
2026-08-14,261,2641011-5,T,BANT,2719,Pendente,1.0
2026-08-14,262,452-0133,T,BANT,2728,Pendente,1.0
2026-08-14,263,C352TS,R,BANT,2728,OK,1.0
2026-08-14,264,S3326-2,R,BABE,2731,Pendente,1.0
2026-08-14,265,S2502-3,C,BABE,2731,Pendente,2.0
2026-08-14,266,P860037,C,BABE,2733,Pendente,2.0
2026-08-14,267,AE3663231B0160,C,BAMN,2736 / 2738 / 2741,Pendente,3.0
2026-08-14,268,8210-002-01,R,BABR,2721,Pendente,1.0
2026-08-14,269,DCN4-3807,C,BABR,2721,Pendente,2.0
2026-08-14,270,MS28773-05,C,BABR,2721,Pendente,2.0
2026-08-14,271,1215073-28,C,BABR,2721,Pendente,2.0
2026-08-14,272,9910573-21,C,BABR,2721,Pendente,1.0
2026-08-14,273,3121248-03,R,BABR,2721,Pendente,1.0
2026-08-14,274,5040033933,R,BABR,2709,Pendente,1.0
2026-08-14,275,R581559,C,BABR,2709,Pendente,4.0
2026-08-14,276,S3413-104,C,BABR,2709,Pendente,10.0
2026-08-14,277,S3413-105,C,BABR,2709,Pendente,10.0
2026-08-14,278,S3413-107,C,BABR,2709,Pendente,10.0
2026-08-14,279,S3413-109,C,BABR,2709,Pendente,5.0
2026-08-14,280,S3413-110,C,BABR,2709,Pendente,10.0
2026-08-14,281,S2319-64,C,BABR,2709,Pendente,50.0
2026-08-14,282,S2319-50,C,BABR,2709,Pendente,50.0
2026-08-14,283,B4864,C,BABR,2709,Pendente,1.0
2026-08-14,284,B4940-1,C,BABR,2709,Pendente,1.0
2026-08-14,285,B4940-2,C,BABR,2709,Pendente,10.0
2026-08-14,286,2654012-2,C,BABR,2709,Pendente,1.0
2026-08-14,287,5111602-16,C,BABE,2731,Pendente,67.0
2026-08-14,288,2641032-202,C,BAMN,2741,Pendente,1.0
2026-08-14,289,850C86-2,C,BABR,2709,Pendente,2.0
2026-08-14,290,302-120-402,C,BABR,2709,Pendente,1.0
2026-08-14,291,MS28778-3,C,BAMN,2736,Pendente,6.0
2026-08-14,292,AE3663161E0113,C,BAMN,2736,Pendente,1.0
2026-08-14,293,1414116-7,C,BABE,2739,Pendente,4.0
2026-08-14,294,S1985-1,C,BANT,2708,Pendente,1.0
2026-08-14,295,2270030-12,C,BANT,2708,Pendente,1.0
2026-08-14,296,066-4010-12,R,BANT,2708,Pendente,1.0
2026-08-14,297,3034792,R,DACTA II,2742,Pendente,1.0
2026-08-14,298,3024973,C,DACTA II,2742,Pendente,1.0
2026-08-14,299,M83461/1-012,C,DACTA II,2742,Pendente,1.0
2026-08-14,300,3039937,C,DACTA II,2742,Pendente,1.0
2026-08-14,301,3014227,C,DACTA II,2742,Pendente,1.0
2026-08-14,302,C668050-1108,C,BABE,2723,Pendente,1.0
2026-08-14,303,2522275-1,C,BABE,2723,Pendente,2.0
2026-08-14,304,S2870-1,C,BABE,2723,Pendente,2.0
2026-08-14,305,NSL 1422 B2,C,BABE,2723,Pendente,6.0
2026-08-14,306,AN320-3,C,BABR,2709,Pendente,4.0
2026-08-14,307,2613419-1,C,BABR,2709,Pendente,1.0
2026-08-14,308,AN565B428H4,C,BABR,2709,Pendente,2.0
2026-08-14,309,2662007-4,C,BABR,2709,Pendente,2.0
2026-08-14,310,2662022-1,C,BABR,2709,Pendente,2.0
2026-08-14,311,AN315-3L,C,BABR,2709,Pendente,2.0
2026-08-14,312,B145-78-7,C,BABR,2709,Pendente,1.0
2026-08-14,313,AS5174D1210,C,BAMN,2732,Pendente,1.0
2026-08-14,314,MS24392-10,C,BAMN,2732,Pendente,1.0
2026-08-14,315,An4-17,C,BANT,2729,Pendente,1.0
2026-08-14,316,S1450-6B12-032,C,BANT,2729,Pendente,2.0
2026-08-14,317,065-0059-01,C,BANT,2722,Pendente,1.0
2026-08-14,318,065-0059-01,C,BANT,2708,Pendente,1.0
2026-08-14,319,050-1518-00,C,BANT,2719,Pendente,1.0
2026-08-14,320,MS21025-24,C,BANT,2729,Pendente,1.0
2026-08-14,321,S51-14,C,BANT,2703,Pendente,1.0
2026-08-14,322,065-0042-03,C,BANT,2719,Pendente,1.0
2026-08-14,323,A1639-32,C,CLA,2723,Pendente,8.0
2026-08-14,324,B-5096,C,CLA,2723,Pendente,8.0
2026-08-14,325,A1633-72,C,CLA,2723,Pendente,2.0
2026-08-14,326,S3326-2RX,R,BACO,2743,Pendente,1.0
2026-08-14,327,799-1,R,BACO,2743,Pendente,1.0
2026-08-14,328,060-0017-00,R,BANT,2703,Pendente,1.0
2026-08-14,329,060-0017-00,R,BANT,2708,Pendente,1.0
2026-08-14,330,4002HS,C,BABR,2709,Pendente,10.0
2026-08-14,331,83-0057,C,BACG,2727,Pendente,1.0
2026-08-14,332,060-0015-00,C,BANT,2729,Pendente,1.0
2026-08-14,333,065-0042-15,C,BANT,2702,Pendente,1.0
2026-08-14,334,99-223-6B23284,C,BANT,2702,Pendente,1.0
2026-08-14,335,065-0042-15,C,BANT,2703,Pendente,1.0
2026-08-14,336,2610014-1,C,BANT,2719,Pendente,1.0
2026-08-14,337,NAS464P4A10,C,BANT,2719,Pendente,5.0
2026-08-14,338,A4513-1,C,BANT,2729,Pendente,1.0
2026-08-14,339,S1104-3,C,BANT,2719,Pendente,1.0
2026-08-14,340,011-00870-00,R,BAMN,2730,Pendente,1.0
2026-08-14,341,MS3116F8-3S,C,BANT,2729,Pendente,1.0
2026-08-14,342,2611024-1,C,BANT,2703,Pendente,2.0
2026-08-14,343,S2527-1,C,BACO,2743,Pendente,2.0
2026-08-14,344,24RB/EWC,C,BACO,2743,Pendente,3.0
2026-08-14,345,1308,C,BACO,2743,Pendente,1.0
2026-08-14,346,011-00870-00,R,BABE,2739,Pendente,1.0
2026-08-14,347,324843-W020,T,BAMN,2736,Pendente,1.0
2026-08-14,348,011-00870-00,R,BABE,2733,Pendente,1.0
2026-08-14,349,300048-200,T,DACTA II,2742,Pendente,1.0
2026-08-14,350,C668050-1103,C,BABR,2720,Pendente,2.0
2026-08-14,351,C668050-1104,C,BABR,2720,Pendente,1.0
2026-08-14,352,MS21044N9,C,BABE,2731,Pendente,8.0
2026-08-14,353,B3-5-1,C,BABR,2709 / 2720 / 2721,Pendente,3.0
2026-08-14,354,011-00870-10,C,BABE,2733,Pendente,1.0
2026-08-14,355,1633-114,C,CLA,2723,Pendente,3.0
2026-08-14,356,B-5477,C,CLA,2723,Pendente,3.0
2026-08-14,357,A1633-82,C,CLA,2723,Pendente,3.0
2026-08-14,358,MS21044N9,C,CLA,2723,Pendente,16.0
2026-08-14,359,A1639-32,C,BABR,2721,Pendente,9.0
2026-08-14,360,A1633-72,C,BABR,2721,Pendente,3.0
2026-08-14,361,2641010-3,R,BANT,2729,Pendente,1.0
2026-08-14,362,LM350K,C,BABE,2733,Pendente,4.0
2026-08-14,363,S3060-3H,C,BABE,2733,Pendente,8.0
2026-08-14,364,060-0015-00,R,BANT,2729,Pendente,1.0
2026-08-14,365,060-0015-00,R,BANT,2708,Pendente,1.0
2026-08-17,1,302-039-402,C,BABV,2741,Pendente,1.0
2026-08-17,2,302-039-402,C,BAMN,2740,Pendente,1.0
2026-08-17,3,065-0065-01,T,BANT,2719,Pendente,1.0
2026-08-17,4,NAS1739B4-6,C,BABE,2731,Desconsiderado,100.0
2026-08-17,5,CR2248-4-4,C,BABE,2731,Desconsiderado,100.0
2026-08-17,6,NAS1097AD6-5,C,BABE,2731,Desconsiderado,500.0
2026-08-17,7,NAS1097AD6-4,C,BABE,2731,Desconsiderado,100.0
2026-08-17,8,NAS1097AD5-4,C,BABE,2731,Desconsiderado,1.0
2026-08-17,9,NAS1097AD5-7,C,BABE,2731,Desconsiderado,1.0
2026-08-17,10,NAS1097AD4-3,C,BABE,2731,Desconsiderado,1.0
2026-08-17,11,NAS1097AD3-7,C,BABE,2731,Desconsiderado,50.0
2026-08-17,12,5934PAD-3,R,BABE,2739,Pendente,1.0
2026-08-17,13,068-02800,C,BANT,2722,Pendente,1.0
2026-08-17,14,RA068-02800,C,BANT,2722,Pendente,1.0
2026-08-17,15,MS21442-121,C,BABR,2709,Pendente,2.0
2026-08-17,16,523919,C,BABR,2709,Pendente,2.0
2026-08-17,17,065-0042-03,R,BANT,2722,OK,1.0
2026-08-17,18,AE3663163K0600,C,BANT,2728,Pendente,1.0
2026-08-17,19,MS21044N9,C,BANT,2728 e 2719,Pendente,16.0
2026-08-17,20,MS21044N9,C,BANT,2729,OK,8.0
2026-08-17,21,C145-00-46,C,BABR,2709,OK,1.0
2026-08-17,22,62800-001,T,BABR,2709,OK,1.0
2026-08-17,23,065-0042-15,R,BASM,2708,Pendente,1.0
2026-08-17,24,S3326-2,R,BAMN,*,Pendente,1.0
2026-08-17,25,MS29513-338,C,BANT,2719,Pendente,4.0
2026-08-17,26,030-18200,R,BAMN,2732,OK,1.0
2026-08-17,27,9864054-7,C,BAMN,2740,Pendente,1.0
2026-08-17,28,2606015-2,R,BABR,2720,Pendente,1.0
2026-08-17,29,76-207-12,C,BAMN,2740,Pendente,1.0
2026-08-17,30,MS20007-30,C,BABE,2733,OK,2.0
2026-08-17,31,MS20007-16,C,BABE,2733,Pendente,2.0
2026-08-17,32,B-5121,C,EEAR,2703,OK,1.0
2026-08-17,33,C668050-1104,C,BABR,2709,Pendente,1.0
2026-08-17,34,431-0101-01,C,BABR,2709,OK,1.0
2026-08-17,35,2650026-3,C,BABR,2709,OK,2.0
2026-08-17,36,S2300-12,C,BABR,2709,OK,3.0
2026-08-17,37,S2357-1,C,BABR,2709,OK,10.0
2026-08-17,38,2N6576,C,BABR,2709,OK,3.0
2026-08-17,39,22827-3,C,BABR,2709,OK,10.0
2026-08-17,40,068-02800,C,BABR,2709,Pendente,2.0
2026-08-17,41,2N6576,C,BABR,2709,OK,2.0
2026-08-17,42,060-0015-00,R,BABR,2709,Pendente,1.0
2026-08-17,43,066-4010-10,R,BABR,2709,OK,1.0
2026-08-17,44,011-01020-10,R,BAMN,2740,Pendente,1.0
2026-08-17,45,CM2990-G1,C,BABR,2709,Pendente,4.0
2026-08-17,46,C262023-0107,C,CLA,2723,OK,2.0
2026-08-17,47,2126001-1,C,BAMN,2737,Pendente,1.0
2026-08-17,48,2612035-1,C,BANT,2722,Pendente,1.0
2026-08-17,49,2641012-15,R,BANT,2728,Pendente,1.0
2026-08-17,50,DD2W,C,BACO,2743,Pendente,10.0
2026-08-17,51,S3100-581,C,BAMN,2737,Pendente,1.0
2026-08-17,52,GF5500-81,C,BAMN,2736,Pendente,1.0
2026-08-17,53,088-01132-0002,C,BANT,2728,Pendente,1.0
2026-08-17,54,2641012-14,R,BANT,2719,Pendente,1.0
2026-08-17,55,2641012-9,R,BANT,2719,Pendente,1.0
2026-08-17,56,52283,C,BANT,2719,Pendente,2.0
2026-08-17,57,AE3663162E0120,C,BANT,2723,Pendente,1.0
2026-08-17,58,EA-5175-52-CES,R,BANT,2728,OK,1.0
2026-08-17,59,S3100-630,C,BAMN,2737,Pendente,1.0
2026-08-17,60,2660001-107,C,BANT,2719,Pendente,1.0
2026-08-17,61,2660057-1,C,BANT,2719,Pendente,2.0
2026-08-17,62,2660057-1,C,BANT,2728,Pendente,2.0
2026-08-17,63,A-A-55487-5,C,BANT,2719,Pendente,8.0
2026-08-17,64,S2319-64,C,BACO,2743,Pendente,40.0
2026-08-17,65,060-0017-00,R,BANT,2708,Pendente,1.0
2026-08-17,66,MS3456W12S3S,C,BABR,2709,Pendente,2.0
2026-08-17,67,2682001-1,T,BABE/BANT,2739,OK,1.0
2026-08-17,68,MS3509-28,C,BACG,2727,Pendente,2.0
2026-08-17,69,S2899L0.5,C,BACG,2727,Pendente,1.0
2026-08-17,70,1U149-015-15,R,BACO,2743,Pendente,1.0
2026-08-17,71,AN6289J5,C,BABR,2709,Pendente,2.0
2026-08-17,72,MS17825-3,C,BANT,2728,Pendente,2.0
2026-08-17,73,MS17826-3,C,BANT,2728,Pendente,2.0
2026-08-17,74,200-1902-00,C,BAMN,2736,Pendente,2.0
2026-08-17,75,161-12800,R,BANT,2722 / 2728,Pendente,1.0
2026-08-17,76,162-11800,R,BANT,2722 / 2728,Pendente,3.0
2026-08-17,77,161-11700,R,BANT,2722 / 2728,Pendente,1.0
2026-08-17,78,162-10700,R,BANT,2722 / 2728,Pendente,1.0
2026-08-17,79,CI105-9,C,BANT,2722 / 2728,Pendente,1.0
2026-08-17,80,S2669-1,C,BAMN,2738,Pendente,1.0
2026-08-17,81,MS24694-S54,C,DACTA II,2742,Pendente,1.0
2026-08-17,82,NAS1741-06R8,C,BANT,2722,Pendente,10.0
2026-08-17,83,MS24693-S48,C,BANT,2722,Pendente,50.0
2026-08-17,84,071-1242-06,R,CLA,2723,Pendente,1.0
2026-08-17,85,066-3046-01,R,CLA,2723,Pendente,1.0
2026-08-17,86,C661064-0237,R,BABR,2709,Pendente,1.0
2026-08-17,87,76-207-12,C,BABE,2733,Pendente,1.0
2026-08-17,88,071-1242-06,R,BABR,2709,Pendente,1.0
2026-08-17,89,065-0060-01,R,BANT,2722,Pendente,1.0
2026-08-17,91,069-1025-25,R,BACG,2727,Pendente,1.0
2026-08-17,92,066-3084-32,R,BABR,2709,OK,1.0
2026-08-17,93,SD5H14S6667,R,DACTA II,2742,Pendente,1.0
2026-08-17,94,AN4H3A,C,BACO,2743,Pendente,1.0
2026-08-17,95,2615140-2,C,BACO,2743,Pendente,1.0
2026-08-17,96,430-00032-10,C,BABR,2720,Pendente,1.0
2026-08-17,97,MS24392-10,C,BAMN,2741,OK,1.0
2026-08-17,98,9910586-4,R,BAMN,2740,Pendente,1.0
2026-08-17,99,025323-150,R,BABR,2720,Pendente,1.0
2026-08-17,100,011-00916-00,R,BABE,2739,Pendente,1.0
2026-08-17,101,F222086,C,BABR,2720,Pendente,1.0
2026-08-17,102,4626,C,BACG,2727.0,Pendente,1.0
2026-08-17,103,2601040-3,C,BACG,2727.0,Pendente,1.0
2026-08-17,104,345-6196-04,C,BABE,2733.0,Pendente,1.0
2026-08-17,105,200-01902-0000,C,BAMN,2738,Pendente,1.0
2026-08-17,106,9864054-7,C,BAMN,2738,Pendente,1.0
2026-08-17,107,MS28773-05,C,BABR,2720,Pendente,1.0
2026-08-17,108,MS28773-05,C,BABE,2733,Pendente,1.0
2026-08-17,109,2606015-3,R,BABR,2720,Pendente,1.0
2026-08-17,110,C662041-0102,R,BABR,2720,Pendente,1.0
2026-08-17,111,069-01033-0101,R,BANT,2722,OK,1.0
2026-08-17,112,51539-012N,R,BANT,2719.0,Pendente,1.0
2026-08-17,113,2671000PB1,C,BACG,2727,Pendente,1.0
2026-08-17,114,580-219-154,C,BACO,2743,Pendente,1.0
2026-08-17,115,2650085-15,C,BACO,2743,Pendente,1.0
2026-08-17,116,2652021-80,C,BACO,2743,Pendente,2.0
2026-08-17,117,SL6015-5,C,BACO,2743,Pendente,2.0
2026-08-17,118,MS25171-1S,C,BACO,2743,Pendente,10.0
2026-08-17,119,C-145-450,C,BAMN,2732,Pendente,1.0
2026-08-17,120,K00-00351-00,C,BAMN,2740,Pendente,3.0
2026-08-17,121,9910085-2,R,BANT,2728,Pendente,1.0
2026-08-17,122,D210507,R,BANT,2728,Pendente,1.0
2026-08-17,123,RV05-268,C,BANT,2719,Pendente,1.0
2026-08-17,124,RV05-268,C,BANT,2728,Pendente,1.0
2026-08-17,125,5040033933,R,BABR,2709,Pendente,1.0
2026-08-17,126,1U648-001,C,DACTA II,2742,Pendente,1.0
2026-08-17,127,161-12800,R,BABR,2709,Pendente,1.0
2026-08-17,128,162-11800,R,BABR,2709,Pendente,1.0
2026-08-17,129,302-120-402,C,BABR,2709,Pendente,1.0
2026-08-17,130,850C86-2,C,BABR,2709,Pendente,1.0
2026-08-17,131,AN316-4R,C,BABR,2709,Pendente,6.0
2026-08-17,132,C668540-0102,C,EPCAR,2702,Pendente,1.0
2026-08-17,133,MS20392-1C11,C,BAMN,2730,Pendente,1.0
2026-08-17,134,161-11700,R,DACTA II,2742,Pendente,1.0
2026-08-17,135,162-10700,R,DACTA II,2742,Pendente,1.0
2026-08-17,136,AE3663161E0113,C,DACTA II,2742,Pendente,1.0
2026-08-17,137,ST2231-05,C,BANT,2719 / 2728,Pendente,10.0
2026-08-17,138,NAS561P5-12,C,BANT,2719 / 2728,Pendente,2.0
2026-08-17,139,MS20392-1C11,C,BAMN,2730,Pendente,1.0
2026-08-17,140,2617024-6,C,BABE,2739,Pendente,1.0
2026-08-17,141,P860037,C,BABE,2739,Pendente,1.0
2026-08-17,142,S2655-1,C,BABE,2739,Pendente,1.0
2026-08-17,143,2651022-20-1,R,BABE,2739,Pendente,1.0
2026-08-17,144,AE3663163K0600,C,BABR,2709.0,Pendente,1.0
2026-08-17,145,161-11700,R,BACO,2743,Pendente,1.0
2026-08-17,146,162-10700,R,BACO,2743,Pendente,1.0
2026-08-17,147,2641011-5,R,BACO,2743,Pendente,2.0
2026-08-17,148,C662041-0102,R,BABR,2720,Pendente,2.0
2026-08-17,149,069-01033-0101,R,BABR,2720,Pendente,1.0
2026-08-17,150,S1587-7,C,BABE,2739,Pendente,1.0
2026-08-17,151,161-11700,R,BANT,2719 / 2728,Pendente,2.0
2026-08-17,152,162-10700,R,BANT,2719 / 2728,Pendente,2.0
2026-08-17,153,C352TS,T,DACTA II,2742,OK,1.0
2026-08-17,154,066-3046-07,R,CLA,2723,Pendente,1.0
2026-08-17,155,066-1055-00,R,CLA,2723,Pendente,1.0
2026-08-17,156,065-0041-00,R,CLA,2723,Pendente,1.0
2026-08-17,157,200-01902-0000,C,BABE,2731,Pendente,1.0
2026-08-17,158,AN315C4R,C,BANT,2719,Pendente,2.0
2026-08-17,159,2651024-5,C,BANT,2719,Pendente,2.0
2026-08-17,160,MS20392-2C29,C,BANT,2719,Pendente,1.0
2026-08-17,161,071-1052-00,R,BANT,2728,Pendente,1.0
2026-08-17,162,2651022-20-1,R,BABE,2733,Pendente,1.0
2026-08-17,163,071-1242-06,R,BANT,2728,Pendente,1.0
2026-08-17,164,C661065-0237,R,BANT,2719,Pendente,1.0
2026-08-17,165,2618510-10,T,BANT,2728,Pendente,1.0
2026-08-17,166,071-1242-06,R,BANT,2719,Pendente,1.0
2026-08-17,167,C661030-0301,R,BANT,2719,Pendente,1.0
2026-08-17,168,2651040-2,T,EPCAR,2702,Pendente,1.0
2026-08-17,169,2651022-20-1,T,EPCAR,2702,Pendente,1.0
2026-08-17,170,NAS147-43,C,EPCAR,2702,Pendente,2.0
2026-08-17,171,MS21044N7,C,EPCAR,2702,Pendente,2.0
2026-08-17,172,NAS1149F0732P,C,EPCAR,2702,Pendente,2.0
2026-08-17,173,MS20002C7,C,EPCAR,2702,Pendente,4.0
2026-08-17,174,AN5C12A,C,EPCAR,2702,Pendente,1.0
2026-08-17,175,NAS1149C0563R,C,EPCAR,2702,Pendente,2.0
2026-08-17,176,S1450-5H16-032,C,EPCAR,2702,Pendente,1.0
2026-08-17,177,MS21042L5,C,EPCAR,2702,Pendente,1.0
2026-08-17,178,MS20007-16,C,EPCAR,2702,Pendente,2.0
2026-08-17,179,C352TS,T,BACO,2743,OK,1.0
2026-08-17,180,060-0015-00,R,BANT,2721,Pendente,1.0
2026-08-17,181,065-0030-00,R,BANT,2728,Pendente,1.0
2026-08-17,182,066-3060-00,R,BANT,2708 / 2721,Pendente,2.0
2026-08-17,183,C598505-0303,R,BANT,2728,Pendente,1.0
2026-08-17,184,2606016-17,C,BABR,2720,Pendente,1.0
2026-08-17,185,2606016-17,C,BABR,2720,Pendente,1.0
2026-08-17,186,DCN4-5407,C,BABR,2720,Pendente,50.0
2026-08-17,187,NAS147-97,C,EPCAR,2702,Pendente,1.0
2026-08-17,188,NAS147-84,C,EPCAR,2702,Pendente,2.0
2026-08-17,189,AN363-720,C,EPCAR,2702,Pendente,4.0
2026-08-17,190,MS20007-68,C,EPCAR,2702,Pendente,1.0
2026-08-17,191,9910333-1,C,EPCAR,2702,Pendente,6.0
2026-08-17,192,S3461-64,C,EPCAR,2702,Pendente,1.0
2026-08-17,193,AN310C8,C,EPCAR,2702,Pendente,3.0
2026-08-17,194,AN310C8,C,EPCAR,2702,Pendente,3.0
2026-08-17,195,S3465-2-0160,C,BAMN,2737,Pendente,1.0
2026-08-17,196,069-1025-25,R,CLA,2723,Pendente,1.0
2026-08-17,197,069-01033-0101,R,BABR,2720,Pendente,1.0
2026-08-17,198,901207K1,C,BABE,2739,Pendente,5.0
2026-08-17,199,3240572,C,BABE,2739,Pendente,2.0
2026-08-17,200,AE3663162E0120,C,BANT,2703,Pendente,2.0
2026-08-17,201,AN924-3D,C,BACG,2727,Pendente,4.0
2026-08-17,202,MS28778-3,C,BACG,2727,Pendente,2.0
2026-08-17,203,C661065-0237,R,BABR,2721,Pendente,1.0
2026-08-17,204,9910338-4,R,BABR,2721,Pendente,1.0
2026-08-17,205,2643100-206,R,BANT,2719,Pendente,1.0
2026-08-17,206,2618510-10,T,BANT,2719,Pendente,1.0
2026-08-17,207,066-3084-32,R,BANT,2719,Pendente,1.0
2026-08-17,208,3014226,C,BANT,2719,Pendente,1.0
2026-08-17,209,S1450-4S10-032,C,BANT,2719,Pendente,2.0
2026-08-17,210,MS27975-2,C,BANT,2719,Pendente,2.0
2026-08-17,211,S1021Z8-8,C,BANT,2719,Pendente,6.0
2026-08-17,212,R581559,C,BANT,2719,Pendente,2.0
2026-08-17,213,R581559,C,BANT,2719,Pendente,1.0
2026-08-17,214,R581559,C,BANT,2719,Pendente,1.0
2026-08-17,215,C145-00-46,C,BAMN,2732,Pendente,1.0
2026-08-17,216,U554426,C,BABE,2739,Pendente,60.0
2026-08-17,217,2653019-1,C,BABR,2721,Pendente,1.0
2026-08-17,218,MS35426-27,C,BABR,2721,Pendente,4.0
2026-08-17,219,S1741-1,C,BABR,2721,Pendente,4.0
2026-08-17,220,A1633-72,C,BACO,2742,Pendente,1.0
2026-08-17,221,A1639-32,C,BACO,2742,Pendente,8.0
2026-08-17,222,AN363-720,C,BACO,2742,Pendente,4.0
2026-08-17,223,AS3209-016,C,BACO,2742,Pendente,1.0
2026-08-17,224,DCN4-3807,C,BACO,2742,Pendente,1.0
2026-08-17,225,MS20002C7,C,BACO,2742,Pendente,4.0
2026-08-17,226,MS20007-68,C,BACO,2742,Pendente,1.0
2026-08-17,227,MS28773-05,C,BACO,2742,Pendente,1.0
2026-08-17,228,MS28775-022,C,BACO,2742,Pendente,1.0
2026-08-17,229,MS28778-4,C,BACO,2742,Pendente,1.0
2026-08-17,230,MS29512-08,C,BACO,2742,Pendente,1.0
2026-08-17,231,NAS1149C0763R,C,BACO,2742,Pendente,4.0
2026-08-17,232,NAS147-84,C,BACO,2742,Pendente,2.0
2026-08-17,233,NAS147-97,C,BACO,2742,Pendente,1.0
2026-08-17,234,C598505-0304,C,BANT,FROTA,Pendente,1.0
2026-08-17,235,C598505-0304,C,BANT,FROTA,Pendente,1.0
2026-08-17,236,C598505-0303,C,BANT,FROTA,Pendente,2.0
2026-08-17,237,C598505-0303,C,BANT,FROTA,Pendente,1.0
2026-08-17,238,70-22-01,C,BANT,FROTA,Pendente,2.0
2026-08-17,239,70-22-01,C,BANT,FROTA,Pendente,2.0
2026-08-17,240,066-01141-5101,R,BANT,FROTA,Pendente,1.0
2026-08-17,241,MS35206-247,C,BANT,FROTA,Pendente,20.0
2026-08-17,242,065-0042-15,R,BANT,FROTA,Pendente,1.0
2026-08-17,243,C662041-0102,R,BANT,FROTA,Pendente,1.0
2026-08-17,244,011-00412-00,R,BANT,FROTA,Pendente,1.0
2026-08-17,245,3014227,C,BANT,FROTA,Pendente,1.0
2026-08-17,246,A1633-72,C,BANT,FROTA,Pendente,1.0
2026-08-17,247,066-3084-32,R,BANT,FROTA,Pendente,1.0
2026-08-17,248,AE3663724G0330,C,BANT,FROTA,Pendente,3.0
2026-08-17,249,0541140-1,C,BACG,2727,Pendente,1.0
2026-08-17,250,644-04303416,C,BANT,2719,Pendente,1.0
2026-08-17,251,C668050-1108,C,BABR,2721,Pendente,1.0
2026-08-17,252,2641012-14,T,BABE,2731,Pendente,1.0
2026-08-17,253,S2495-12B0600,C,BACG,2727,Pendente,1.0
2026-08-17,254,2641014-9,T,BABE,2731,Pendente,1.0
2026-08-17,255,S1985-1,C,CLA,2723,Pendente,1.0
2026-08-17,256,S1985-1,C,CLA,2723,Pendente,1.0
2026-08-17,257,200SGL153Q,R,BACO,2743,OK,1.0
2026-08-17,258,9910338-8RX,R,BABR,2721,Pendente,1.0
2026-08-17,259,162-11800,R,BANT,2703,Pendente,2.0
2026-08-17,260,200SGL119Q-2,R,BANT,2722,OK,1.0
2026-08-17,261,2641011-5,T,BANT,2719,Pendente,1.0
2026-08-17,262,452-0133,T,BANT,2728,Pendente,1.0
2026-08-17,263,C352TS,R,BANT,2728,OK,1.0
2026-08-17,264,S3326-2,R,BABE,2731,Pendente,1.0
2026-08-17,265,S2502-3,C,BABE,2731,Pendente,2.0
2026-08-17,266,P860037,C,BABE,2733,Pendente,2.0
2026-08-17,267,AE3663231B0160,C,BAMN,2736 / 2738 / 2741,Pendente,3.0
2026-08-17,268,8210-002-01,R,BABR,2721,Pendente,1.0
2026-08-17,269,DCN4-3807,C,BABR,2721,Pendente,2.0
2026-08-17,270,MS28773-05,C,BABR,2721,Pendente,2.0
2026-08-17,271,1215073-28,C,BABR,2721,Pendente,2.0
2026-08-17,272,9910573-21,C,BABR,2721,Pendente,1.0
2026-08-17,273,3121248-03,R,BABR,2721,Pendente,1.0
2026-08-17,274,5040033933,R,BABR,2709,Pendente,1.0
2026-08-17,275,R581559,C,BABR,2709,Pendente,4.0
2026-08-17,276,S3413-104,C,BABR,2709,Pendente,10.0
2026-08-17,277,S3413-105,C,BABR,2709,Pendente,10.0
2026-08-17,278,S3413-107,C,BABR,2709,Pendente,10.0
2026-08-17,279,S3413-109,C,BABR,2709,Pendente,5.0
2026-08-17,280,S3413-110,C,BABR,2709,Pendente,10.0
2026-08-17,281,S2319-64,C,BABR,2709,Pendente,50.0
2026-08-17,282,S2319-50,C,BABR,2709,Pendente,50.0
2026-08-17,283,B4864,C,BABR,2709,Pendente,1.0
2026-08-17,284,B4940-1,C,BABR,2709,Pendente,1.0
2026-08-17,285,B4940-2,C,BABR,2709,Pendente,10.0
2026-08-17,286,2654012-2,C,BABR,2709,Pendente,1.0
2026-08-17,287,5111602-16,C,BABE,2731,Pendente,67.0
2026-08-17,288,2641032-202,C,BAMN,2741,Pendente,1.0
2026-08-17,289,850C86-2,C,BABR,2709,Pendente,2.0
2026-08-17,290,302-120-402,C,BABR,2709,Pendente,1.0
2026-08-17,291,MS28778-3,C,BAMN,2736,Pendente,6.0
2026-08-17,292,AE3663161E0113,C,BAMN,2736,Pendente,1.0
2026-08-17,293,1414116-7,C,BABE,2739,Pendente,4.0
2026-08-17,294,S1985-1,C,BANT,2708,Pendente,1.0
2026-08-17,295,2270030-12,C,BANT,2708,Pendente,1.0
2026-08-17,296,066-4010-12,R,BANT,2708,Pendente,1.0
2026-08-17,297,3034792,R,DACTA II,2742,Pendente,1.0
2026-08-17,298,3024973,C,DACTA II,2742,Pendente,1.0
2026-08-17,299,M83461/1-012,C,DACTA II,2742,Pendente,1.0
2026-08-17,300,3039937,C,DACTA II,2742,Pendente,1.0
2026-08-17,301,3014227,C,DACTA II,2742,Pendente,1.0
2026-08-17,302,C668050-1108,C,BABE,2723,Pendente,1.0
2026-08-17,303,2522275-1,C,BABE,2723,Pendente,2.0
2026-08-17,304,S2870-1,C,BABE,2723,Pendente,2.0
2026-08-17,305,NSL 1422 B2,C,BABE,2723,Pendente,6.0
2026-08-17,306,AN320-3,C,BABR,2709,Pendente,4.0
2026-08-17,307,2613419-1,C,BABR,2709,Pendente,1.0
2026-08-17,308,AN565B428H4,C,BABR,2709,Pendente,2.0
2026-08-17,309,2662007-4,C,BABR,2709,Pendente,2.0
2026-08-17,310,2662022-1,C,BABR,2709,Pendente,2.0
2026-08-17,311,AN315-3L,C,BABR,2709,Pendente,2.0
2026-08-17,312,B145-78-7,C,BABR,2709,Pendente,1.0
2026-08-17,313,AS5174D1210,C,BAMN,2732,Pendente,1.0
2026-08-17,314,MS24392-10,C,BAMN,2732,Pendente,1.0
2026-08-17,315,An4-17,C,BANT,2729,Pendente,1.0
2026-08-17,316,S1450-6B12-032,C,BANT,2729,Pendente,2.0
2026-08-17,317,065-0059-01,C,BANT,2722,Pendente,1.0
2026-08-17,318,065-0059-01,C,BANT,2708,Pendente,1.0
2026-08-17,319,050-1518-00,C,BANT,2719,Pendente,1.0
2026-08-17,320,MS21025-24,C,BANT,2729,Pendente,1.0
2026-08-17,321,S51-14,C,BANT,2703,Pendente,1.0
2026-08-17,322,065-0042-03,C,BANT,2719,Pendente,1.0
2026-08-17,323,A1639-32,C,CLA,2723,Pendente,8.0
2026-08-17,324,B-5096,C,CLA,2723,Pendente,8.0
2026-08-17,325,A1633-72,C,CLA,2723,Pendente,2.0
2026-08-17,326,S3326-2RX,R,BACO,2743,Pendente,1.0
2026-08-17,327,799-1,R,BACO,2743,Pendente,1.0
2026-08-17,328,060-0017-00,R,BANT,2703,Pendente,1.0
2026-08-17,329,060-0017-00,R,BANT,2708,Pendente,1.0
2026-08-17,330,4002HS,C,BABR,2709,Pendente,10.0
2026-08-17,331,83-0057,C,BACG,2727,Pendente,1.0
2026-08-17,332,060-0015-00,C,BANT,2729,Pendente,1.0
2026-08-17,333,065-0042-15,C,BANT,2702,Pendente,1.0
2026-08-17,334,99-223-6B23284,C,BANT,2702,Pendente,1.0
2026-08-17,335,065-0042-15,C,BANT,2703,Pendente,1.0
2026-08-17,336,2610014-1,C,BANT,2719,Pendente,1.0
2026-08-17,337,NAS464P4A10,C,BANT,2719,Pendente,5.0
2026-08-17,338,A4513-1,C,BANT,2729,Pendente,1.0
2026-08-17,339,S1104-3,C,BANT,2719,Pendente,1.0
2026-08-17,340,011-00870-00,R,BAMN,2730,Pendente,1.0
2026-08-17,341,MS3116F8-3S,C,BANT,2729,Pendente,1.0
2026-08-17,342,2611024-1,C,BANT,2703,Pendente,2.0
2026-08-17,343,S2527-1,C,BACO,2743,Pendente,2.0
2026-08-17,344,24RB/EWC,C,BACO,2743,Pendente,3.0
2026-08-17,345,1308,C,BACO,2743,Pendente,1.0
2026-08-17,346,011-00870-00,R,BABE,2739,Pendente,1.0
2026-08-17,347,324843-W020,T,BAMN,2736,Pendente,1.0
2026-08-17,348,011-00870-00,R,BABE,2733,Pendente,1.0
2026-08-17,349,300048-200,T,DACTA II,2742,Pendente,1.0
2026-08-17,350,C668050-1103,C,BABR,2720,Pendente,2.0
2026-08-17,351,C668050-1104,C,BABR,2720,Pendente,1.0
2026-08-17,352,MS21044N9,C,BABE,2731,Pendente,8.0
2026-08-17,353,B3-5-1,C,BABR,2709 / 2720 / 2721,Pendente,3.0
2026-08-17,354,011-00870-10,C,BABE,2733,Pendente,1.0
2026-08-17,355,1633-114,C,CLA,2723,Pendente,3.0
2026-08-17,356,B-5477,C,CLA,2723,Pendente,3.0
2026-08-17,357,A1633-82,C,CLA,2723,Pendente,3.0
2026-08-17,358,MS21044N9,C,CLA,2723,Pendente,16.0
2026-08-17,359,A1639-32,C,BABR,2721,Pendente,9.0
2026-08-17,360,A1633-72,C,BABR,2721,Pendente,3.0
2026-08-17,361,2641010-3,R,BANT,2729,Pendente,1.0
2026-08-17,362,LM350K,C,BABE,2733,Pendente,4.0
2026-08-17,363,S3060-3H,C,BABE,2733,Pendente,8.0
2026-08-17,364,060-0015-00,R,BANT,2729,Pendente,1.0
2026-08-17,365,060-0015-00,R,BANT,2708,Pendente,1.0
2026-08-17,366,C662504-0101,R,BABR,2720,Pendente,1.0
2026-08-18,1,302-039-402,C,BABV,2741,Pendente,1.0
2026-08-18,2,302-039-402,C,BAMN,2740,Pendente,1.0
2026-08-18,3,065-0065-01,T,BANT,2719,Pendente,1.0
2026-08-18,4,NAS1739B4-6,C,BABE,2731,Desconsiderado,100.0
2026-08-18,5,CR2248-4-4,C,BABE,2731,Desconsiderado,100.0
2026-08-18,6,NAS1097AD6-5,C,BABE,2731,Desconsiderado,500.0
2026-08-18,7,NAS1097AD6-4,C,BABE,2731,Desconsiderado,100.0
2026-08-18,8,NAS1097AD5-4,C,BABE,2731,Desconsiderado,1.0
2026-08-18,9,NAS1097AD5-7,C,BABE,2731,Desconsiderado,1.0
2026-08-18,10,NAS1097AD4-3,C,BABE,2731,Desconsiderado,1.0
2026-08-18,11,NAS1097AD3-7,C,BABE,2731,Desconsiderado,50.0
2026-08-18,12,5934PAD-3,R,BABE,2739,Pendente,1.0
2026-08-18,13,068-02800,C,BANT,2722,Pendente,1.0
2026-08-18,14,RA068-02800,C,BANT,2722,Pendente,1.0
2026-08-18,15,MS21442-121,C,BABR,2709,Pendente,2.0
2026-08-18,16,523919,C,BABR,2709,Pendente,2.0
2026-08-18,17,065-0042-03,R,BANT,2722,OK,1.0
2026-08-18,18,AE3663163K0600,C,BANT,2728,Pendente,1.0
2026-08-18,19,MS21044N9,C,BANT,2728 e 2719,Pendente,16.0
2026-08-18,20,MS21044N9,C,BANT,2729,OK,8.0
2026-08-18,21,C145-00-46,C,BABR,2709,OK,1.0
2026-08-18,22,62800-001,T,BABR,2709,OK,1.0
2026-08-18,23,065-0042-15,R,BASM,2708,Pendente,1.0
2026-08-18,24,S3326-2,R,BAMN,*,Pendente,1.0
2026-08-18,25,MS29513-338,C,BANT,2719,Pendente,4.0
2026-08-18,26,030-18200,R,BAMN,2732,OK,1.0
2026-08-18,27,9864054-7,C,BAMN,2740,Pendente,1.0
2026-08-18,28,2606015-2,R,BABR,2720,Pendente,1.0
2026-08-18,29,76-207-12,C,BAMN,2740,Pendente,1.0
2026-08-18,30,MS20007-30,C,BABE,2733,OK,2.0
2026-08-18,31,MS20007-16,C,BABE,2733,Pendente,2.0
2026-08-18,32,B-5121,C,EEAR,2703,OK,1.0
2026-08-18,33,C668050-1104,C,BABR,2709,Pendente,1.0
2026-08-18,34,431-0101-01,C,BABR,2709,OK,1.0
2026-08-18,35,2650026-3,C,BABR,2709,OK,2.0
2026-08-18,36,S2300-12,C,BABR,2709,OK,3.0
2026-08-18,37,S2357-1,C,BABR,2709,OK,10.0
2026-08-18,38,2N6576,C,BABR,2709,OK,3.0
2026-08-18,39,22827-3,C,BABR,2709,OK,10.0
2026-08-18,40,068-02800,C,BABR,2709,Pendente,2.0
2026-08-18,41,2N6576,C,BABR,2709,OK,2.0
2026-08-18,42,060-0015-00,R,BABR,2709,Pendente,1.0
2026-08-18,43,066-4010-10,R,BABR,2709,OK,1.0
2026-08-18,44,011-01020-10,R,BAMN,2740,Pendente,1.0
2026-08-18,45,CM2990-G1,C,BABR,2709,Pendente,4.0
2026-08-18,46,C262023-0107,C,CLA,2723,OK,2.0
2026-08-18,47,2126001-1,C,BAMN,2737,Pendente,1.0
2026-08-18,48,2612035-1,C,BANT,2722,Pendente,1.0
2026-08-18,49,2641012-15,R,BANT,2728,Pendente,1.0
2026-08-18,50,DD2W,C,BACO,2743,Pendente,10.0
2026-08-18,51,S3100-581,C,BAMN,2737,Pendente,1.0
2026-08-18,52,GF5500-81,C,BAMN,2736,Pendente,1.0
2026-08-18,53,088-01132-0002,C,BANT,2728,Pendente,1.0
2026-08-18,54,2641012-14,R,BANT,2719,Pendente,1.0
2026-08-18,55,2641012-9,R,BANT,2719,Pendente,1.0
2026-08-18,56,52283,C,BANT,2719,Pendente,2.0
2026-08-18,57,AE3663162E0120,C,BANT,2723,Pendente,1.0
2026-08-18,58,EA-5175-52-CES,R,BANT,2728,OK,1.0
2026-08-18,59,S3100-630,C,BAMN,2737,Pendente,1.0
2026-08-18,60,2660001-107,C,BANT,2719,Pendente,1.0
2026-08-18,61,2660057-1,C,BANT,2719,Pendente,2.0
2026-08-18,62,2660057-1,C,BANT,2728,Pendente,2.0
2026-08-18,63,A-A-55487-5,C,BANT,2719,Pendente,8.0
2026-08-18,64,S2319-64,C,BACO,2743,Pendente,40.0
2026-08-18,65,060-0017-00,R,BANT,2708,Pendente,1.0
2026-08-18,66,MS3456W12S3S,C,BABR,2709,Pendente,2.0
2026-08-18,67,2682001-1,T,BABE/BANT,2739,OK,1.0
2026-08-18,68,MS3509-28,C,BACG,2727,Pendente,2.0
2026-08-18,69,S2899L0.5,C,BACG,2727,Pendente,1.0
2026-08-18,70,1U149-015-15,R,BACO,2743,Pendente,1.0
2026-08-18,71,AN6289J5,C,BABR,2709,Pendente,2.0
2026-08-18,72,MS17825-3,C,BANT,2728,Pendente,2.0
2026-08-18,73,MS17826-3,C,BANT,2728,Pendente,2.0
2026-08-18,74,200-1902-00,C,BAMN,2736,Pendente,2.0
2026-08-18,75,161-12800,R,BANT,2722 / 2728,Pendente,1.0
2026-08-18,76,162-11800,R,BANT,2722 / 2728,Pendente,3.0
2026-08-18,77,161-11700,R,BANT,2722 / 2728,Pendente,1.0
2026-08-18,78,162-10700,R,BANT,2722 / 2728,Pendente,1.0
2026-08-18,79,CI105-9,C,BANT,2722 / 2728,Pendente,1.0
2026-08-18,80,S2669-1,C,BAMN,2738,Pendente,1.0
2026-08-18,81,MS24694-S54,C,DACTA II,2742,Pendente,1.0
2026-08-18,82,NAS1741-06R8,C,BANT,2722,Pendente,10.0
2026-08-18,83,MS24693-S48,C,BANT,2722,Pendente,50.0
2026-08-18,84,071-1242-06,R,CLA,2723,Pendente,1.0
2026-08-18,85,066-3046-01,R,CLA,2723,Pendente,1.0
2026-08-18,86,C661064-0237,R,BABR,2709,Pendente,1.0
2026-08-18,87,76-207-12,C,BABE,2733,Pendente,1.0
2026-08-18,88,071-1242-06,R,BABR,2709,Pendente,1.0
2026-08-18,89,065-0060-01,R,BANT,2722,Pendente,1.0
2026-08-18,91,069-1025-25,R,BACG,2727,Pendente,1.0
2026-08-18,92,066-3084-32,R,BABR,2709,OK,1.0
2026-08-18,93,SD5H14S6667,R,DACTA II,2742,Pendente,1.0
2026-08-18,94,AN4H3A,C,BACO,2743,Pendente,1.0
2026-08-18,95,2615140-2,C,BACO,2743,Pendente,1.0
2026-08-18,96,430-00032-10,C,BABR,2720,Pendente,1.0
2026-08-18,97,MS24392-10,C,BAMN,2741,OK,1.0
2026-08-18,98,9910586-4,R,BAMN,2740,Pendente,1.0
2026-08-18,99,025323-150,R,BABR,2720,Pendente,1.0
2026-08-18,100,011-00916-00,R,BABE,2739,Pendente,1.0
2026-08-18,101,F222086,C,BABR,2720,Pendente,1.0
2026-08-18,102,4626,C,BACG,2727.0,Pendente,1.0
2026-08-18,103,2601040-3,C,BACG,2727.0,Pendente,1.0
2026-08-18,104,345-6196-04,C,BABE,2733.0,Pendente,1.0
2026-08-18,105,200-01902-0000,C,BAMN,2738,Pendente,1.0
2026-08-18,106,9864054-7,C,BAMN,2738,Pendente,1.0
2026-08-18,107,MS28773-05,C,BABR,2720,Pendente,1.0
2026-08-18,108,MS28773-05,C,BABE,2733,Pendente,1.0
2026-08-18,109,2606015-3,R,BABR,2720,Pendente,1.0
2026-08-18,110,C662041-0102,R,BABR,2720,Pendente,1.0
2026-08-18,111,069-01033-0101,R,BANT,2722,OK,1.0
2026-08-18,112,51539-012N,R,BANT,2719.0,Pendente,1.0
2026-08-18,113,2671000PB1,C,BACG,2727,Pendente,1.0
2026-08-18,114,580-219-154,C,BACO,2743,Pendente,1.0
2026-08-18,115,2650085-15,C,BACO,2743,Pendente,1.0
2026-08-18,116,2652021-80,C,BACO,2743,Pendente,2.0
2026-08-18,117,SL6015-5,C,BACO,2743,Pendente,2.0
2026-08-18,118,MS25171-1S,C,BACO,2743,Pendente,10.0
2026-08-18,119,C-145-450,C,BAMN,2732,Pendente,1.0
2026-08-18,120,K00-00351-00,C,BAMN,2740,Pendente,3.0
2026-08-18,121,9910085-2,R,BANT,2728,Pendente,1.0
2026-08-18,122,D210507,R,BANT,2728,Pendente,1.0
2026-08-18,123,RV05-268,C,BANT,2719,Pendente,1.0
2026-08-18,124,RV05-268,C,BANT,2728,Pendente,1.0
2026-08-18,125,5040033933,R,BABR,2709,Pendente,1.0
2026-08-18,126,1U648-001,C,DACTA II,2742,Pendente,1.0
2026-08-18,127,161-12800,R,BABR,2709,Pendente,1.0
2026-08-18,128,162-11800,R,BABR,2709,Pendente,1.0
2026-08-18,129,302-120-402,C,BABR,2709,Pendente,1.0
2026-08-18,130,850C86-2,C,BABR,2709,Pendente,1.0
2026-08-18,131,AN316-4R,C,BABR,2709,Pendente,6.0
2026-08-18,132,C668540-0102,C,EPCAR,2702,Pendente,1.0
2026-08-18,133,MS20392-1C11,C,BAMN,2730,Pendente,1.0
2026-08-18,134,161-11700,R,DACTA II,2742,Pendente,1.0
2026-08-18,135,162-10700,R,DACTA II,2742,Pendente,1.0
2026-08-18,136,AE3663161E0113,C,DACTA II,2742,Pendente,1.0
2026-08-18,137,ST2231-05,C,BANT,2719 / 2728,Pendente,10.0
2026-08-18,138,NAS561P5-12,C,BANT,2719 / 2728,Pendente,2.0
2026-08-18,139,MS20392-1C11,C,BAMN,2730,Pendente,1.0
2026-08-18,140,2617024-6,C,BABE,2739,Pendente,1.0
2026-08-18,141,P860037,C,BABE,2739,Pendente,1.0
2026-08-18,142,S2655-1,C,BABE,2739,Pendente,1.0
2026-08-18,143,2651022-20-1,R,BABE,2739,Pendente,1.0
2026-08-18,144,AE3663163K0600,C,BABR,2709.0,Pendente,1.0
2026-08-18,145,161-11700,R,BACO,2743,Pendente,1.0
2026-08-18,146,162-10700,R,BACO,2743,Pendente,1.0
2026-08-18,147,2641011-5,R,BACO,2743,Pendente,2.0
2026-08-18,148,C662041-0102,R,BABR,2720,Pendente,2.0
2026-08-18,149,069-01033-0101,R,BABR,2720,Pendente,1.0
2026-08-18,150,S1587-7,C,BABE,2739,Pendente,1.0
2026-08-18,151,161-11700,R,BANT,2719 / 2728,Pendente,2.0
2026-08-18,152,162-10700,R,BANT,2719 / 2728,Pendente,2.0
2026-08-18,153,C352TS,T,DACTA II,2742,OK,1.0
2026-08-18,154,066-3046-07,R,CLA,2723,Pendente,1.0
2026-08-18,155,066-1055-00,R,CLA,2723,Pendente,1.0
2026-08-18,156,065-0041-00,R,CLA,2723,Pendente,1.0
2026-08-18,157,200-01902-0000,C,BABE,2731,Pendente,1.0
2026-08-18,158,AN315C4R,C,BANT,2719,Pendente,2.0
2026-08-18,159,2651024-5,C,BANT,2719,Pendente,2.0
2026-08-18,160,MS20392-2C29,C,BANT,2719,Pendente,1.0
2026-08-18,161,071-1052-00,R,BANT,2728,Pendente,1.0
2026-08-18,162,2651022-20-1,R,BABE,2733,Pendente,1.0
2026-08-18,163,071-1242-06,R,BANT,2728,Pendente,1.0
2026-08-18,164,C661065-0237,R,BANT,2719,Pendente,1.0
2026-08-18,165,2618510-10,T,BANT,2728,Pendente,1.0
2026-08-18,166,071-1242-06,R,BANT,2719,Pendente,1.0
2026-08-18,167,C661030-0301,R,BANT,2719,Pendente,1.0
2026-08-18,168,2651040-2,T,EPCAR,2702,Pendente,1.0
2026-08-18,169,2651022-20-1,T,EPCAR,2702,Pendente,1.0
2026-08-18,170,NAS147-43,C,EPCAR,2702,Pendente,2.0
2026-08-18,171,MS21044N7,C,EPCAR,2702,Pendente,2.0
2026-08-18,172,NAS1149F0732P,C,EPCAR,2702,Pendente,2.0
2026-08-18,173,MS20002C7,C,EPCAR,2702,Pendente,4.0
2026-08-18,174,AN5C12A,C,EPCAR,2702,Pendente,1.0
2026-08-18,175,NAS1149C0563R,C,EPCAR,2702,Pendente,2.0
2026-08-18,176,S1450-5H16-032,C,EPCAR,2702,Pendente,1.0
2026-08-18,177,MS21042L5,C,EPCAR,2702,Pendente,1.0
2026-08-18,178,MS20007-16,C,EPCAR,2702,Pendente,2.0
2026-08-18,179,C352TS,T,BACO,2743,OK,1.0
2026-08-18,180,060-0015-00,R,BANT,2721,Pendente,1.0
2026-08-18,181,065-0030-00,R,BANT,2728,Pendente,1.0
2026-08-18,182,066-3060-00,R,BANT,2708 / 2721,Pendente,2.0
2026-08-18,183,C598505-0303,R,BANT,2728,Pendente,1.0
2026-08-18,184,2606016-17,C,BABR,2720,Pendente,1.0
2026-08-18,185,2606016-17,C,BABR,2720,Pendente,1.0
2026-08-18,186,DCN4-5407,C,BABR,2720,Pendente,50.0
2026-08-18,187,NAS147-97,C,EPCAR,2702,Pendente,1.0
2026-08-18,188,NAS147-84,C,EPCAR,2702,Pendente,2.0
2026-08-18,189,AN363-720,C,EPCAR,2702,Pendente,4.0
2026-08-18,190,MS20007-68,C,EPCAR,2702,Pendente,1.0
2026-08-18,191,9910333-1,C,EPCAR,2702,Pendente,6.0
2026-08-18,192,S3461-64,C,EPCAR,2702,Pendente,1.0
2026-08-18,193,AN310C8,C,EPCAR,2702,Pendente,3.0
2026-08-18,194,AN310C8,C,EPCAR,2702,Pendente,3.0
2026-08-18,195,S3465-2-0160,C,BAMN,2737,Pendente,1.0
2026-08-18,196,069-1025-25,R,CLA,2723,Pendente,1.0
2026-08-18,197,069-01033-0101,R,BABR,2720,Pendente,1.0
2026-08-18,198,901207K1,C,BABE,2739,Pendente,5.0
2026-08-18,199,3240572,C,BABE,2739,Pendente,2.0
2026-08-18,200,AE3663162E0120,C,BANT,2703,Pendente,2.0
2026-08-18,201,AN924-3D,C,BACG,2727,Pendente,4.0
2026-08-18,202,MS28778-3,C,BACG,2727,Pendente,2.0
2026-08-18,203,C661065-0237,R,BABR,2721,Pendente,1.0
2026-08-18,204,9910338-4,R,BABR,2721,Pendente,1.0
2026-08-18,205,2643100-206,R,BANT,2719,Pendente,1.0
2026-08-18,206,2618510-10,T,BANT,2719,Pendente,1.0
2026-08-18,207,066-3084-32,R,BANT,2719,Pendente,1.0
2026-08-18,208,3014226,C,BANT,2719,Pendente,1.0
2026-08-18,209,S1450-4S10-032,C,BANT,2719,Pendente,2.0
2026-08-18,210,MS27975-2,C,BANT,2719,Pendente,2.0
2026-08-18,211,S1021Z8-8,C,BANT,2719,Pendente,6.0
2026-08-18,212,R581559,C,BANT,2719,Pendente,2.0
2026-08-18,213,R581559,C,BANT,2719,Pendente,1.0
2026-08-18,214,R581559,C,BANT,2719,Pendente,1.0
2026-08-18,215,C145-00-46,C,BAMN,2732,Pendente,1.0
2026-08-18,216,U554426,C,BABE,2739,Pendente,60.0
2026-08-18,217,2653019-1,C,BABR,2721,Pendente,1.0
2026-08-18,218,MS35426-27,C,BABR,2721,Pendente,4.0
2026-08-18,219,S1741-1,C,BABR,2721,Pendente,4.0
2026-08-18,220,A1633-72,C,BACO,2742,Pendente,1.0
2026-08-18,221,A1639-32,C,BACO,2742,Pendente,8.0
2026-08-18,222,AN363-720,C,BACO,2742,Pendente,4.0
2026-08-18,223,AS3209-016,C,BACO,2742,Pendente,1.0
2026-08-18,224,DCN4-3807,C,BACO,2742,Pendente,1.0
2026-08-18,225,MS20002C7,C,BACO,2742,Pendente,4.0
2026-08-18,226,MS20007-68,C,BACO,2742,Pendente,1.0
2026-08-18,227,MS28773-05,C,BACO,2742,Pendente,1.0
2026-08-18,228,MS28775-022,C,BACO,2742,Pendente,1.0
2026-08-18,229,MS28778-4,C,BACO,2742,Pendente,1.0
2026-08-18,230,MS29512-08,C,BACO,2742,Pendente,1.0
2026-08-18,231,NAS1149C0763R,C,BACO,2742,Pendente,4.0
2026-08-18,232,NAS147-84,C,BACO,2742,Pendente,2.0
2026-08-18,233,NAS147-97,C,BACO,2742,Pendente,1.0
2026-08-18,234,C598505-0304,C,BANT,FROTA,Pendente,1.0
2026-08-18,235,C598505-0304,C,BANT,FROTA,Pendente,1.0
2026-08-18,236,C598505-0303,C,BANT,FROTA,Pendente,2.0
2026-08-18,237,C598505-0303,C,BANT,FROTA,Pendente,1.0
2026-08-18,238,70-22-01,C,BANT,FROTA,Pendente,2.0
2026-08-18,239,70-22-01,C,BANT,FROTA,Pendente,2.0
2026-08-18,240,066-01141-5101,R,BANT,FROTA,Pendente,1.0
2026-08-18,241,MS35206-247,C,BANT,FROTA,Pendente,20.0
2026-08-18,242,065-0042-15,R,BANT,FROTA,Pendente,1.0
2026-08-18,243,C662041-0102,R,BANT,FROTA,Pendente,1.0
2026-08-18,244,011-00412-00,R,BANT,FROTA,Pendente,1.0
2026-08-18,245,3014227,C,BANT,FROTA,Pendente,1.0
2026-08-18,246,A1633-72,C,BANT,FROTA,Pendente,1.0
2026-08-18,247,066-3084-32,R,BANT,FROTA,Pendente,1.0
2026-08-18,248,AE3663724G0330,C,BANT,FROTA,Pendente,3.0
2026-08-18,249,0541140-1,C,BACG,2727,Pendente,1.0
2026-08-18,250,644-04303416,C,BANT,2719,Pendente,1.0
2026-08-18,251,C668050-1108,C,BABR,2721,Pendente,1.0
2026-08-18,252,2641012-14,T,BABE,2731,Pendente,1.0
2026-08-18,253,S2495-12B0600,C,BACG,2727,Pendente,1.0
2026-08-18,254,2641014-9,T,BABE,2731,Pendente,1.0
2026-08-18,255,S1985-1,C,CLA,2723,Pendente,1.0
2026-08-18,256,S1985-1,C,CLA,2723,Pendente,1.0
2026-08-18,257,200SGL153Q,R,BACO,2743,OK,1.0
2026-08-18,258,9910338-8RX,R,BABR,2721,Pendente,1.0
2026-08-18,259,162-11800,R,BANT,2703,Pendente,2.0
2026-08-18,260,200SGL119Q-2,R,BANT,2722,OK,1.0
2026-08-18,261,2641011-5,T,BANT,2719,Pendente,1.0
2026-08-18,262,452-0133,T,BANT,2728,Pendente,1.0
2026-08-18,263,C352TS,R,BANT,2728,OK,1.0
2026-08-18,264,S3326-2,R,BABE,2731,Pendente,1.0
2026-08-18,265,S2502-3,C,BABE,2731,Pendente,2.0
2026-08-18,266,P860037,C,BABE,2733,Pendente,2.0
2026-08-18,267,AE3663231B0160,C,BAMN,2736 / 2738 / 2741,Pendente,3.0
2026-08-18,268,8210-002-01,R,BABR,2721,Pendente,1.0
2026-08-18,269,DCN4-3807,C,BABR,2721,Pendente,2.0
2026-08-18,270,MS28773-05,C,BABR,2721,Pendente,2.0
2026-08-18,271,1215073-28,C,BABR,2721,Pendente,2.0
2026-08-18,272,9910573-21,C,BABR,2721,Pendente,1.0
2026-08-18,273,3121248-03,R,BABR,2721,Pendente,1.0
2026-08-18,274,5040033933,R,BABR,2709,Pendente,1.0
2026-08-18,275,R581559,C,BABR,2709,Pendente,4.0
2026-08-18,276,S3413-104,C,BABR,2709,Pendente,10.0
2026-08-18,277,S3413-105,C,BABR,2709,Pendente,10.0
2026-08-18,278,S3413-107,C,BABR,2709,Pendente,10.0
2026-08-18,279,S3413-109,C,BABR,2709,Pendente,5.0
2026-08-18,280,S3413-110,C,BABR,2709,Pendente,10.0
2026-08-18,281,S2319-64,C,BABR,2709,Pendente,50.0
2026-08-18,282,S2319-50,C,BABR,2709,Pendente,50.0
2026-08-18,283,B4864,C,BABR,2709,Pendente,1.0
2026-08-18,284,B4940-1,C,BABR,2709,Pendente,1.0
2026-08-18,285,B4940-2,C,BABR,2709,Pendente,10.0
2026-08-18,286,2654012-2,C,BABR,2709,Pendente,1.0
2026-08-18,287,5111602-16,C,BABE,2731,Pendente,67.0
2026-08-18,288,2641032-202,C,BAMN,2741,Pendente,1.0
2026-08-18,289,850C86-2,C,BABR,2709,Pendente,2.0
2026-08-18,290,302-120-402,C,BABR,2709,Pendente,1.0
2026-08-18,291,MS28778-3,C,BAMN,2736,Pendente,6.0
2026-08-18,292,AE3663161E0113,C,BAMN,2736,Pendente,1.0
2026-08-18,293,1414116-7,C,BABE,2739,Pendente,4.0
2026-08-18,294,S1985-1,C,BANT,2708,Pendente,1.0
2026-08-18,295,2270030-12,C,BANT,2708,Pendente,1.0
2026-08-18,296,066-4010-12,R,BANT,2708,Pendente,1.0
2026-08-18,297,3034792,R,DACTA II,2742,Pendente,1.0
2026-08-18,298,3024973,C,DACTA II,2742,Pendente,1.0
2026-08-18,299,M83461/1-012,C,DACTA II,2742,Pendente,1.0
2026-08-18,300,3039937,C,DACTA II,2742,Pendente,1.0
2026-08-18,301,3014227,C,DACTA II,2742,Pendente,1.0
2026-08-18,302,C668050-1108,C,BABE,2723,Pendente,1.0
2026-08-18,303,2522275-1,C,BABE,2723,Pendente,2.0
2026-08-18,304,S2870-1,C,BABE,2723,Pendente,2.0
2026-08-18,305,NSL 1422 B2,C,BABE,2723,Pendente,6.0
2026-08-18,306,AN320-3,C,BABR,2709,Pendente,4.0
2026-08-18,307,2613419-1,C,BABR,2709,Pendente,1.0
2026-08-18,308,AN565B428H4,C,BABR,2709,Pendente,2.0
2026-08-18,309,2662007-4,C,BABR,2709,Pendente,2.0
2026-08-18,310,2662022-1,C,BABR,2709,Pendente,2.0
2026-08-18,311,AN315-3L,C,BABR,2709,Pendente,2.0
2026-08-18,312,B145-78-7,C,BABR,2709,Pendente,1.0
2026-08-18,313,AS5174D1210,C,BAMN,2732,Pendente,1.0
2026-08-18,314,MS24392-10,C,BAMN,2732,Pendente,1.0
2026-08-18,315,An4-17,C,BANT,2729,Pendente,1.0
2026-08-18,316,S1450-6B12-032,C,BANT,2729,Pendente,2.0
2026-08-18,317,065-0059-01,C,BANT,2722,Pendente,1.0
2026-08-18,318,065-0059-01,C,BANT,2708,Pendente,1.0
2026-08-18,319,050-1518-00,C,BANT,2719,Pendente,1.0
2026-08-18,320,MS21025-24,C,BANT,2729,Pendente,1.0
2026-08-18,321,S51-14,C,BANT,2703,Pendente,1.0
2026-08-18,322,065-0042-03,C,BANT,2719,Pendente,1.0
2026-08-18,323,A1639-32,C,CLA,2723,Pendente,8.0
2026-08-18,324,B-5096,C,CLA,2723,Pendente,8.0
2026-08-18,325,A1633-72,C,CLA,2723,Pendente,2.0
2026-08-18,326,S3326-2RX,R,BACO,2743,Pendente,1.0
2026-08-18,327,799-1,R,BACO,2743,Pendente,1.0
2026-08-18,328,060-0017-00,R,BANT,2703,Pendente,1.0
2026-08-18,329,060-0017-00,R,BANT,2708,Pendente,1.0
2026-08-18,330,4002HS,C,BABR,2709,Pendente,10.0
2026-08-18,331,83-0057,C,BACG,2727,Pendente,1.0
2026-08-18,332,060-0015-00,C,BANT,2729,Pendente,1.0
2026-08-18,333,065-0042-15,C,BANT,2702,Pendente,1.0
2026-08-18,334,99-223-6B23284,C,BANT,2702,Pendente,1.0
2026-08-18,335,065-0042-15,C,BANT,2703,Pendente,1.0
2026-08-18,336,2610014-1,C,BANT,2719,Pendente,1.0
2026-08-18,337,NAS464P4A10,C,BANT,2719,Pendente,5.0
2026-08-18,338,A4513-1,C,BANT,2729,Pendente,1.0
2026-08-18,339,S1104-3,C,BANT,2719,Pendente,1.0
2026-08-18,340,011-00870-00,R,BAMN,2730,Pendente,1.0
2026-08-18,341,MS3116F8-3S,C,BANT,2729,Pendente,1.0
2026-08-18,342,2611024-1,C,BANT,2703,Pendente,2.0
2026-08-18,343,S2527-1,C,BACO,2743,Pendente,2.0
2026-08-18,344,24RB/EWC,C,BACO,2743,Pendente,3.0
2026-08-18,345,1308,C,BACO,2743,Pendente,1.0
2026-08-18,346,011-00870-00,R,BABE,2739,Pendente,1.0
2026-08-18,347,324843-W020,T,BAMN,2736,Pendente,1.0
2026-08-18,348,011-00870-00,R,BABE,2733,Pendente,1.0
2026-08-18,349,300048-200,T,DACTA II,2742,Pendente,1.0
2026-08-18,350,C668050-1103,C,BABR,2720,Pendente,2.0
2026-08-18,351,C668050-1104,C,BABR,2720,Pendente,1.0
2026-08-18,352,MS21044N9,C,BABE,2731,Pendente,8.0
2026-08-18,353,B3-5-1,C,BABR,2709 / 2720 / 2721,Pendente,3.0
2026-08-18,354,011-00870-10,C,BABE,2733,Pendente,1.0
2026-08-18,355,1633-114,C,CLA,2723,Pendente,3.0
2026-08-18,356,B-5477,C,CLA,2723,Pendente,3.0
2026-08-18,357,A1633-82,C,CLA,2723,Pendente,3.0
2026-08-18,358,MS21044N9,C,CLA,2723,Pendente,16.0
2026-08-18,359,A1639-32,C,BABR,2721,Pendente,9.0
2026-08-18,360,A1633-72,C,BABR,2721,Pendente,3.0
2026-08-18,361,2641010-3,R,BANT,2729,Pendente,1.0
2026-08-18,362,LM350K,C,BABE,2733,Pendente,4.0
2026-08-18,363,S3060-3H,C,BABE,2733,Pendente,8.0
2026-08-18,364,060-0015-00,R,BANT,2729,Pendente,1.0
2026-08-18,365,060-0015-00,R,BANT,2708,Pendente,1.0
2026-08-18,366,C662504-0101,R,BABR,2720,Pendente,1.0
2026-08-19,1,302-039-402,C,BABV,2741,Pendente,1.0
2026-08-19,2,302-039-402,C,BAMN,2740,Pendente,1.0
2026-08-19,3,065-0065-01,T,BANT,2719,Pendente,1.0
2026-08-19,4,NAS1739B4-6,C,BABE,2731,Desconsiderado,100.0
2026-08-19,5,CR2248-4-4,C,BABE,2731,Desconsiderado,100.0
2026-08-19,6,NAS1097AD6-5,C,BABE,2731,Desconsiderado,500.0
2026-08-19,7,NAS1097AD6-4,C,BABE,2731,Desconsiderado,100.0
2026-08-19,8,NAS1097AD5-4,C,BABE,2731,Desconsiderado,1.0
2026-08-19,9,NAS1097AD5-7,C,BABE,2731,Desconsiderado,1.0
2026-08-19,10,NAS1097AD4-3,C,BABE,2731,Desconsiderado,1.0
2026-08-19,11,NAS1097AD3-7,C,BABE,2731,Desconsiderado,50.0
2026-08-19,12,5934PAD-3,R,BABE,2739,Pendente,1.0
2026-08-19,13,068-02800,C,BANT,2722,Pendente,1.0
2026-08-19,14,RA068-02800,C,BANT,2722,Pendente,1.0
2026-08-19,15,MS21442-121,C,BABR,2709,Pendente,2.0
2026-08-19,16,523919,C,BABR,2709,Pendente,2.0
2026-08-19,17,065-0042-03,R,BANT,2722,OK,1.0
2026-08-19,18,AE3663163K0600,C,BANT,2728,Pendente,1.0
2026-08-19,19,MS21044N9,C,BANT,2728 e 2719,Pendente,16.0
2026-08-19,20,MS21044N9,C,BANT,2729,OK,8.0
2026-08-19,21,C145-00-46,C,BABR,2709,OK,1.0
2026-08-19,22,62800-001,T,BABR,2709,OK,1.0
2026-08-19,23,065-0042-15,R,BASM,2708,Pendente,1.0
2026-08-19,24,S3326-2,R,BAMN,*,Pendente,1.0
2026-08-19,25,MS29513-338,C,BANT,2719,Pendente,4.0
2026-08-19,26,030-18200,R,BAMN,2732,OK,1.0
2026-08-19,27,9864054-7,C,BAMN,2740,Pendente,1.0
2026-08-19,28,2606015-2,R,BABR,2720,Pendente,1.0
2026-08-19,29,76-207-12,C,BAMN,2740,Pendente,1.0
2026-08-19,30,MS20007-30,C,BABE,2733,OK,2.0
2026-08-19,31,MS20007-16,C,BABE,2733,Pendente,2.0
2026-08-19,32,B-5121,C,EEAR,2703,OK,1.0
2026-08-19,33,C668050-1104,C,BABR,2709,Pendente,1.0
2026-08-19,34,431-0101-01,C,BABR,2709,OK,1.0
2026-08-19,35,2650026-3,C,BABR,2709,OK,2.0
2026-08-19,36,S2300-12,C,BABR,2709,OK,3.0
2026-08-19,37,S2357-1,C,BABR,2709,OK,10.0
2026-08-19,38,2N6576,C,BABR,2709,OK,3.0
2026-08-19,39,22827-3,C,BABR,2709,OK,10.0
2026-08-19,40,068-02800,C,BABR,2709,Pendente,2.0
2026-08-19,41,2N6576,C,BABR,2709,OK,2.0
2026-08-19,42,060-0015-00,R,BABR,2709,Pendente,1.0
2026-08-19,43,066-4010-10,R,BABR,2709,OK,1.0
2026-08-19,44,011-01020-10,R,BAMN,2740,Pendente,1.0
2026-08-19,45,CM2990-G1,C,BABR,2709,Pendente,4.0
2026-08-19,46,C262023-0107,C,CLA,2723,OK,2.0
2026-08-19,47,2126001-1,C,BAMN,2737,Pendente,1.0
2026-08-19,48,2612035-1,C,BANT,2722,Pendente,1.0
2026-08-19,49,2641012-15,R,BANT,2728,Pendente,1.0
2026-08-19,50,DD2W,C,BACO,2743,Pendente,10.0
2026-08-19,51,S3100-581,C,BAMN,2737,Pendente,1.0
2026-08-19,52,GF5500-81,C,BAMN,2736,Pendente,1.0
2026-08-19,53,088-01132-0002,C,BANT,2728,Pendente,1.0
2026-08-19,54,2641012-14,R,BANT,2719,Pendente,1.0
2026-08-19,55,2641012-9,R,BANT,2719,Pendente,1.0
2026-08-19,56,52283,C,BANT,2719,Pendente,2.0
2026-08-19,57,AE3663162E0120,C,BANT,2723,Pendente,1.0
2026-08-19,58,EA-5175-52-CES,R,BANT,2728,OK,1.0
2026-08-19,59,S3100-630,C,BAMN,2737,Pendente,1.0
2026-08-19,60,2660001-107,C,BANT,2719,Pendente,1.0
2026-08-19,61,2660057-1,C,BANT,2719,Pendente,2.0
2026-08-19,62,2660057-1,C,BANT,2728,Pendente,2.0
2026-08-19,63,A-A-55487-5,C,BANT,2719,Pendente,8.0
2026-08-19,64,S2319-64,C,BACO,2743,Pendente,40.0
2026-08-19,65,060-0017-00,R,BANT,2708,Pendente,1.0
2026-08-19,66,MS3456W12S3S,C,BABR,2709,Pendente,2.0
2026-08-19,67,2682001-1,T,BABE/BANT,2739,OK,1.0
2026-08-19,68,MS3509-28,C,BACG,2727,Pendente,2.0
2026-08-19,69,S2899L0.5,C,BACG,2727,Pendente,1.0
2026-08-19,70,1U149-015-15,R,BACO,2743,Pendente,1.0
2026-08-19,71,AN6289J5,C,BABR,2709,Pendente,2.0
2026-08-19,72,MS17825-3,C,BANT,2728,Pendente,2.0
2026-08-19,73,MS17826-3,C,BANT,2728,Pendente,2.0
2026-08-19,74,200-1902-00,C,BAMN,2736,Pendente,2.0
2026-08-19,75,161-12800,R,BANT,2722 / 2728,Pendente,1.0
2026-08-19,76,162-11800,R,BANT,2722 / 2728,Pendente,3.0
2026-08-19,77,161-11700,R,BANT,2722 / 2728,Pendente,1.0
2026-08-19,78,162-10700,R,BANT,2722 / 2728,Pendente,1.0
2026-08-19,79,CI105-9,C,BANT,2722 / 2728,Pendente,1.0
2026-08-19,80,S2669-1,C,BAMN,2738,Pendente,1.0
2026-08-19,81,MS24694-S54,C,DACTA II,2742,Pendente,1.0
2026-08-19,82,NAS1741-06R8,C,BANT,2722,Pendente,10.0
2026-08-19,83,MS24693-S48,C,BANT,2722,Pendente,50.0
2026-08-19,84,071-1242-06,R,CLA,2723,Pendente,1.0
2026-08-19,85,066-3046-01,R,CLA,2723,Pendente,1.0
2026-08-19,86,C661064-0237,R,BABR,2709,Pendente,1.0
2026-08-19,87,76-207-12,C,BABE,2733,Pendente,1.0
2026-08-19,88,071-1242-06,R,BABR,2709,Pendente,1.0
2026-08-19,89,065-0060-01,R,BANT,2722,Pendente,1.0
2026-08-19,91,069-1025-25,R,BACG,2727,Pendente,1.0
2026-08-19,92,066-3084-32,R,BABR,2709,OK,1.0
2026-08-19,93,SD5H14S6667,R,DACTA II,2742,Pendente,1.0
2026-08-19,94,AN4H3A,C,BACO,2743,Pendente,1.0
2026-08-19,95,2615140-2,C,BACO,2743,Pendente,1.0
2026-08-19,96,430-00032-10,C,BABR,2720,Pendente,1.0
2026-08-19,97,MS24392-10,C,BAMN,2741,OK,1.0
2026-08-19,98,9910586-4,R,BAMN,2740,Pendente,1.0
2026-08-19,99,025323-150,R,BABR,2720,Pendente,1.0
2026-08-19,100,011-00916-00,R,BABE,2739,Pendente,1.0
2026-08-19,101,F222086,C,BABR,2720,Pendente,1.0
2026-08-19,102,4626,C,BACG,2727.0,Pendente,1.0
2026-08-19,103,2601040-3,C,BACG,2727.0,Pendente,1.0
2026-08-19,104,345-6196-04,C,BABE,2733.0,Pendente,1.0
2026-08-19,105,200-01902-0000,C,BAMN,2738,Pendente,1.0
2026-08-19,106,9864054-7,C,BAMN,2738,Pendente,1.0
2026-08-19,107,MS28773-05,C,BABR,2720,Pendente,1.0
2026-08-19,108,MS28773-05,C,BABE,2733,Pendente,1.0
2026-08-19,109,2606015-3,R,BABR,2720,Pendente,1.0
2026-08-19,110,C662041-0102,R,BABR,2720,Pendente,1.0
2026-08-19,111,069-01033-0101,R,BANT,2722,OK,1.0
2026-08-19,112,51539-012N,R,BANT,2719.0,Pendente,1.0
2026-08-19,113,2671000PB1,C,BACG,2727,Pendente,1.0
2026-08-19,114,580-219-154,C,BACO,2743,Pendente,1.0
2026-08-19,115,2650085-15,C,BACO,2743,Pendente,1.0
2026-08-19,116,2652021-80,C,BACO,2743,Pendente,2.0
2026-08-19,117,SL6015-5,C,BACO,2743,Pendente,2.0
2026-08-19,118,MS25171-1S,C,BACO,2743,Pendente,10.0
2026-08-19,119,C-145-450,C,BAMN,2732,Pendente,1.0
2026-08-19,120,K00-00351-00,C,BAMN,2740,Pendente,3.0
2026-08-19,121,9910085-2,R,BANT,2728,Pendente,1.0
2026-08-19,122,D210507,R,BANT,2728,Pendente,1.0
2026-08-19,123,RV05-268,C,BANT,2719,Pendente,1.0
2026-08-19,124,RV05-268,C,BANT,2728,Pendente,1.0
2026-08-19,125,5040033933,R,BABR,2709,Pendente,1.0
2026-08-19,126,1U648-001,C,DACTA II,2742,Pendente,1.0
2026-08-19,127,161-12800,R,BABR,2709,Pendente,1.0
2026-08-19,128,162-11800,R,BABR,2709,Pendente,1.0
2026-08-19,129,302-120-402,C,BABR,2709,Pendente,1.0
2026-08-19,130,850C86-2,C,BABR,2709,Pendente,1.0
2026-08-19,131,AN316-4R,C,BABR,2709,Pendente,6.0
2026-08-19,132,C668540-0102,C,EPCAR,2702,Pendente,1.0
2026-08-19,133,MS20392-1C11,C,BAMN,2730,Pendente,1.0
2026-08-19,134,161-11700,R,DACTA II,2742,Pendente,1.0
2026-08-19,135,162-10700,R,DACTA II,2742,Pendente,1.0
2026-08-19,136,AE3663161E0113,C,DACTA II,2742,Pendente,1.0
2026-08-19,137,ST2231-05,C,BANT,2719 / 2728,Pendente,10.0
2026-08-19,138,NAS561P5-12,C,BANT,2719 / 2728,Pendente,2.0
2026-08-19,139,MS20392-1C11,C,BAMN,2730,Pendente,1.0
2026-08-19,140,2617024-6,C,BABE,2739,Pendente,1.0
2026-08-19,141,P860037,C,BABE,2739,Pendente,1.0
2026-08-19,142,S2655-1,C,BABE,2739,Pendente,1.0
2026-08-19,143,2651022-20-1,R,BABE,2739,Pendente,1.0
2026-08-19,144,AE3663163K0600,C,BABR,2709.0,Pendente,1.0
2026-08-19,145,161-11700,R,BACO,2743,Pendente,1.0
2026-08-19,146,162-10700,R,BACO,2743,Pendente,1.0
2026-08-19,147,2641011-5,R,BACO,2743,Pendente,2.0
2026-08-19,148,C662041-0102,R,BABR,2720,Pendente,2.0
2026-08-19,149,069-01033-0101,R,BABR,2720,Pendente,1.0
2026-08-19,150,S1587-7,C,BABE,2739,Pendente,1.0
2026-08-19,151,161-11700,R,BANT,2719 / 2728,Pendente,2.0
2026-08-19,152,162-10700,R,BANT,2719 / 2728,Pendente,2.0
2026-08-19,153,C352TS,T,DACTA II,2742,OK,1.0
2026-08-19,154,066-3046-07,R,CLA,2723,Pendente,1.0
2026-08-19,155,066-1055-00,R,CLA,2723,Pendente,1.0
2026-08-19,156,065-0041-00,R,CLA,2723,Pendente,1.0
2026-08-19,157,200-01902-0000,C,BABE,2731,Pendente,1.0
2026-08-19,158,AN315C4R,C,BANT,2719,Pendente,2.0
2026-08-19,159,2651024-5,C,BANT,2719,Pendente,2.0
2026-08-19,160,MS20392-2C29,C,BANT,2719,Pendente,1.0
2026-08-19,161,071-1052-00,R,BANT,2728,Pendente,1.0
2026-08-19,162,2651022-20-1,R,BABE,2733,Pendente,1.0
2026-08-19,163,071-1242-06,R,BANT,2728,Pendente,1.0
2026-08-19,164,C661065-0237,R,BANT,2719,Pendente,1.0
2026-08-19,165,2618510-10,T,BANT,2728,Pendente,1.0
2026-08-19,166,071-1242-06,R,BANT,2719,Pendente,1.0
2026-08-19,167,C661030-0301,R,BANT,2719,Pendente,1.0
2026-08-19,168,2651040-2,T,EPCAR,2702,Pendente,1.0
2026-08-19,169,2651022-20-1,T,EPCAR,2702,Pendente,1.0
2026-08-19,170,NAS147-43,C,EPCAR,2702,Pendente,2.0
2026-08-19,171,MS21044N7,C,EPCAR,2702,Pendente,2.0
2026-08-19,172,NAS1149F0732P,C,EPCAR,2702,Pendente,2.0
2026-08-19,173,MS20002C7,C,EPCAR,2702,Pendente,4.0
2026-08-19,174,AN5C12A,C,EPCAR,2702,Pendente,1.0
2026-08-19,175,NAS1149C0563R,C,EPCAR,2702,Pendente,2.0
2026-08-19,176,S1450-5H16-032,C,EPCAR,2702,Pendente,1.0
2026-08-19,177,MS21042L5,C,EPCAR,2702,Pendente,1.0
2026-08-19,178,MS20007-16,C,EPCAR,2702,Pendente,2.0
2026-08-19,179,C352TS,T,BACO,2743,OK,1.0
2026-08-19,180,060-0015-00,R,BANT,2721,Pendente,1.0
2026-08-19,181,065-0030-00,R,BANT,2728,Pendente,1.0
2026-08-19,182,066-3060-00,R,BANT,2708 / 2721,Pendente,2.0
2026-08-19,183,C598505-0303,R,BANT,2728,Pendente,1.0
2026-08-19,184,2606016-17,C,BABR,2720,Pendente,1.0
2026-08-19,185,2606016-17,C,BABR,2720,Pendente,1.0
2026-08-19,186,DCN4-5407,C,BABR,2720,Pendente,50.0
2026-08-19,187,NAS147-97,C,EPCAR,2702,Pendente,1.0
2026-08-19,188,NAS147-84,C,EPCAR,2702,Pendente,2.0
2026-08-19,189,AN363-720,C,EPCAR,2702,Pendente,4.0
2026-08-19,190,MS20007-68,C,EPCAR,2702,Pendente,1.0
2026-08-19,191,9910333-1,C,EPCAR,2702,Pendente,6.0
2026-08-19,192,S3461-64,C,EPCAR,2702,Pendente,1.0
2026-08-19,193,AN310C8,C,EPCAR,2702,Pendente,3.0
2026-08-19,194,AN310C8,C,EPCAR,2702,Pendente,3.0
2026-08-19,195,S3465-2-0160,C,BAMN,2737,Pendente,1.0
2026-08-19,196,069-1025-25,R,CLA,2723,Pendente,1.0
2026-08-19,197,069-01033-0101,R,BABR,2720,Pendente,1.0
2026-08-19,198,901207K1,C,BABE,2739,Pendente,5.0
2026-08-19,199,3240572,C,BABE,2739,Pendente,2.0
2026-08-19,200,AE3663162E0120,C,BANT,2703,Pendente,2.0
2026-08-19,201,AN924-3D,C,BACG,2727,Pendente,4.0
2026-08-19,202,MS28778-3,C,BACG,2727,Pendente,2.0
2026-08-19,203,C661065-0237,R,BABR,2721,Pendente,1.0
2026-08-19,204,9910338-4,R,BABR,2721,Pendente,1.0
2026-08-19,205,2643100-206,R,BANT,2719,Pendente,1.0
2026-08-19,206,2618510-10,T,BANT,2719,Pendente,1.0
2026-08-19,207,066-3084-32,R,BANT,2719,Pendente,1.0
2026-08-19,208,3014226,C,BANT,2719,Pendente,1.0
2026-08-19,209,S1450-4S10-032,C,BANT,2719,Pendente,2.0
2026-08-19,210,MS27975-2,C,BANT,2719,Pendente,2.0
2026-08-19,211,S1021Z8-8,C,BANT,2719,Pendente,6.0
2026-08-19,212,R581559,C,BANT,2719,Pendente,2.0
2026-08-19,213,R581559,C,BANT,2719,Pendente,1.0
2026-08-19,214,R581559,C,BANT,2719,Pendente,1.0
2026-08-19,215,C145-00-46,C,BAMN,2732,Pendente,1.0
2026-08-19,216,U554426,C,BABE,2739,Pendente,60.0
2026-08-19,217,2653019-1,C,BABR,2721,Pendente,1.0
2026-08-19,218,MS35426-27,C,BABR,2721,Pendente,4.0
2026-08-19,219,S1741-1,C,BABR,2721,Pendente,4.0
2026-08-19,220,A1633-72,C,BACO,2742,Pendente,1.0
2026-08-19,221,A1639-32,C,BACO,2742,Pendente,8.0
2026-08-19,222,AN363-720,C,BACO,2742,Pendente,4.0
2026-08-19,223,AS3209-016,C,BACO,2742,Pendente,1.0
2026-08-19,224,DCN4-3807,C,BACO,2742,Pendente,1.0
2026-08-19,225,MS20002C7,C,BACO,2742,Pendente,4.0
2026-08-19,226,MS20007-68,C,BACO,2742,Pendente,1.0
2026-08-19,227,MS28773-05,C,BACO,2742,Pendente,1.0
2026-08-19,228,MS28775-022,C,BACO,2742,Pendente,1.0
2026-08-19,229,MS28778-4,C,BACO,2742,Pendente,1.0
2026-08-19,230,MS29512-08,C,BACO,2742,Pendente,1.0
2026-08-19,231,NAS1149C0763R,C,BACO,2742,Pendente,4.0
2026-08-19,232,NAS147-84,C,BACO,2742,Pendente,2.0
2026-08-19,233,NAS147-97,C,BACO,2742,Pendente,1.0
2026-08-19,234,C598505-0304,C,BANT,FROTA,Pendente,1.0
2026-08-19,235,C598505-0304,C,BANT,FROTA,Pendente,1.0
2026-08-19,236,C598505-0303,C,BANT,FROTA,Pendente,2.0
2026-08-19,237,C598505-0303,C,BANT,FROTA,Pendente,1.0
2026-08-19,238,70-22-01,C,BANT,FROTA,Pendente,2.0
2026-08-19,239,70-22-01,C,BANT,FROTA,Pendente,2.0
2026-08-19,240,066-01141-5101,R,BANT,FROTA,Pendente,1.0
2026-08-19,241,MS35206-247,C,BANT,FROTA,Pendente,20.0
2026-08-19,242,065-0042-15,R,BANT,FROTA,Pendente,1.0
2026-08-19,243,C662041-0102,R,BANT,FROTA,Pendente,1.0
2026-08-19,244,011-00412-00,R,BANT,FROTA,Pendente,1.0
2026-08-19,245,3014227,C,BANT,FROTA,Pendente,1.0
2026-08-19,246,A1633-72,C,BANT,FROTA,Pendente,1.0
2026-08-19,247,066-3084-32,R,BANT,FROTA,Pendente,1.0
2026-08-19,248,AE3663724G0330,C,BANT,FROTA,Pendente,3.0
2026-08-19,249,0541140-1,C,BACG,2727,Pendente,1.0
2026-08-19,250,644-04303416,C,BANT,2719,Pendente,1.0
2026-08-19,251,C668050-1108,C,BABR,2721,Pendente,1.0
2026-08-19,252,2641012-14,T,BABE,2731,Pendente,1.0
2026-08-19,253,S2495-12B0600,C,BACG,2727,Pendente,1.0
2026-08-19,254,2641014-9,T,BABE,2731,Pendente,1.0
2026-08-19,255,S1985-1,C,CLA,2723,Pendente,1.0
2026-08-19,256,S1985-1,C,CLA,2723,Pendente,1.0
2026-08-19,257,200SGL153Q,R,BACO,2743,OK,1.0
2026-08-19,258,9910338-8RX,R,BABR,2721,Pendente,1.0
2026-08-19,259,162-11800,R,BANT,2703,Pendente,2.0
2026-08-19,260,200SGL119Q-2,R,BANT,2722,OK,1.0
2026-08-19,261,2641011-5,T,BANT,2719,Pendente,1.0
2026-08-19,262,452-0133,T,BANT,2728,Pendente,1.0
2026-08-19,263,C352TS,R,BANT,2728,OK,1.0
2026-08-19,264,S3326-2,R,BABE,2731,Pendente,1.0
2026-08-19,265,S2502-3,C,BABE,2731,Pendente,2.0
2026-08-19,266,P860037,C,BABE,2733,Pendente,2.0
2026-08-19,267,AE3663231B0160,C,BAMN,2736 / 2738 / 2741,Pendente,3.0
2026-08-19,268,8210-002-01,R,BABR,2721,Pendente,1.0
2026-08-19,269,DCN4-3807,C,BABR,2721,Pendente,2.0
2026-08-19,270,MS28773-05,C,BABR,2721,Pendente,2.0
2026-08-19,271,1215073-28,C,BABR,2721,Pendente,2.0
2026-08-19,272,9910573-21,C,BABR,2721,Pendente,1.0
2026-08-19,273,3121248-03,R,BABR,2721,Pendente,1.0
2026-08-19,274,5040033933,R,BABR,2709,Pendente,1.0
2026-08-19,275,R581559,C,BABR,2709,Pendente,4.0
2026-08-19,276,S3413-104,C,BABR,2709,Pendente,10.0
2026-08-19,277,S3413-105,C,BABR,2709,Pendente,10.0
2026-08-19,278,S3413-107,C,BABR,2709,Pendente,10.0
2026-08-19,279,S3413-109,C,BABR,2709,Pendente,5.0
2026-08-19,280,S3413-110,C,BABR,2709,Pendente,10.0
2026-08-19,281,S2319-64,C,BABR,2709,Pendente,50.0
2026-08-19,282,S2319-50,C,BABR,2709,Pendente,50.0
2026-08-19,283,B4864,C,BABR,2709,Pendente,1.0
2026-08-19,284,B4940-1,C,BABR,2709,Pendente,1.0
2026-08-19,285,B4940-2,C,BABR,2709,Pendente,10.0
2026-08-19,286,2654012-2,C,BABR,2709,Pendente,1.0
2026-08-19,287,5111602-16,C,BABE,2731,Pendente,67.0
2026-08-19,288,2641032-202,C,BAMN,2741,Pendente,1.0
2026-08-19,289,850C86-2,C,BABR,2709,Pendente,2.0
2026-08-19,290,302-120-402,C,BABR,2709,Pendente,1.0
2026-08-19,291,MS28778-3,C,BAMN,2736,Pendente,6.0
2026-08-19,292,AE3663161E0113,C,BAMN,2736,Pendente,1.0
2026-08-19,293,1414116-7,C,BABE,2739,Pendente,4.0
2026-08-19,294,S1985-1,C,BANT,2708,Pendente,1.0
2026-08-19,295,2270030-12,C,BANT,2708,Pendente,1.0
2026-08-19,296,066-4010-12,R,BANT,2708,Pendente,1.0
2026-08-19,297,3034792,R,DACTA II,2742,Pendente,1.0
2026-08-19,298,3024973,C,DACTA II,2742,Pendente,1.0
2026-08-19,299,M83461/1-012,C,DACTA II,2742,Pendente,1.0
2026-08-19,300,3039937,C,DACTA II,2742,Pendente,1.0
2026-08-19,301,3014227,C,DACTA II,2742,Pendente,1.0
2026-08-19,302,C668050-1108,C,BABE,2723,Pendente,1.0
2026-08-19,303,2522275-1,C,BABE,2723,Pendente,2.0
2026-08-19,304,S2870-1,C,BABE,2723,Pendente,2.0
2026-08-19,305,NSL 1422 B2,C,BABE,2723,Pendente,6.0
2026-08-19,306,AN320-3,C,BABR,2709,Pendente,4.0
2026-08-19,307,2613419-1,C,BABR,2709,Pendente,1.0
2026-08-19,308,AN565B428H4,C,BABR,2709,Pendente,2.0
2026-08-19,309,2662007-4,C,BABR,2709,Pendente,2.0
2026-08-19,310,2662022-1,C,BABR,2709,Pendente,2.0
2026-08-19,311,AN315-3L,C,BABR,2709,Pendente,2.0
2026-08-19,312,B145-78-7,C,BABR,2709,Pendente,1.0
2026-08-19,313,AS5174D1210,C,BAMN,2732,Pendente,1.0
2026-08-19,314,MS24392-10,C,BAMN,2732,Pendente,1.0
2026-08-19,315,An4-17,C,BANT,2729,Pendente,1.0
2026-08-19,316,S1450-6B12-032,C,BANT,2729,Pendente,2.0
2026-08-19,317,065-0059-01,C,BANT,2722,Pendente,1.0
2026-08-19,318,065-0059-01,C,BANT,2708,Pendente,1.0
2026-08-19,319,050-1518-00,C,BANT,2719,Pendente,1.0
2026-08-19,320,MS21025-24,C,BANT,2729,Pendente,1.0
2026-08-19,321,S51-14,C,BANT,2703,Pendente,1.0
2026-08-19,322,065-0042-03,C,BANT,2719,Pendente,1.0
2026-08-19,323,A1639-32,C,CLA,2723,Pendente,8.0
2026-08-19,324,B-5096,C,CLA,2723,Pendente,8.0
2026-08-19,325,A1633-72,C,CLA,2723,Pendente,2.0
2026-08-19,326,S3326-2RX,R,BACO,2743,Pendente,1.0
2026-08-19,327,799-1,R,BACO,2743,Pendente,1.0
2026-08-19,328,060-0017-00,R,BANT,2703,Pendente,1.0
2026-08-19,329,060-0017-00,R,BANT,2708,Pendente,1.0
2026-08-19,330,4002HS,C,BABR,2709,Pendente,10.0
2026-08-19,331,83-0057,C,BACG,2727,Pendente,1.0
2026-08-19,332,060-0015-00,C,BANT,2729,Pendente,1.0
2026-08-19,333,065-0042-15,C,BANT,2702,Pendente,1.0
2026-08-19,334,99-223-6B23284,C,BANT,2702,Pendente,1.0
2026-08-19,335,065-0042-15,C,BANT,2703,Pendente,1.0
2026-08-19,336,2610014-1,C,BANT,2719,Pendente,1.0
2026-08-19,337,NAS464P4A10,C,BANT,2719,Pendente,5.0
2026-08-19,338,A4513-1,C,BANT,2729,Pendente,1.0
2026-08-19,339,S1104-3,C,BANT,2719,Pendente,1.0
2026-08-19,340,011-00870-00,R,BAMN,2730,Pendente,1.0
2026-08-19,341,MS3116F8-3S,C,BANT,2729,Pendente,1.0
2026-08-19,342,2611024-1,C,BANT,2703,Pendente,2.0
2026-08-19,343,S2527-1,C,BACO,2743,Pendente,2.0
2026-08-19,344,24RB/EWC,C,BACO,2743,Pendente,3.0
2026-08-19,345,1308,C,BACO,2743,Pendente,1.0
2026-08-19,346,011-00870-00,R,BABE,2739,Pendente,1.0
2026-08-19,347,324843-W020,T,BAMN,2736,Pendente,1.0
2026-08-19,348,011-00870-00,R,BABE,2733,Pendente,1.0
2026-08-19,349,300048-200,T,DACTA II,2742,Pendente,1.0
2026-08-19,350,C668050-1103,C,BABR,2720,Pendente,2.0
2026-08-19,351,C668050-1104,C,BABR,2720,Pendente,1.0
2026-08-19,352,MS21044N9,C,BABE,2731,Pendente,8.0
2026-08-19,353,B3-5-1,C,BABR,2709 / 2720 / 2721,Pendente,3.0
2026-08-19,354,011-00870-10,C,BABE,2733,Pendente,1.0
2026-08-19,355,1633-114,C,CLA,2723,Pendente,3.0
2026-08-19,356,B-5477,C,CLA,2723,Pendente,3.0
2026-08-19,357,A1633-82,C,CLA,2723,Pendente,3.0
2026-08-19,358,MS21044N9,C,CLA,2723,Pendente,16.0
2026-08-19,359,A1639-32,C,BABR,2721,Pendente,9.0
2026-08-19,360,A1633-72,C,BABR,2721,Pendente,3.0
2026-08-19,361,2641010-3,R,BANT,2729,Pendente,1.0
2026-08-19,362,LM350K,C,BABE,2733,Pendente,4.0
2026-08-19,363,S3060-3H,C,BABE,2733,Pendente,8.0
2026-08-19,364,060-0015-00,R,BANT,2729,Pendente,1.0
2026-08-19,365,060-0015-00,R,BANT,2708,Pendente,1.0
2026-08-19,366,C662504-0101,R,BABR,2720,Pendente,1.0
2026-08-20,1,302-039-402,C,BABV,2741,Pendente,1.0
2026-08-20,2,302-039-402,C,BAMN,2740,Pendente,1.0
2026-08-20,3,065-0065-01,T,BANT,2719,Pendente,1.0
2026-08-20,4,NAS1739B4-6,C,BABE,2731,Desconsiderado,100.0
2026-08-20,5,CR2248-4-4,C,BABE,2731,Desconsiderado,100.0
2026-08-20,6,NAS1097AD6-5,C,BABE,2731,Desconsiderado,500.0
2026-08-20,7,NAS1097AD6-4,C,BABE,2731,Desconsiderado,100.0
2026-08-20,8,NAS1097AD5-4,C,BABE,2731,Desconsiderado,1.0
2026-08-20,9,NAS1097AD5-7,C,BABE,2731,Desconsiderado,1.0
2026-08-20,10,NAS1097AD4-3,C,BABE,2731,Desconsiderado,1.0
2026-08-20,11,NAS1097AD3-7,C,BABE,2731,Desconsiderado,50.0
2026-08-20,12,5934PAD-3,R,BABE,2739,Pendente,1.0
2026-08-20,13,068-02800,C,BANT,2722,Pendente,1.0
2026-08-20,14,RA068-02800,C,BANT,2722,Pendente,1.0
2026-08-20,15,MS21442-121,C,BABR,2709,Pendente,2.0
2026-08-20,16,523919,C,BABR,2709,Pendente,2.0
2026-08-20,17,065-0042-03,R,BANT,2722,OK,1.0
2026-08-20,18,AE3663163K0600,C,BANT,2728,Pendente,1.0
2026-08-20,19,MS21044N9,C,BANT,2728 e 2719,Pendente,16.0
2026-08-20,20,MS21044N9,C,BANT,2729,OK,8.0
2026-08-20,21,C145-00-46,C,BABR,2709,OK,1.0
2026-08-20,22,62800-001,T,BABR,2709,OK,1.0
2026-08-20,23,065-0042-15,R,BASM,2708,Pendente,1.0
2026-08-20,24,S3326-2,R,BAMN,*,Pendente,1.0
2026-08-20,25,MS29513-338,C,BANT,2719,Pendente,4.0
2026-08-20,26,030-18200,R,BAMN,2732,OK,1.0
2026-08-20,27,9864054-7,C,BAMN,2740,Pendente,1.0
2026-08-20,28,2606015-2,R,BABR,2720,Pendente,1.0
2026-08-20,29,76-207-12,C,BAMN,2740,Pendente,1.0
2026-08-20,30,MS20007-30,C,BABE,2733,OK,2.0
2026-08-20,31,MS20007-16,C,BABE,2733,Pendente,2.0
2026-08-20,32,B-5121,C,EEAR,2703,OK,1.0
2026-08-20,33,C668050-1104,C,BABR,2709,Pendente,1.0
2026-08-20,34,431-0101-01,C,BABR,2709,OK,1.0
2026-08-20,35,2650026-3,C,BABR,2709,OK,2.0
2026-08-20,36,S2300-12,C,BABR,2709,OK,3.0
2026-08-20,37,S2357-1,C,BABR,2709,OK,10.0
2026-08-20,38,2N6576,C,BABR,2709,OK,3.0
2026-08-20,39,22827-3,C,BABR,2709,OK,10.0
2026-08-20,40,068-02800,C,BABR,2709,Pendente,2.0
2026-08-20,41,2N6576,C,BABR,2709,OK,2.0
2026-08-20,42,060-0015-00,R,BABR,2709,Pendente,1.0
2026-08-20,43,066-4010-10,R,BABR,2709,OK,1.0
2026-08-20,44,011-01020-10,R,BAMN,2740,Pendente,1.0
2026-08-20,45,CM2990-G1,C,BABR,2709,Pendente,4.0
2026-08-20,46,C262023-0107,C,CLA,2723,OK,2.0
2026-08-20,47,2126001-1,C,BAMN,2737,Pendente,1.0
2026-08-20,48,2612035-1,C,BANT,2722,Pendente,1.0
2026-08-20,49,2641012-15,R,BANT,2728,Pendente,1.0
2026-08-20,50,DD2W,C,BACO,2743,Pendente,10.0
2026-08-20,51,S3100-581,C,BAMN,2737,Pendente,1.0
2026-08-20,52,GF5500-81,C,BAMN,2736,Pendente,1.0
2026-08-20,53,088-01132-0002,C,BANT,2728,Pendente,1.0
2026-08-20,54,2641012-14,R,BANT,2719,Pendente,1.0
2026-08-20,55,2641012-9,R,BANT,2719,Pendente,1.0
2026-08-20,56,52283,C,BANT,2719,Pendente,2.0
2026-08-20,57,AE3663162E0120,C,BANT,2723,Pendente,1.0
2026-08-20,58,EA-5175-52-CES,R,BANT,2728,OK,1.0
2026-08-20,59,S3100-630,C,BAMN,2737,Pendente,1.0
2026-08-20,60,2660001-107,C,BANT,2719,Pendente,1.0
2026-08-20,61,2660057-1,C,BANT,2719,Pendente,2.0
2026-08-20,62,2660057-1,C,BANT,2728,Pendente,2.0
2026-08-20,63,A-A-55487-5,C,BANT,2719,Pendente,8.0
2026-08-20,64,S2319-64,C,BACO,2743,Pendente,40.0
2026-08-20,65,060-0017-00,R,BANT,2708,Pendente,1.0
2026-08-20,66,MS3456W12S3S,C,BABR,2709,Pendente,2.0
2026-08-20,67,2682001-1,T,BABE/BANT,2739,OK,1.0
2026-08-20,68,MS3509-28,C,BACG,2727,Pendente,2.0
2026-08-20,69,S2899L0.5,C,BACG,2727,Pendente,1.0
2026-08-20,70,1U149-015-15,R,BACO,2743,Pendente,1.0
2026-08-20,71,AN6289J5,C,BABR,2709,Pendente,2.0
2026-08-20,72,MS17825-3,C,BANT,2728,Pendente,2.0
2026-08-20,73,MS17826-3,C,BANT,2728,Pendente,2.0
2026-08-20,74,200-1902-00,C,BAMN,2736,Pendente,2.0
2026-08-20,75,161-12800,R,BANT,2722 / 2728,Pendente,1.0
2026-08-20,76,162-11800,R,BANT,2722 / 2728,Pendente,3.0
2026-08-20,77,161-11700,R,BANT,2722 / 2728,Pendente,1.0
2026-08-20,78,162-10700,R,BANT,2722 / 2728,Pendente,1.0
2026-08-20,79,CI105-9,C,BANT,2722 / 2728,Pendente,1.0
2026-08-20,80,S2669-1,C,BAMN,2738,Pendente,1.0
2026-08-20,81,MS24694-S54,C,DACTA II,2742,Pendente,1.0
2026-08-20,82,NAS1741-06R8,C,BANT,2722,Pendente,10.0
2026-08-20,83,MS24693-S48,C,BANT,2722,Pendente,50.0
2026-08-20,84,071-1242-06,R,CLA,2723,Pendente,1.0
2026-08-20,85,066-3046-01,R,CLA,2723,Pendente,1.0
2026-08-20,86,C661064-0237,R,BABR,2709,Pendente,1.0
2026-08-20,87,76-207-12,C,BABE,2733,Pendente,1.0
2026-08-20,88,071-1242-06,R,BABR,2709,Pendente,1.0
2026-08-20,89,065-0060-01,R,BANT,2722,Pendente,1.0
2026-08-20,91,069-1025-25,R,BACG,2727,Pendente,1.0
2026-08-20,92,066-3084-32,R,BABR,2709,OK,1.0
2026-08-20,93,SD5H14S6667,R,DACTA II,2742,Pendente,1.0
2026-08-20,94,AN4H3A,C,BACO,2743,Pendente,1.0
2026-08-20,95,2615140-2,C,BACO,2743,Pendente,1.0
2026-08-20,96,430-00032-10,C,BABR,2720,Pendente,1.0
2026-08-20,97,MS24392-10,C,BAMN,2741,OK,1.0
2026-08-20,98,9910586-4,R,BAMN,2740,Pendente,1.0
2026-08-20,99,025323-150,R,BABR,2720,Pendente,1.0
2026-08-20,100,011-00916-00,R,BABE,2739,Pendente,1.0
2026-08-20,101,F222086,C,BABR,2720,Pendente,1.0
2026-08-20,102,4626,C,BACG,2727.0,Pendente,1.0
2026-08-20,103,2601040-3,C,BACG,2727.0,Pendente,1.0
2026-08-20,104,345-6196-04,C,BABE,2733.0,Pendente,1.0
2026-08-20,105,200-01902-0000,C,BAMN,2738,Pendente,1.0
2026-08-20,106,9864054-7,C,BAMN,2738,Pendente,1.0
2026-08-20,107,MS28773-05,C,BABR,2720,Pendente,1.0
2026-08-20,108,MS28773-05,C,BABE,2733,Pendente,1.0
2026-08-20,109,2606015-3,R,BABR,2720,Pendente,1.0
2026-08-20,110,C662041-0102,R,BABR,2720,Pendente,1.0
2026-08-20,111,069-01033-0101,R,BANT,2722,OK,1.0
2026-08-20,112,51539-012N,R,BANT,2719.0,Pendente,1.0
2026-08-20,113,2671000PB1,C,BACG,2727,Pendente,1.0
2026-08-20,114,580-219-154,C,BACO,2743,Pendente,1.0
2026-08-20,115,2650085-15,C,BACO,2743,Pendente,1.0
2026-08-20,116,2652021-80,C,BACO,2743,Pendente,2.0
2026-08-20,117,SL6015-5,C,BACO,2743,Pendente,2.0
2026-08-20,118,MS25171-1S,C,BACO,2743,Pendente,10.0
2026-08-20,119,C-145-450,C,BAMN,2732,Pendente,1.0
2026-08-20,120,K00-00351-00,C,BAMN,2740,Pendente,3.0
2026-08-20,121,9910085-2,R,BANT,2728,Pendente,1.0
2026-08-20,122,D210507,R,BANT,2728,Pendente,1.0
2026-08-20,123,RV05-268,C,BANT,2719,Pendente,1.0
2026-08-20,124,RV05-268,C,BANT,2728,Pendente,1.0
2026-08-20,125,5040033933,R,BABR,2709,Pendente,1.0
2026-08-20,126,1U648-001,C,DACTA II,2742,Pendente,1.0
2026-08-20,127,161-12800,R,BABR,2709,Pendente,1.0
2026-08-20,128,162-11800,R,BABR,2709,Pendente,1.0
2026-08-20,129,302-120-402,C,BABR,2709,Pendente,1.0
2026-08-20,130,850C86-2,C,BABR,2709,Pendente,1.0
2026-08-20,131,AN316-4R,C,BABR,2709,Pendente,6.0
2026-08-20,132,C668540-0102,C,EPCAR,2702,Pendente,1.0
2026-08-20,133,MS20392-1C11,C,BAMN,2730,Pendente,1.0
2026-08-20,134,161-11700,R,DACTA II,2742,Pendente,1.0
2026-08-20,135,162-10700,R,DACTA II,2742,Pendente,1.0
2026-08-20,136,AE3663161E0113,C,DACTA II,2742,Pendente,1.0
2026-08-20,137,ST2231-05,C,BANT,2719 / 2728,Pendente,10.0
2026-08-20,138,NAS561P5-12,C,BANT,2719 / 2728,Pendente,2.0
2026-08-20,139,MS20392-1C11,C,BAMN,2730,Pendente,1.0
2026-08-20,140,2617024-6,C,BABE,2739,Pendente,1.0
2026-08-20,141,P860037,C,BABE,2739,Pendente,1.0
2026-08-20,142,S2655-1,C,BABE,2739,Pendente,1.0
2026-08-20,143,2651022-20-1,R,BABE,2739,Pendente,1.0
2026-08-20,144,AE3663163K0600,C,BABR,2709.0,Pendente,1.0
2026-08-20,145,161-11700,R,BACO,2743,Pendente,1.0
2026-08-20,146,162-10700,R,BACO,2743,Pendente,1.0
2026-08-20,147,2641011-5,R,BACO,2743,Pendente,2.0
2026-08-20,148,C662041-0102,R,BABR,2720,Pendente,2.0
2026-08-20,149,069-01033-0101,R,BABR,2720,Pendente,1.0
2026-08-20,150,S1587-7,C,BABE,2739,Pendente,1.0
2026-08-20,151,161-11700,R,BANT,2719 / 2728,Pendente,2.0
2026-08-20,152,162-10700,R,BANT,2719 / 2728,Pendente,2.0
2026-08-20,153,C352TS,T,DACTA II,2742,OK,1.0
2026-08-20,154,066-3046-07,R,CLA,2723,Pendente,1.0
2026-08-20,155,066-1055-00,R,CLA,2723,Pendente,1.0
2026-08-20,156,065-0041-00,R,CLA,2723,Pendente,1.0
2026-08-20,157,200-01902-0000,C,BABE,2731,Pendente,1.0
2026-08-20,158,AN315C4R,C,BANT,2719,Pendente,2.0
2026-08-20,159,2651024-5,C,BANT,2719,Pendente,2.0
2026-08-20,160,MS20392-2C29,C,BANT,2719,Pendente,1.0
2026-08-20,161,071-1052-00,R,BANT,2728,Pendente,1.0
2026-08-20,162,2651022-20-1,R,BABE,2733,Pendente,1.0
2026-08-20,163,071-1242-06,R,BANT,2728,Pendente,1.0
2026-08-20,164,C661065-0237,R,BANT,2719,Pendente,1.0
2026-08-20,165,2618510-10,T,BANT,2728,Pendente,1.0
2026-08-20,166,071-1242-06,R,BANT,2719,Pendente,1.0
2026-08-20,167,C661030-0301,R,BANT,2719,Pendente,1.0
2026-08-20,168,2651040-2,T,EPCAR,2702,Pendente,1.0
2026-08-20,169,2651022-20-1,T,EPCAR,2702,Pendente,1.0
2026-08-20,170,NAS147-43,C,EPCAR,2702,Pendente,2.0
2026-08-20,171,MS21044N7,C,EPCAR,2702,Pendente,2.0
2026-08-20,172,NAS1149F0732P,C,EPCAR,2702,Pendente,2.0
2026-08-20,173,MS20002C7,C,EPCAR,2702,Pendente,4.0
2026-08-20,174,AN5C12A,C,EPCAR,2702,Pendente,1.0
2026-08-20,175,NAS1149C0563R,C,EPCAR,2702,Pendente,2.0
2026-08-20,176,S1450-5H16-032,C,EPCAR,2702,Pendente,1.0
2026-08-20,177,MS21042L5,C,EPCAR,2702,Pendente,1.0
2026-08-20,178,MS20007-16,C,EPCAR,2702,Pendente,2.0
2026-08-20,179,C352TS,T,BACO,2743,OK,1.0
2026-08-20,180,060-0015-00,R,BANT,2721,Pendente,1.0
2026-08-20,181,065-0030-00,R,BANT,2728,Pendente,1.0
2026-08-20,182,066-3060-00,R,BANT,2708 / 2721,Pendente,2.0
2026-08-20,183,C598505-0303,R,BANT,2728,Pendente,1.0
2026-08-20,184,2606016-17,C,BABR,2720,Pendente,1.0
2026-08-20,185,2606016-17,C,BABR,2720,Pendente,1.0
2026-08-20,186,DCN4-5407,C,BABR,2720,Pendente,50.0
2026-08-20,187,NAS147-97,C,EPCAR,2702,Pendente,1.0
2026-08-20,188,NAS147-84,C,EPCAR,2702,Pendente,2.0
2026-08-20,189,AN363-720,C,EPCAR,2702,Pendente,4.0
2026-08-20,190,MS20007-68,C,EPCAR,2702,Pendente,1.0
2026-08-20,191,9910333-1,C,EPCAR,2702,Pendente,6.0
2026-08-20,192,S3461-64,C,EPCAR,2702,Pendente,1.0
2026-08-20,193,AN310C8,C,EPCAR,2702,Pendente,3.0
2026-08-20,194,AN310C8,C,EPCAR,2702,Pendente,3.0
2026-08-20,195,S3465-2-0160,C,BAMN,2737,Pendente,1.0
2026-08-20,196,069-1025-25,R,CLA,2723,Pendente,1.0
2026-08-20,197,069-01033-0101,R,BABR,2720,Pendente,1.0
2026-08-20,198,901207K1,C,BABE,2739,Pendente,5.0
2026-08-20,199,3240572,C,BABE,2739,Pendente,2.0
2026-08-20,200,AE3663162E0120,C,BANT,2703,Pendente,2.0
2026-08-20,201,AN924-3D,C,BACG,2727,Pendente,4.0
2026-08-20,202,MS28778-3,C,BACG,2727,Pendente,2.0
2026-08-20,203,C661065-0237,R,BABR,2721,Pendente,1.0
2026-08-20,204,9910338-4,R,BABR,2721,Pendente,1.0
2026-08-20,205,2643100-206,R,BANT,2719,Pendente,1.0
2026-08-20,206,2618510-10,T,BANT,2719,Pendente,1.0
2026-08-20,207,066-3084-32,R,BANT,2719,Pendente,1.0
2026-08-20,208,3014226,C,BANT,2719,Pendente,1.0
2026-08-20,209,S1450-4S10-032,C,BANT,2719,Pendente,2.0
2026-08-20,210,MS27975-2,C,BANT,2719,Pendente,2.0
2026-08-20,211,S1021Z8-8,C,BANT,2719,Pendente,6.0
2026-08-20,212,R581559,C,BANT,2719,Pendente,2.0
2026-08-20,213,R581559,C,BANT,2719,Pendente,1.0
2026-08-20,214,R581559,C,BANT,2719,Pendente,1.0
2026-08-20,215,C145-00-46,C,BAMN,2732,Pendente,1.0
2026-08-20,216,U554426,C,BABE,2739,Pendente,60.0
2026-08-20,217,2653019-1,C,BABR,2721,Pendente,1.0
2026-08-20,218,MS35426-27,C,BABR,2721,Pendente,4.0
2026-08-20,219,S1741-1,C,BABR,2721,Pendente,4.0
2026-08-20,220,A1633-72,C,BACO,2742,Pendente,1.0
2026-08-20,221,A1639-32,C,BACO,2742,Pendente,8.0
2026-08-20,222,AN363-720,C,BACO,2742,Pendente,4.0
2026-08-20,223,AS3209-016,C,BACO,2742,Pendente,1.0
2026-08-20,224,DCN4-3807,C,BACO,2742,Pendente,1.0
2026-08-20,225,MS20002C7,C,BACO,2742,Pendente,4.0
2026-08-20,226,MS20007-68,C,BACO,2742,Pendente,1.0
2026-08-20,227,MS28773-05,C,BACO,2742,Pendente,1.0
2026-08-20,228,MS28775-022,C,BACO,2742,Pendente,1.0
2026-08-20,229,MS28778-4,C,BACO,2742,Pendente,1.0
2026-08-20,230,MS29512-08,C,BACO,2742,Pendente,1.0
2026-08-20,231,NAS1149C0763R,C,BACO,2742,Pendente,4.0
2026-08-20,232,NAS147-84,C,BACO,2742,Pendente,2.0
2026-08-20,233,NAS147-97,C,BACO,2742,Pendente,1.0
2026-08-20,234,C598505-0304,C,BANT,FROTA,Pendente,1.0
2026-08-20,235,C598505-0304,C,BANT,FROTA,Pendente,1.0
2026-08-20,236,C598505-0303,C,BANT,FROTA,Pendente,2.0
2026-08-20,237,C598505-0303,C,BANT,FROTA,Pendente,1.0
2026-08-20,238,70-22-01,C,BANT,FROTA,Pendente,2.0
2026-08-20,239,70-22-01,C,BANT,FROTA,Pendente,2.0
2026-08-20,240,066-01141-5101,R,BANT,FROTA,Pendente,1.0
2026-08-20,241,MS35206-247,C,BANT,FROTA,Pendente,20.0
2026-08-20,242,065-0042-15,R,BANT,FROTA,Pendente,1.0
2026-08-20,243,C662041-0102,R,BANT,FROTA,Pendente,1.0
2026-08-20,244,011-00412-00,R,BANT,FROTA,Pendente,1.0
2026-08-20,245,3014227,C,BANT,FROTA,Pendente,1.0
2026-08-20,246,A1633-72,C,BANT,FROTA,Pendente,1.0
2026-08-20,247,066-3084-32,R,BANT,FROTA,Pendente,1.0
2026-08-20,248,AE3663724G0330,C,BANT,FROTA,Pendente,3.0
2026-08-20,249,0541140-1,C,BACG,2727,Pendente,1.0
2026-08-20,250,644-04303416,C,BANT,2719,Pendente,1.0
2026-08-20,251,C668050-1108,C,BABR,2721,Pendente,1.0
2026-08-20,252,2641012-14,T,BABE,2731,Pendente,1.0
2026-08-20,253,S2495-12B0600,C,BACG,2727,Pendente,1.0
2026-08-20,254,2641014-9,T,BABE,2731,Pendente,1.0
2026-08-20,255,S1985-1,C,CLA,2723,Pendente,1.0
2026-08-20,256,S1985-1,C,CLA,2723,Pendente,1.0
2026-08-20,257,200SGL153Q,R,BACO,2743,OK,1.0
2026-08-20,258,9910338-8RX,R,BABR,2721,Pendente,1.0
2026-08-20,259,162-11800,R,BANT,2703,Pendente,2.0
2026-08-20,260,200SGL119Q-2,R,BANT,2722,OK,1.0
2026-08-20,261,2641011-5,T,BANT,2719,Pendente,1.0
2026-08-20,262,452-0133,T,BANT,2728,Pendente,1.0
2026-08-20,263,C352TS,R,BANT,2728,OK,1.0
2026-08-20,264,S3326-2,R,BABE,2731,Pendente,1.0
2026-08-20,265,S2502-3,C,BABE,2731,Pendente,2.0
2026-08-20,266,P860037,C,BABE,2733,Pendente,2.0
2026-08-20,267,AE3663231B0160,C,BAMN,2736 / 2738 / 2741,Pendente,3.0
2026-08-20,268,8210-002-01,R,BABR,2721,Pendente,1.0
2026-08-20,269,DCN4-3807,C,BABR,2721,Pendente,2.0
2026-08-20,270,MS28773-05,C,BABR,2721,Pendente,2.0
2026-08-20,271,1215073-28,C,BABR,2721,Pendente,2.0
2026-08-20,272,9910573-21,C,BABR,2721,Pendente,1.0
2026-08-20,273,3121248-03,R,BABR,2721,Pendente,1.0
2026-08-20,274,5040033933,R,BABR,2709,Pendente,1.0
2026-08-20,275,R581559,C,BABR,2709,Pendente,4.0
2026-08-20,276,S3413-104,C,BABR,2709,Pendente,10.0
2026-08-20,277,S3413-105,C,BABR,2709,Pendente,10.0
2026-08-20,278,S3413-107,C,BABR,2709,Pendente,10.0
2026-08-20,279,S3413-109,C,BABR,2709,Pendente,5.0
2026-08-20,280,S3413-110,C,BABR,2709,Pendente,10.0
2026-08-20,281,S2319-64,C,BABR,2709,Pendente,50.0
2026-08-20,282,S2319-50,C,BABR,2709,Pendente,50.0
2026-08-20,283,B4864,C,BABR,2709,Pendente,1.0
2026-08-20,284,B4940-1,C,BABR,2709,Pendente,1.0
2026-08-20,285,B4940-2,C,BABR,2709,Pendente,10.0
2026-08-20,286,2654012-2,C,BABR,2709,Pendente,1.0
2026-08-20,287,5111602-16,C,BABE,2731,Pendente,67.0
2026-08-20,288,2641032-202,C,BAMN,2741,Pendente,1.0
2026-08-20,289,850C86-2,C,BABR,2709,Pendente,2.0
2026-08-20,290,302-120-402,C,BABR,2709,Pendente,1.0
2026-08-20,291,MS28778-3,C,BAMN,2736,Pendente,6.0
2026-08-20,292,AE3663161E0113,C,BAMN,2736,Pendente,1.0
2026-08-20,293,1414116-7,C,BABE,2739,Pendente,4.0
2026-08-20,294,S1985-1,C,BANT,2708,Pendente,1.0
2026-08-20,295,2270030-12,C,BANT,2708,Pendente,1.0
2026-08-20,296,066-4010-12,R,BANT,2708,Pendente,1.0
2026-08-20,297,3034792,R,DACTA II,2742,Pendente,1.0
2026-08-20,298,3024973,C,DACTA II,2742,Pendente,1.0
2026-08-20,299,M83461/1-012,C,DACTA II,2742,Pendente,1.0
2026-08-20,300,3039937,C,DACTA II,2742,Pendente,1.0
2026-08-20,301,3014227,C,DACTA II,2742,Pendente,1.0
2026-08-20,302,C668050-1108,C,BABE,2723,Pendente,1.0
2026-08-20,303,2522275-1,C,BABE,2723,Pendente,2.0
2026-08-20,304,S2870-1,C,BABE,2723,Pendente,2.0
2026-08-20,305,NSL 1422 B2,C,BABE,2723,Pendente,6.0
2026-08-20,306,AN320-3,C,BABR,2709,Pendente,4.0
2026-08-20,307,2613419-1,C,BABR,2709,Pendente,1.0
2026-08-20,308,AN565B428H4,C,BABR,2709,Pendente,2.0
2026-08-20,309,2662007-4,C,BABR,2709,Pendente,2.0
2026-08-20,310,2662022-1,C,BABR,2709,Pendente,2.0
2026-08-20,311,AN315-3L,C,BABR,2709,Pendente,2.0
2026-08-20,312,B145-78-7,C,BABR,2709,Pendente,1.0
2026-08-20,313,AS5174D1210,C,BAMN,2732,Pendente,1.0
2026-08-20,314,MS24392-10,C,BAMN,2732,Pendente,1.0
2026-08-20,315,An4-17,C,BANT,2729,Pendente,1.0
2026-08-20,316,S1450-6B12-032,C,BANT,2729,Pendente,2.0
2026-08-20,317,065-0059-01,C,BANT,2722,Pendente,1.0
2026-08-20,318,065-0059-01,C,BANT,2708,Pendente,1.0
2026-08-20,319,050-1518-00,C,BANT,2719,Pendente,1.0
2026-08-20,320,MS21025-24,C,BANT,2729,Pendente,1.0
2026-08-20,321,S51-14,C,BANT,2703,Pendente,1.0
2026-08-20,322,065-0042-03,C,BANT,2719,Pendente,1.0
2026-08-20,323,A1639-32,C,CLA,2723,Pendente,8.0
2026-08-20,324,B-5096,C,CLA,2723,Pendente,8.0
2026-08-20,325,A1633-72,C,CLA,2723,Pendente,2.0
2026-08-20,326,S3326-2RX,R,BACO,2743,Pendente,1.0
2026-08-20,327,799-1,R,BACO,2743,Pendente,1.0
2026-08-20,328,060-0017-00,R,BANT,2703,Pendente,1.0
2026-08-20,329,060-0017-00,R,BANT,2708,Pendente,1.0
2026-08-20,330,4002HS,C,BABR,2709,Pendente,10.0
2026-08-20,331,83-0057,C,BACG,2727,Pendente,1.0
2026-08-20,332,060-0015-00,C,BANT,2729,Pendente,1.0
2026-08-20,333,065-0042-15,C,BANT,2702,Pendente,1.0
2026-08-20,334,99-223-6B23284,C,BANT,2702,Pendente,1.0
2026-08-20,335,065-0042-15,C,BANT,2703,Pendente,1.0
2026-08-20,336,2610014-1,C,BANT,2719,Pendente,1.0
2026-08-20,337,NAS464P4A10,C,BANT,2719,Pendente,5.0
2026-08-20,338,A4513-1,C,BANT,2729,Pendente,1.0
2026-08-20,339,S1104-3,C,BANT,2719,Pendente,1.0
2026-08-20,340,011-00870-00,R,BAMN,2730,Pendente,1.0
2026-08-20,341,MS3116F8-3S,C,BANT,2729,Pendente,1.0
2026-08-20,342,2611024-1,C,BANT,2703,Pendente,2.0
2026-08-20,343,S2527-1,C,BACO,2743,Pendente,2.0
2026-08-20,344,24RB/EWC,C,BACO,2743,Pendente,3.0
2026-08-20,345,1308,C,BACO,2743,Pendente,1.0
2026-08-20,346,011-00870-00,R,BABE,2739,Pendente,1.0
2026-08-20,347,324843-W020,T,BAMN,2736,Pendente,1.0
2026-08-20,348,011-00870-00,R,BABE,2733,Pendente,1.0
2026-08-20,349,300048-200,T,DACTA II,2742,Pendente,1.0
2026-08-20,350,C668050-1103,C,BABR,2720,Pendente,2.0
2026-08-20,351,C668050-1104,C,BABR,2720,Pendente,1.0
2026-08-20,352,MS21044N9,C,BABE,2731,Pendente,8.0
2026-08-20,353,B3-5-1,C,BABR,2709 / 2720 / 2721,Pendente,3.0
2026-08-20,354,011-00870-10,C,BABE,2733,Pendente,1.0
2026-08-20,355,1633-114,C,CLA,2723,Pendente,3.0
2026-08-20,356,B-5477,C,CLA,2723,Pendente,3.0
2026-08-20,357,A1633-82,C,CLA,2723,Pendente,3.0
2026-08-20,358,MS21044N9,C,CLA,2723,Pendente,16.0
2026-08-20,359,A1639-32,C,BABR,2721,Pendente,9.0
2026-08-20,360,A1633-72,C,BABR,2721,Pendente,3.0
2026-08-20,361,2641010-3,R,BANT,2729,Pendente,1.0
2026-08-20,362,LM350K,C,BABE,2733,Pendente,4.0
2026-08-20,363,S3060-3H,C,BABE,2733,Pendente,8.0
2026-08-20,364,060-0015-00,R,BANT,2729,Pendente,1.0
2026-08-20,365,060-0015-00,R,BANT,2708,Pendente,1.0
2026-08-20,366,C662504-0101,R,BABR,2720,Pendente,1.0
2026-08-21,1,302-039-402,C,BABV,2741,Pendente,1.0
2026-08-21,2,302-039-402,C,BAMN,2740,Pendente,1.0
2026-08-21,3,065-0065-01,T,BANT,2719,Pendente,1.0
2026-08-21,4,NAS1739B4-6,C,BABE,2731,Desconsiderado,100.0
2026-08-21,5,CR2248-4-4,C,BABE,2731,Desconsiderado,100.0
2026-08-21,6,NAS1097AD6-5,C,BABE,2731,Desconsiderado,500.0
2026-08-21,7,NAS1097AD6-4,C,BABE,2731,Desconsiderado,100.0
2026-08-21,8,NAS1097AD5-4,C,BABE,2731,Desconsiderado,1.0
2026-08-21,9,NAS1097AD5-7,C,BABE,2731,Desconsiderado,1.0
2026-08-21,10,NAS1097AD4-3,C,BABE,2731,Desconsiderado,1.0
2026-08-21,11,NAS1097AD3-7,C,BABE,2731,Desconsiderado,50.0
2026-08-21,12,5934PAD-3,R,BABE,2739,Pendente,1.0
2026-08-21,13,068-02800,C,BANT,2722,Pendente,1.0
2026-08-21,14,RA068-02800,C,BANT,2722,Pendente,1.0
2026-08-21,15,MS21442-121,C,BABR,2709,Pendente,2.0
2026-08-21,16,523919,C,BABR,2709,Pendente,2.0
2026-08-21,17,065-0042-03,R,BANT,2722,OK,1.0
2026-08-21,18,AE3663163K0600,C,BANT,2728,Pendente,1.0
2026-08-21,19,MS21044N9,C,BANT,2728 e 2719,Pendente,16.0
2026-08-21,20,MS21044N9,C,BANT,2729,OK,8.0
2026-08-21,21,C145-00-46,C,BABR,2709,OK,1.0
2026-08-21,22,62800-001,T,BABR,2709,OK,1.0
2026-08-21,23,065-0042-15,R,BASM,2708,Pendente,1.0
2026-08-21,24,S3326-2,R,BAMN,*,Pendente,1.0
2026-08-21,25,MS29513-338,C,BANT,2719,Pendente,4.0
2026-08-21,26,030-18200,R,BAMN,2732,OK,1.0
2026-08-21,27,9864054-7,C,BAMN,2740,Pendente,1.0
2026-08-21,28,2606015-2,R,BABR,2720,Pendente,1.0
2026-08-21,29,76-207-12,C,BAMN,2740,Pendente,1.0
2026-08-21,30,MS20007-30,C,BABE,2733,OK,2.0
2026-08-21,31,MS20007-16,C,BABE,2733,Pendente,2.0
2026-08-21,32,B-5121,C,EEAR,2703,OK,1.0
2026-08-21,33,C668050-1104,C,BABR,2709,Pendente,1.0
2026-08-21,34,431-0101-01,C,BABR,2709,OK,1.0
2026-08-21,35,2650026-3,C,BABR,2709,OK,2.0
2026-08-21,36,S2300-12,C,BABR,2709,OK,3.0
2026-08-21,37,S2357-1,C,BABR,2709,OK,10.0
2026-08-21,38,2N6576,C,BABR,2709,OK,3.0
2026-08-21,39,22827-3,C,BABR,2709,OK,10.0
2026-08-21,40,068-02800,C,BABR,2709,Pendente,2.0
2026-08-21,41,2N6576,C,BABR,2709,OK,2.0
2026-08-21,42,060-0015-00,R,BABR,2709,Pendente,1.0
2026-08-21,43,066-4010-10,R,BABR,2709,OK,1.0
2026-08-21,44,011-01020-10,R,BAMN,2740,Pendente,1.0
2026-08-21,45,CM2990-G1,C,BABR,2709,Pendente,4.0
2026-08-21,46,C262023-0107,C,CLA,2723,OK,2.0
2026-08-21,47,2126001-1,C,BAMN,2737,Pendente,1.0
2026-08-21,48,2612035-1,C,BANT,2722,Pendente,1.0
2026-08-21,49,2641012-15,R,BANT,2728,Pendente,1.0
2026-08-21,50,DD2W,C,BACO,2743,Pendente,10.0
2026-08-21,51,S3100-581,C,BAMN,2737,Pendente,1.0
2026-08-21,52,GF5500-81,C,BAMN,2736,Pendente,1.0
2026-08-21,53,088-01132-0002,C,BANT,2728,Pendente,1.0
2026-08-21,54,2641012-14,R,BANT,2719,Pendente,1.0
2026-08-21,55,2641012-9,R,BANT,2719,Pendente,1.0
2026-08-21,56,52283,C,BANT,2719,Pendente,2.0
2026-08-21,57,AE3663162E0120,C,BANT,2723,Pendente,1.0
2026-08-21,58,EA-5175-52-CES,R,BANT,2728,OK,1.0
2026-08-21,59,S3100-630,C,BAMN,2737,Pendente,1.0
2026-08-21,60,2660001-107,C,BANT,2719,Pendente,1.0
2026-08-21,61,2660057-1,C,BANT,2719,Pendente,2.0
2026-08-21,62,2660057-1,C,BANT,2728,Pendente,2.0
2026-08-21,63,A-A-55487-5,C,BANT,2719,Pendente,8.0
2026-08-21,64,S2319-64,C,BACO,2743,Pendente,40.0
2026-08-21,65,060-0017-00,R,BANT,2708,Pendente,1.0
2026-08-21,66,MS3456W12S3S,C,BABR,2709,Pendente,2.0
2026-08-21,67,2682001-1,T,BABE/BANT,2739,OK,1.0
2026-08-21,68,MS3509-28,C,BACG,2727,Pendente,2.0
2026-08-21,69,S2899L0.5,C,BACG,2727,Pendente,1.0
2026-08-21,70,1U149-015-15,R,BACO,2743,Pendente,1.0
2026-08-21,71,AN6289J5,C,BABR,2709,Pendente,2.0
2026-08-21,72,MS17825-3,C,BANT,2728,Pendente,2.0
2026-08-21,73,MS17826-3,C,BANT,2728,Pendente,2.0
2026-08-21,74,200-1902-00,C,BAMN,2736,Pendente,2.0
2026-08-21,75,161-12800,R,BANT,2722 / 2728,Pendente,1.0
2026-08-21,76,162-11800,R,BANT,2722 / 2728,Pendente,3.0
2026-08-21,77,161-11700,R,BANT,2722 / 2728,Pendente,1.0
2026-08-21,78,162-10700,R,BANT,2722 / 2728,Pendente,1.0
2026-08-21,79,CI105-9,C,BANT,2722 / 2728,Pendente,1.0
2026-08-21,80,S2669-1,C,BAMN,2738,Pendente,1.0
2026-08-21,81,MS24694-S54,C,DACTA II,2742,Pendente,1.0
2026-08-21,82,NAS1741-06R8,C,BANT,2722,Pendente,10.0
2026-08-21,83,MS24693-S48,C,BANT,2722,Pendente,50.0
2026-08-21,84,071-1242-06,R,CLA,2723,Pendente,1.0
2026-08-21,85,066-3046-01,R,CLA,2723,Pendente,1.0
2026-08-21,86,C661064-0237,R,BABR,2709,Pendente,1.0
2026-08-21,87,76-207-12,C,BABE,2733,Pendente,1.0
2026-08-21,88,071-1242-06,R,BABR,2709,Pendente,1.0
2026-08-21,89,065-0060-01,R,BANT,2722,Pendente,1.0
2026-08-21,91,069-1025-25,R,BACG,2727,Pendente,1.0
2026-08-21,92,066-3084-32,R,BABR,2709,OK,1.0
2026-08-21,93,SD5H14S6667,R,DACTA II,2742,Pendente,1.0
2026-08-21,94,AN4H3A,C,BACO,2743,Pendente,1.0
2026-08-21,95,2615140-2,C,BACO,2743,Pendente,1.0
2026-08-21,96,430-00032-10,C,BABR,2720,Pendente,1.0
2026-08-21,97,MS24392-10,C,BAMN,2741,OK,1.0
2026-08-21,98,9910586-4,R,BAMN,2740,Pendente,1.0
2026-08-21,99,025323-150,R,BABR,2720,Pendente,1.0
2026-08-21,100,011-00916-00,R,BABE,2739,Pendente,1.0
2026-08-21,101,F222086,C,BABR,2720,Pendente,1.0
2026-08-21,102,4626,C,BACG,2727.0,Pendente,1.0
2026-08-21,103,2601040-3,C,BACG,2727.0,Pendente,1.0
2026-08-21,104,345-6196-04,C,BABE,2733.0,Pendente,1.0
2026-08-21,105,200-01902-0000,C,BAMN,2738,Pendente,1.0
2026-08-21,106,9864054-7,C,BAMN,2738,Pendente,1.0
2026-08-21,107,MS28773-05,C,BABR,2720,Pendente,1.0
2026-08-21,108,MS28773-05,C,BABE,2733,Pendente,1.0
2026-08-21,109,2606015-3,R,BABR,2720,Pendente,1.0
2026-08-21,110,C662041-0102,R,BABR,2720,Pendente,1.0
2026-08-21,111,069-01033-0101,R,BANT,2722,OK,1.0
2026-08-21,112,51539-012N,R,BANT,2719.0,Pendente,1.0
2026-08-21,113,2671000PB1,C,BACG,2727,Pendente,1.0
2026-08-21,114,580-219-154,C,BACO,2743,Pendente,1.0
2026-08-21,115,2650085-15,C,BACO,2743,Pendente,1.0
2026-08-21,116,2652021-80,C,BACO,2743,Pendente,2.0
2026-08-21,117,SL6015-5,C,BACO,2743,Pendente,2.0
2026-08-21,118,MS25171-1S,C,BACO,2743,Pendente,10.0
2026-08-21,119,C-145-450,C,BAMN,2732,Pendente,1.0
2026-08-21,120,K00-00351-00,C,BAMN,2740,Pendente,3.0
2026-08-21,121,9910085-2,R,BANT,2728,Pendente,1.0
2026-08-21,122,D210507,R,BANT,2728,Pendente,1.0
2026-08-21,123,RV05-268,C,BANT,2719,Pendente,1.0
2026-08-21,124,RV05-268,C,BANT,2728,Pendente,1.0
2026-08-21,125,5040033933,R,BABR,2709,Pendente,1.0
2026-08-21,126,1U648-001,C,DACTA II,2742,Pendente,1.0
2026-08-21,127,161-12800,R,BABR,2709,Pendente,1.0
2026-08-21,128,162-11800,R,BABR,2709,Pendente,1.0
2026-08-21,129,302-120-402,C,BABR,2709,Pendente,1.0
2026-08-21,130,850C86-2,C,BABR,2709,Pendente,1.0
2026-08-21,131,AN316-4R,C,BABR,2709,Pendente,6.0
2026-08-21,132,C668540-0102,C,EPCAR,2702,Pendente,1.0
2026-08-21,133,MS20392-1C11,C,BAMN,2730,Pendente,1.0
2026-08-21,134,161-11700,R,DACTA II,2742,Pendente,1.0
2026-08-21,135,162-10700,R,DACTA II,2742,Pendente,1.0
2026-08-21,136,AE3663161E0113,C,DACTA II,2742,Pendente,1.0
2026-08-21,137,ST2231-05,C,BANT,2719 / 2728,Pendente,10.0
2026-08-21,138,NAS561P5-12,C,BANT,2719 / 2728,Pendente,2.0
2026-08-21,139,MS20392-1C11,C,BAMN,2730,Pendente,1.0
2026-08-21,140,2617024-6,C,BABE,2739,Pendente,1.0
2026-08-21,141,P860037,C,BABE,2739,Pendente,1.0
2026-08-21,142,S2655-1,C,BABE,2739,Pendente,1.0
2026-08-21,143,2651022-20-1,R,BABE,2739,Pendente,1.0
2026-08-21,144,AE3663163K0600,C,BABR,2709.0,Pendente,1.0
2026-08-21,145,161-11700,R,BACO,2743,Pendente,1.0
2026-08-21,146,162-10700,R,BACO,2743,Pendente,1.0
2026-08-21,147,2641011-5,R,BACO,2743,Pendente,2.0
2026-08-21,148,C662041-0102,R,BABR,2720,Pendente,2.0
2026-08-21,149,069-01033-0101,R,BABR,2720,Pendente,1.0
2026-08-21,150,S1587-7,C,BABE,2739,Pendente,1.0
2026-08-21,151,161-11700,R,BANT,2719 / 2728,Pendente,2.0
2026-08-21,152,162-10700,R,BANT,2719 / 2728,Pendente,2.0
2026-08-21,153,C352TS,T,DACTA II,2742,OK,1.0
2026-08-21,154,066-3046-07,R,CLA,2723,Pendente,1.0
2026-08-21,155,066-1055-00,R,CLA,2723,Pendente,1.0
2026-08-21,156,065-0041-00,R,CLA,2723,Pendente,1.0
2026-08-21,157,200-01902-0000,C,BABE,2731,Pendente,1.0
2026-08-21,158,AN315C4R,C,BANT,2719,Pendente,2.0
2026-08-21,159,2651024-5,C,BANT,2719,Pendente,2.0
2026-08-21,160,MS20392-2C29,C,BANT,2719,Pendente,1.0
2026-08-21,161,071-1052-00,R,BANT,2728,Pendente,1.0
2026-08-21,162,2651022-20-1,R,BABE,2733,Pendente,1.0
2026-08-21,163,071-1242-06,R,BANT,2728,Pendente,1.0
2026-08-21,164,C661065-0237,R,BANT,2719,Pendente,1.0
2026-08-21,165,2618510-10,T,BANT,2728,Pendente,1.0
2026-08-21,166,071-1242-06,R,BANT,2719,Pendente,1.0
2026-08-21,167,C661030-0301,R,BANT,2719,Pendente,1.0
2026-08-21,168,2651040-2,T,EPCAR,2702,Pendente,1.0
2026-08-21,169,2651022-20-1,T,EPCAR,2702,Pendente,1.0
2026-08-21,170,NAS147-43,C,EPCAR,2702,Pendente,2.0
2026-08-21,171,MS21044N7,C,EPCAR,2702,Pendente,2.0
2026-08-21,172,NAS1149F0732P,C,EPCAR,2702,Pendente,2.0
2026-08-21,173,MS20002C7,C,EPCAR,2702,Pendente,4.0
2026-08-21,174,AN5C12A,C,EPCAR,2702,Pendente,1.0
2026-08-21,175,NAS1149C0563R,C,EPCAR,2702,Pendente,2.0
2026-08-21,176,S1450-5H16-032,C,EPCAR,2702,Pendente,1.0
2026-08-21,177,MS21042L5,C,EPCAR,2702,Pendente,1.0
2026-08-21,178,MS20007-16,C,EPCAR,2702,Pendente,2.0
2026-08-21,179,C352TS,T,BACO,2743,OK,1.0
2026-08-21,180,060-0015-00,R,BANT,2721,Pendente,1.0
2026-08-21,181,065-0030-00,R,BANT,2728,Pendente,1.0
2026-08-21,182,066-3060-00,R,BANT,2708 / 2721,Pendente,2.0
2026-08-21,183,C598505-0303,R,BANT,2728,Pendente,1.0
2026-08-21,184,2606016-17,C,BABR,2720,Pendente,1.0
2026-08-21,185,2606016-17,C,BABR,2720,Pendente,1.0
2026-08-21,186,DCN4-5407,C,BABR,2720,Pendente,50.0
2026-08-21,187,NAS147-97,C,EPCAR,2702,Pendente,1.0
2026-08-21,188,NAS147-84,C,EPCAR,2702,Pendente,2.0
2026-08-21,189,AN363-720,C,EPCAR,2702,Pendente,4.0
2026-08-21,190,MS20007-68,C,EPCAR,2702,Pendente,1.0
2026-08-21,191,9910333-1,C,EPCAR,2702,Pendente,6.0
2026-08-21,192,S3461-64,C,EPCAR,2702,Pendente,1.0
2026-08-21,193,AN310C8,C,EPCAR,2702,Pendente,3.0
2026-08-21,194,AN310C8,C,EPCAR,2702,Pendente,3.0
2026-08-21,195,S3465-2-0160,C,BAMN,2737,Pendente,1.0
2026-08-21,196,069-1025-25,R,CLA,2723,Pendente,1.0
2026-08-21,197,069-01033-0101,R,BABR,2720,Pendente,1.0
2026-08-21,198,901207K1,C,BABE,2739,Pendente,5.0
2026-08-21,199,3240572,C,BABE,2739,Pendente,2.0
2026-08-21,200,AE3663162E0120,C,BANT,2703,Pendente,2.0
2026-08-21,201,AN924-3D,C,BACG,2727,Pendente,4.0
2026-08-21,202,MS28778-3,C,BACG,2727,Pendente,2.0
2026-08-21,203,C661065-0237,R,BABR,2721,Pendente,1.0
2026-08-21,204,9910338-4,R,BABR,2721,Pendente,1.0
2026-08-21,205,2643100-206,R,BANT,2719,Pendente,1.0
2026-08-21,206,2618510-10,T,BANT,2719,Pendente,1.0
2026-08-21,207,066-3084-32,R,BANT,2719,Pendente,1.0
2026-08-21,208,3014226,C,BANT,2719,Pendente,1.0
2026-08-21,209,S1450-4S10-032,C,BANT,2719,Pendente,2.0
2026-08-21,210,MS27975-2,C,BANT,2719,Pendente,2.0
2026-08-21,211,S1021Z8-8,C,BANT,2719,Pendente,6.0
2026-08-21,212,R581559,C,BANT,2719,Pendente,2.0
2026-08-21,213,R581559,C,BANT,2719,Pendente,1.0
2026-08-21,214,R581559,C,BANT,2719,Pendente,1.0
2026-08-21,215,C145-00-46,C,BAMN,2732,Pendente,1.0
2026-08-21,216,U554426,C,BABE,2739,Pendente,60.0
2026-08-21,217,2653019-1,C,BABR,2721,Pendente,1.0
2026-08-21,218,MS35426-27,C,BABR,2721,Pendente,4.0
2026-08-21,219,S1741-1,C,BABR,2721,Pendente,4.0
2026-08-21,220,A1633-72,C,BACO,2742,Pendente,1.0
2026-08-21,221,A1639-32,C,BACO,2742,Pendente,8.0
2026-08-21,222,AN363-720,C,BACO,2742,Pendente,4.0
2026-08-21,223,AS3209-016,C,BACO,2742,Pendente,1.0
2026-08-21,224,DCN4-3807,C,BACO,2742,Pendente,1.0
2026-08-21,225,MS20002C7,C,BACO,2742,Pendente,4.0
2026-08-21,226,MS20007-68,C,BACO,2742,Pendente,1.0
2026-08-21,227,MS28773-05,C,BACO,2742,Pendente,1.0
2026-08-21,228,MS28775-022,C,BACO,2742,Pendente,1.0
2026-08-21,229,MS28778-4,C,BACO,2742,Pendente,1.0
2026-08-21,230,MS29512-08,C,BACO,2742,Pendente,1.0
2026-08-21,231,NAS1149C0763R,C,BACO,2742,Pendente,4.0
2026-08-21,232,NAS147-84,C,BACO,2742,Pendente,2.0
2026-08-21,233,NAS147-97,C,BACO,2742,Pendente,1.0
2026-08-21,234,C598505-0304,C,BANT,FROTA,Pendente,1.0
2026-08-21,235,C598505-0304,C,BANT,FROTA,Pendente,1.0
2026-08-21,236,C598505-0303,C,BANT,FROTA,Pendente,2.0
2026-08-21,237,C598505-0303,C,BANT,FROTA,Pendente,1.0
2026-08-21,238,70-22-01,C,BANT,FROTA,Pendente,2.0
2026-08-21,239,70-22-01,C,BANT,FROTA,Pendente,2.0
2026-08-21,240,066-01141-5101,R,BANT,FROTA,Pendente,1.0
2026-08-21,241,MS35206-247,C,BANT,FROTA,Pendente,20.0
2026-08-21,242,065-0042-15,R,BANT,FROTA,Pendente,1.0
2026-08-21,243,C662041-0102,R,BANT,FROTA,Pendente,1.0
2026-08-21,244,011-00412-00,R,BANT,FROTA,Pendente,1.0
2026-08-21,245,3014227,C,BANT,FROTA,Pendente,1.0
2026-08-21,246,A1633-72,C,BANT,FROTA,Pendente,1.0
2026-08-21,247,066-3084-32,R,BANT,FROTA,Pendente,1.0
2026-08-21,248,AE3663724G0330,C,BANT,FROTA,Pendente,3.0
2026-08-21,249,0541140-1,C,BACG,2727,Pendente,1.0
2026-08-21,250,644-04303416,C,BANT,2719,Pendente,1.0
2026-08-21,251,C668050-1108,C,BABR,2721,Pendente,1.0
2026-08-21,252,2641012-14,T,BABE,2731,Pendente,1.0
2026-08-21,253,S2495-12B0600,C,BACG,2727,Pendente,1.0
2026-08-21,254,2641014-9,T,BABE,2731,Pendente,1.0
2026-08-21,255,S1985-1,C,CLA,2723,Pendente,1.0
2026-08-21,256,S1985-1,C,CLA,2723,Pendente,1.0
2026-08-21,257,200SGL153Q,R,BACO,2743,OK,1.0
2026-08-21,258,9910338-8RX,R,BABR,2721,Pendente,1.0
2026-08-21,259,162-11800,R,BANT,2703,Pendente,2.0
2026-08-21,260,200SGL119Q-2,R,BANT,2722,OK,1.0
2026-08-21,261,2641011-5,T,BANT,2719,Pendente,1.0
2026-08-21,262,452-0133,T,BANT,2728,Pendente,1.0
2026-08-21,263,C352TS,R,BANT,2728,OK,1.0
2026-08-21,264,S3326-2,R,BABE,2731,Pendente,1.0
2026-08-21,265,S2502-3,C,BABE,2731,Pendente,2.0
2026-08-21,266,P860037,C,BABE,2733,Pendente,2.0
2026-08-21,267,AE3663231B0160,C,BAMN,2736 / 2738 / 2741,Pendente,3.0
2026-08-21,268,8210-002-01,R,BABR,2721,Pendente,1.0
2026-08-21,269,DCN4-3807,C,BABR,2721,Pendente,2.0
2026-08-21,270,MS28773-05,C,BABR,2721,Pendente,2.0
2026-08-21,271,1215073-28,C,BABR,2721,Pendente,2.0
2026-08-21,272,9910573-21,C,BABR,2721,Pendente,1.0
2026-08-21,273,3121248-03,R,BABR,2721,Pendente,1.0
2026-08-21,274,5040033933,R,BABR,2709,Pendente,1.0
2026-08-21,275,R581559,C,BABR,2709,Pendente,4.0
2026-08-21,276,S3413-104,C,BABR,2709,Pendente,10.0
2026-08-21,277,S3413-105,C,BABR,2709,Pendente,10.0
2026-08-21,278,S3413-107,C,BABR,2709,Pendente,10.0
2026-08-21,279,S3413-109,C,BABR,2709,Pendente,5.0
2026-08-21,280,S3413-110,C,BABR,2709,Pendente,10.0
2026-08-21,281,S2319-64,C,BABR,2709,Pendente,50.0
2026-08-21,282,S2319-50,C,BABR,2709,Pendente,50.0
2026-08-21,283,B4864,C,BABR,2709,Pendente,1.0
2026-08-21,284,B4940-1,C,BABR,2709,Pendente,1.0
2026-08-21,285,B4940-2,C,BABR,2709,Pendente,10.0
2026-08-21,286,2654012-2,C,BABR,2709,Pendente,1.0
2026-08-21,287,5111602-16,C,BABE,2731,Pendente,67.0
2026-08-21,288,2641032-202,C,BAMN,2741,Pendente,1.0
2026-08-21,289,850C86-2,C,BABR,2709,Pendente,2.0
2026-08-21,290,302-120-402,C,BABR,2709,Pendente,1.0
2026-08-21,291,MS28778-3,C,BAMN,2736,Pendente,6.0
2026-08-21,292,AE3663161E0113,C,BAMN,2736,Pendente,1.0
2026-08-21,293,1414116-7,C,BABE,2739,Pendente,4.0
2026-08-21,294,S1985-1,C,BANT,2708,Pendente,1.0
2026-08-21,295,2270030-12,C,BANT,2708,Pendente,1.0
2026-08-21,296,066-4010-12,R,BANT,2708,Pendente,1.0
2026-08-21,297,3034792,R,DACTA II,2742,Pendente,1.0
2026-08-21,298,3024973,C,DACTA II,2742,Pendente,1.0
2026-08-21,299,M83461/1-012,C,DACTA II,2742,Pendente,1.0
2026-08-21,300,3039937,C,DACTA II,2742,Pendente,1.0
2026-08-21,301,3014227,C,DACTA II,2742,Pendente,1.0
2026-08-21,302,C668050-1108,C,BABE,2723,Pendente,1.0
2026-08-21,303,2522275-1,C,BABE,2723,Pendente,2.0
2026-08-21,304,S2870-1,C,BABE,2723,Pendente,2.0
2026-08-21,305,NSL 1422 B2,C,BABE,2723,Pendente,6.0
2026-08-21,306,AN320-3,C,BABR,2709,Pendente,4.0
2026-08-21,307,2613419-1,C,BABR,2709,Pendente,1.0
2026-08-21,308,AN565B428H4,C,BABR,2709,Pendente,2.0
2026-08-21,309,2662007-4,C,BABR,2709,Pendente,2.0
2026-08-21,310,2662022-1,C,BABR,2709,Pendente,2.0
2026-08-21,311,AN315-3L,C,BABR,2709,Pendente,2.0
2026-08-21,312,B145-78-7,C,BABR,2709,Pendente,1.0
2026-08-21,313,AS5174D1210,C,BAMN,2732,Pendente,1.0
2026-08-21,314,MS24392-10,C,BAMN,2732,Pendente,1.0
2026-08-21,315,An4-17,C,BANT,2729,Pendente,1.0
2026-08-21,316,S1450-6B12-032,C,BANT,2729,Pendente,2.0
2026-08-21,317,065-0059-01,C,BANT,2722,Pendente,1.0
2026-08-21,318,065-0059-01,C,BANT,2708,Pendente,1.0
2026-08-21,319,050-1518-00,C,BANT,2719,Pendente,1.0
2026-08-21,320,MS21025-24,C,BANT,2729,Pendente,1.0
2026-08-21,321,S51-14,C,BANT,2703,Pendente,1.0
2026-08-21,322,065-0042-03,C,BANT,2719,Pendente,1.0
2026-08-21,323,A1639-32,C,CLA,2723,Pendente,8.0
2026-08-21,324,B-5096,C,CLA,2723,Pendente,8.0
2026-08-21,325,A1633-72,C,CLA,2723,Pendente,2.0
2026-08-21,326,S3326-2RX,R,BACO,2743,Pendente,1.0
2026-08-21,327,799-1,R,BACO,2743,Pendente,1.0
2026-08-21,328,060-0017-00,R,BANT,2703,Pendente,1.0
2026-08-21,329,060-0017-00,R,BANT,2708,Pendente,1.0
2026-08-21,330,4002HS,C,BABR,2709,Pendente,10.0
2026-08-21,331,83-0057,C,BACG,2727,Pendente,1.0
2026-08-21,332,060-0015-00,C,BANT,2729,Pendente,1.0
2026-08-21,333,065-0042-15,C,BANT,2702,Pendente,1.0
2026-08-21,334,99-223-6B23284,C,BANT,2702,Pendente,1.0
2026-08-21,335,065-0042-15,C,BANT,2703,Pendente,1.0
2026-08-21,336,2610014-1,C,BANT,2719,Pendente,1.0
2026-08-21,337,NAS464P4A10,C,BANT,2719,Pendente,5.0
2026-08-21,338,A4513-1,C,BANT,2729,Pendente,1.0
2026-08-21,339,S1104-3,C,BANT,2719,Pendente,1.0
2026-08-21,340,011-00870-00,R,BAMN,2730,Pendente,1.0
2026-08-21,341,MS3116F8-3S,C,BANT,2729,Pendente,1.0
2026-08-21,342,2611024-1,C,BANT,2703,Pendente,2.0
2026-08-21,343,S2527-1,C,BACO,2743,Pendente,2.0
2026-08-21,344,24RB/EWC,C,BACO,2743,Pendente,3.0
2026-08-21,345,1308,C,BACO,2743,Pendente,1.0
2026-08-21,346,011-00870-00,R,BABE,2739,Pendente,1.0
2026-08-21,347,324843-W020,T,BAMN,2736,Pendente,1.0
2026-08-21,348,011-00870-00,R,BABE,2733,Pendente,1.0
2026-08-21,349,300048-200,T,DACTA II,2742,Pendente,1.0
2026-08-21,350,C668050-1103,C,BABR,2720,Pendente,2.0
2026-08-21,351,C668050-1104,C,BABR,2720,Pendente,1.0
2026-08-21,352,MS21044N9,C,BABE,2731,Pendente,8.0
2026-08-21,353,B3-5-1,C,BABR,2709 / 2720 / 2721,Pendente,3.0
2026-08-21,354,011-00870-10,C,BABE,2733,Pendente,1.0
2026-08-21,355,1633-114,C,CLA,2723,Pendente,3.0
2026-08-21,356,B-5477,C,CLA,2723,Pendente,3.0
2026-08-21,357,A1633-82,C,CLA,2723,Pendente,3.0
2026-08-21,358,MS21044N9,C,CLA,2723,Pendente,16.0
2026-08-21,359,A1639-32,C,BABR,2721,Pendente,9.0
2026-08-21,360,A1633-72,C,BABR,2721,Pendente,3.0
2026-08-21,361,2641010-3,R,BANT,2729,Pendente,1.0
2026-08-21,362,LM350K,C,BABE,2733,Pendente,4.0
2026-08-21,363,S3060-3H,C,BABE,2733,Pendente,8.0
2026-08-21,364,060-0015-00,R,BANT,2729,Pendente,1.0
2026-08-21,365,060-0015-00,R,BANT,2708,Pendente,1.0
2026-08-21,366,C662504-0101,R,BABR,2720,Pendente,1.0
2026-08-21,367,S1232-505,C,BABR,2721,Pendente,1.0
2026-08-24,1,302-039-402,C,BABV,2741,Pendente,1.0
2026-08-24,2,302-039-402,C,BAMN,2740,Pendente,1.0
2026-08-24,3,065-0065-01,T,BANT,2719,Pendente,1.0
2026-08-24,4,NAS1739B4-6,C,BABE,2731,Desconsiderado,100.0
2026-08-24,5,CR2248-4-4,C,BABE,2731,Desconsiderado,100.0
2026-08-24,6,NAS1097AD6-5,C,BABE,2731,Desconsiderado,500.0
2026-08-24,7,NAS1097AD6-4,C,BABE,2731,Desconsiderado,100.0
2026-08-24,8,NAS1097AD5-4,C,BABE,2731,Desconsiderado,1.0
2026-08-24,9,NAS1097AD5-7,C,BABE,2731,Desconsiderado,1.0
2026-08-24,10,NAS1097AD4-3,C,BABE,2731,Desconsiderado,1.0
2026-08-24,11,NAS1097AD3-7,C,BABE,2731,Desconsiderado,50.0
2026-08-24,12,5934PAD-3,R,BABE,2739,Pendente,1.0
2026-08-24,13,068-02800,C,BANT,2722,Pendente,1.0
2026-08-24,14,RA068-02800,C,BANT,2722,Pendente,1.0
2026-08-24,15,MS21442-121,C,BABR,2709,Pendente,2.0
2026-08-24,16,523919,C,BABR,2709,Pendente,2.0
2026-08-24,17,065-0042-03,R,BANT,2722,OK,1.0
2026-08-24,18,AE3663163K0600,C,BANT,2728,Pendente,1.0
2026-08-24,19,MS21044N9,C,BANT,2728 e 2719,Pendente,16.0
2026-08-24,20,MS21044N9,C,BANT,2729,OK,8.0
2026-08-24,21,C145-00-46,C,BABR,2709,OK,1.0
2026-08-24,22,62800-001,T,BABR,2709,OK,1.0
2026-08-24,23,065-0042-15,R,BASM,2708,Pendente,1.0
2026-08-24,24,S3326-2,R,BAMN,*,Pendente,1.0
2026-08-24,25,MS29513-338,C,BANT,2719,Pendente,4.0
2026-08-24,26,030-18200,R,BAMN,2732,OK,1.0
2026-08-24,27,9864054-7,C,BAMN,2740,Pendente,1.0
2026-08-24,28,2606015-2,R,BABR,2720,Pendente,1.0
2026-08-24,29,76-207-12,C,BAMN,2740,Pendente,1.0
2026-08-24,30,MS20007-30,C,BABE,2733,OK,2.0
2026-08-24,31,MS20007-16,C,BABE,2733,Pendente,2.0
2026-08-24,32,B-5121,C,EEAR,2703,OK,1.0
2026-08-24,33,C668050-1104,C,BABR,2709,Pendente,1.0
2026-08-24,34,431-0101-01,C,BABR,2709,OK,1.0
2026-08-24,35,2650026-3,C,BABR,2709,OK,2.0
2026-08-24,36,S2300-12,C,BABR,2709,OK,3.0
2026-08-24,37,S2357-1,C,BABR,2709,OK,10.0
2026-08-24,38,2N6576,C,BABR,2709,OK,3.0
2026-08-24,39,22827-3,C,BABR,2709,OK,10.0
2026-08-24,40,068-02800,C,BABR,2709,Pendente,2.0
2026-08-24,41,2N6576,C,BABR,2709,OK,2.0
2026-08-24,42,060-0015-00,R,BABR,2709,Pendente,1.0
2026-08-24,43,066-4010-10,R,BABR,2709,OK,1.0
2026-08-24,44,011-01020-10,R,BAMN,2740,Pendente,1.0
2026-08-24,45,CM2990-G1,C,BABR,2709,Pendente,4.0
2026-08-24,46,C262023-0107,C,CLA,2723,OK,2.0
2026-08-24,47,2126001-1,C,BAMN,2737,Pendente,1.0
2026-08-24,48,2612035-1,C,BANT,2722,Pendente,1.0
2026-08-24,49,2641012-15,R,BANT,2728,Pendente,1.0
2026-08-24,50,DD2W,C,BACO,2743,Pendente,10.0
2026-08-24,51,S3100-581,C,BAMN,2737,Pendente,1.0
2026-08-24,52,GF5500-81,C,BAMN,2736,Pendente,1.0
2026-08-24,53,088-01132-0002,C,BANT,2728,Pendente,1.0
2026-08-24,54,2641012-14,R,BANT,2719,Pendente,1.0
2026-08-24,55,2641012-9,R,BANT,2719,Pendente,1.0
2026-08-24,56,52283,C,BANT,2719,Pendente,2.0
2026-08-24,57,AE3663162E0120,C,BANT,2723,Pendente,1.0
2026-08-24,58,EA-5175-52-CES,R,BANT,2728,OK,1.0
2026-08-24,59,S3100-630,C,BAMN,2737,Pendente,1.0
2026-08-24,60,2660001-107,C,BANT,2719,Pendente,1.0
2026-08-24,61,2660057-1,C,BANT,2719,Pendente,2.0
2026-08-24,62,2660057-1,C,BANT,2728,Pendente,2.0
2026-08-24,63,A-A-55487-5,C,BANT,2719,Pendente,8.0
2026-08-24,64,S2319-64,C,BACO,2743,Pendente,40.0
2026-08-24,65,060-0017-00,R,BANT,2708,Pendente,1.0
2026-08-24,66,MS3456W12S3S,C,BABR,2709,Pendente,2.0
2026-08-24,67,2682001-1,T,BABE/BANT,2739,OK,1.0
2026-08-24,68,MS3509-28,C,BACG,2727,Pendente,2.0
2026-08-24,69,S2899L0.5,C,BACG,2727,Pendente,1.0
2026-08-24,70,1U149-015-15,R,BACO,2743,Pendente,1.0
2026-08-24,71,AN6289J5,C,BABR,2709,Pendente,2.0
2026-08-24,72,MS17825-3,C,BANT,2728,Pendente,2.0
2026-08-24,73,MS17826-3,C,BANT,2728,Pendente,2.0
2026-08-24,74,200-1902-00,C,BAMN,2736,Pendente,2.0
2026-08-24,75,161-12800,R,BANT,2722 / 2728,Pendente,1.0
2026-08-24,76,162-11800,R,BANT,2722 / 2728,Pendente,3.0
2026-08-24,77,161-11700,R,BANT,2722 / 2728,Pendente,1.0
2026-08-24,78,162-10700,R,BANT,2722 / 2728,Pendente,1.0
2026-08-24,79,CI105-9,C,BANT,2722 / 2728,Pendente,1.0
2026-08-24,80,S2669-1,C,BAMN,2738,Pendente,1.0
2026-08-24,81,MS24694-S54,C,DACTA II,2742,Pendente,1.0
2026-08-24,82,NAS1741-06R8,C,BANT,2722,Pendente,10.0
2026-08-24,83,MS24693-S48,C,BANT,2722,Pendente,50.0
2026-08-24,84,071-1242-06,R,CLA,2723,Pendente,1.0
2026-08-24,85,066-3046-01,R,CLA,2723,Pendente,1.0
2026-08-24,86,C661064-0237,R,BABR,2709,Pendente,1.0
2026-08-24,87,76-207-12,C,BABE,2733,Pendente,1.0
2026-08-24,88,071-1242-06,R,BABR,2709,Pendente,1.0
2026-08-24,89,065-0060-01,R,BANT,2722,Pendente,1.0
2026-08-24,91,069-1025-25,R,BACG,2727,Pendente,1.0
2026-08-24,92,066-3084-32,R,BABR,2709,OK,1.0
2026-08-24,93,SD5H14S6667,R,DACTA II,2742,Pendente,1.0
2026-08-24,94,AN4H3A,C,BACO,2743,Pendente,1.0
2026-08-24,95,2615140-2,C,BACO,2743,Pendente,1.0
2026-08-24,96,430-00032-10,C,BABR,2720,Pendente,1.0
2026-08-24,97,MS24392-10,C,BAMN,2741,OK,1.0
2026-08-24,98,9910586-4,R,BAMN,2740,Pendente,1.0
2026-08-24,99,025323-150,R,BABR,2720,Pendente,1.0
2026-08-24,100,011-00916-00,R,BABE,2739,Pendente,1.0
2026-08-24,101,F222086,C,BABR,2720,Pendente,1.0
2026-08-24,102,4626,C,BACG,2727.0,Pendente,1.0
2026-08-24,103,2601040-3,C,BACG,2727.0,Pendente,1.0
2026-08-24,104,345-6196-04,C,BABE,2733.0,Pendente,1.0
2026-08-24,105,200-01902-0000,C,BAMN,2738,Pendente,1.0
2026-08-24,106,9864054-7,C,BAMN,2738,Pendente,1.0
2026-08-24,107,MS28773-05,C,BABR,2720,Pendente,1.0
2026-08-24,108,MS28773-05,C,BABE,2733,Pendente,1.0
2026-08-24,109,2606015-3,R,BABR,2720,Pendente,1.0
2026-08-24,110,C662041-0102,R,BABR,2720,Pendente,1.0
2026-08-24,111,069-01033-0101,R,BANT,2722,OK,1.0
2026-08-24,112,51539-012N,R,BANT,2719.0,Pendente,1.0
2026-08-24,113,2671000PB1,C,BACG,2727,Pendente,1.0
2026-08-24,114,580-219-154,C,BACO,2743,Pendente,1.0
2026-08-24,115,2650085-15,C,BACO,2743,Pendente,1.0
2026-08-24,116,2652021-80,C,BACO,2743,Pendente,2.0
2026-08-24,117,SL6015-5,C,BACO,2743,Pendente,2.0
2026-08-24,118,MS25171-1S,C,BACO,2743,Pendente,10.0
2026-08-24,119,C-145-450,C,BAMN,2732,Pendente,1.0
2026-08-24,120,K00-00351-00,C,BAMN,2740,Pendente,3.0
2026-08-24,121,9910085-2,R,BANT,2728,Pendente,1.0
2026-08-24,122,D210507,R,BANT,2728,Pendente,1.0
2026-08-24,123,RV05-268,C,BANT,2719,Pendente,1.0
2026-08-24,124,RV05-268,C,BANT,2728,Pendente,1.0
2026-08-24,125,5040033933,R,BABR,2709,Pendente,1.0
2026-08-24,126,1U648-001,C,DACTA II,2742,Pendente,1.0
2026-08-24,127,161-12800,R,BABR,2709,Pendente,1.0
2026-08-24,128,162-11800,R,BABR,2709,Pendente,1.0
2026-08-24,129,302-120-402,C,BABR,2709,Pendente,1.0
2026-08-24,130,850C86-2,C,BABR,2709,Pendente,1.0
2026-08-24,131,AN316-4R,C,BABR,2709,Pendente,6.0
2026-08-24,132,C668540-0102,C,EPCAR,2702,Pendente,1.0
2026-08-24,133,MS20392-1C11,C,BAMN,2730,Pendente,1.0
2026-08-24,134,161-11700,R,DACTA II,2742,Pendente,1.0
2026-08-24,135,162-10700,R,DACTA II,2742,Pendente,1.0
2026-08-24,136,AE3663161E0113,C,DACTA II,2742,Pendente,1.0
2026-08-24,137,ST2231-05,C,BANT,2719 / 2728,Pendente,10.0
2026-08-24,138,NAS561P5-12,C,BANT,2719 / 2728,Pendente,2.0
2026-08-24,139,MS20392-1C11,C,BAMN,2730,Pendente,1.0
2026-08-24,140,2617024-6,C,BABE,2739,Pendente,1.0
2026-08-24,141,P860037,C,BABE,2739,Pendente,1.0
2026-08-24,142,S2655-1,C,BABE,2739,Pendente,1.0
2026-08-24,143,2651022-20-1,R,BABE,2739,Pendente,1.0
2026-08-24,144,AE3663163K0600,C,BABR,2709.0,Pendente,1.0
2026-08-24,145,161-11700,R,BACO,2743,Pendente,1.0
2026-08-24,146,162-10700,R,BACO,2743,Pendente,1.0
2026-08-24,147,2641011-5,R,BACO,2743,Pendente,2.0
2026-08-24,148,C662041-0102,R,BABR,2720,Pendente,2.0
2026-08-24,149,069-01033-0101,R,BABR,2720,Pendente,1.0
2026-08-24,150,S1587-7,C,BABE,2739,Pendente,1.0
2026-08-24,151,161-11700,R,BANT,2719 / 2728,Pendente,2.0
2026-08-24,152,162-10700,R,BANT,2719 / 2728,Pendente,2.0
2026-08-24,153,C352TS,T,DACTA II,2742,OK,1.0
2026-08-24,154,066-3046-07,R,CLA,2723,Pendente,1.0
2026-08-24,155,066-1055-00,R,CLA,2723,Pendente,1.0
2026-08-24,156,065-0041-00,R,CLA,2723,Pendente,1.0
2026-08-24,157,200-01902-0000,C,BABE,2731,Pendente,1.0
2026-08-24,158,AN315C4R,C,BANT,2719,Pendente,2.0
2026-08-24,159,2651024-5,C,BANT,2719,Pendente,2.0
2026-08-24,160,MS20392-2C29,C,BANT,2719,Pendente,1.0
2026-08-24,161,071-1052-00,R,BANT,2728,Pendente,1.0
2026-08-24,162,2651022-20-1,R,BABE,2733,Pendente,1.0
2026-08-24,163,071-1242-06,R,BANT,2728,Pendente,1.0
2026-08-24,164,C661065-0237,R,BANT,2719,Pendente,1.0
2026-08-24,165,2618510-10,T,BANT,2728,Pendente,1.0
2026-08-24,166,071-1242-06,R,BANT,2719,Pendente,1.0
2026-08-24,167,C661030-0301,R,BANT,2719,Pendente,1.0
2026-08-24,168,2651040-2,T,EPCAR,2702,Pendente,1.0
2026-08-24,169,2651022-20-1,T,EPCAR,2702,Pendente,1.0
2026-08-24,170,NAS147-43,C,EPCAR,2702,Pendente,2.0
2026-08-24,171,MS21044N7,C,EPCAR,2702,Pendente,2.0
2026-08-24,172,NAS1149F0732P,C,EPCAR,2702,Pendente,2.0
2026-08-24,173,MS20002C7,C,EPCAR,2702,Pendente,4.0
2026-08-24,174,AN5C12A,C,EPCAR,2702,Pendente,1.0
2026-08-24,175,NAS1149C0563R,C,EPCAR,2702,Pendente,2.0
2026-08-24,176,S1450-5H16-032,C,EPCAR,2702,Pendente,1.0
2026-08-24,177,MS21042L5,C,EPCAR,2702,Pendente,1.0
2026-08-24,178,MS20007-16,C,EPCAR,2702,Pendente,2.0
2026-08-24,179,C352TS,T,BACO,2743,OK,1.0
2026-08-24,180,060-0015-00,R,BANT,2721,Pendente,1.0
2026-08-24,181,065-0030-00,R,BANT,2728,Pendente,1.0
2026-08-24,182,066-3060-00,R,BANT,2708 / 2721,Pendente,2.0
2026-08-24,183,C598505-0303,R,BANT,2728,Pendente,1.0
2026-08-24,184,2606016-17,C,BABR,2720,Pendente,1.0
2026-08-24,185,2606016-17,C,BABR,2720,Pendente,1.0
2026-08-24,186,DCN4-5407,C,BABR,2720,Pendente,50.0
2026-08-24,187,NAS147-97,C,EPCAR,2702,Pendente,1.0
2026-08-24,188,NAS147-84,C,EPCAR,2702,Pendente,2.0
2026-08-24,189,AN363-720,C,EPCAR,2702,Pendente,4.0
2026-08-24,190,MS20007-68,C,EPCAR,2702,Pendente,1.0
2026-08-24,191,9910333-1,C,EPCAR,2702,Pendente,6.0
2026-08-24,192,S3461-64,C,EPCAR,2702,Pendente,1.0
2026-08-24,193,AN310C8,C,EPCAR,2702,Pendente,3.0
2026-08-24,194,AN310C8,C,EPCAR,2702,Pendente,3.0
2026-08-24,195,S3465-2-0160,C,BAMN,2737,Pendente,1.0
2026-08-24,196,069-1025-25,R,CLA,2723,Pendente,1.0
2026-08-24,197,069-01033-0101,R,BABR,2720,Pendente,1.0
2026-08-24,198,901207K1,C,BABE,2739,Pendente,5.0
2026-08-24,199,3240572,C,BABE,2739,Pendente,2.0
2026-08-24,200,AE3663162E0120,C,BANT,2703,Pendente,2.0
2026-08-24,201,AN924-3D,C,BACG,2727,Pendente,4.0
2026-08-24,202,MS28778-3,C,BACG,2727,Pendente,2.0
2026-08-24,203,C661065-0237,R,BABR,2721,Pendente,1.0
2026-08-24,204,9910338-4,R,BABR,2721,Pendente,1.0
2026-08-24,205,2643100-206,R,BANT,2719,Pendente,1.0
2026-08-24,206,2618510-10,T,BANT,2719,Pendente,1.0
2026-08-24,207,066-3084-32,R,BANT,2719,Pendente,1.0
2026-08-24,208,3014226,C,BANT,2719,Pendente,1.0
2026-08-24,209,S1450-4S10-032,C,BANT,2719,Pendente,2.0
2026-08-24,210,MS27975-2,C,BANT,2719,Pendente,2.0
2026-08-24,211,S1021Z8-8,C,BANT,2719,Pendente,6.0
2026-08-24,212,R581559,C,BANT,2719,Pendente,2.0
2026-08-24,213,R581559,C,BANT,2719,Pendente,1.0
2026-08-24,214,R581559,C,BANT,2719,Pendente,1.0
2026-08-24,215,C145-00-46,C,BAMN,2732,Pendente,1.0
2026-08-24,216,U554426,C,BABE,2739,Pendente,60.0
2026-08-24,217,2653019-1,C,BABR,2721,Pendente,1.0
2026-08-24,218,MS35426-27,C,BABR,2721,Pendente,4.0
2026-08-24,219,S1741-1,C,BABR,2721,Pendente,4.0
2026-08-24,220,A1633-72,C,BACO,2742,Pendente,1.0
2026-08-24,221,A1639-32,C,BACO,2742,Pendente,8.0
2026-08-24,222,AN363-720,C,BACO,2742,Pendente,4.0
2026-08-24,223,AS3209-016,C,BACO,2742,Pendente,1.0
2026-08-24,224,DCN4-3807,C,BACO,2742,Pendente,1.0
2026-08-24,225,MS20002C7,C,BACO,2742,Pendente,4.0
2026-08-24,226,MS20007-68,C,BACO,2742,Pendente,1.0
2026-08-24,227,MS28773-05,C,BACO,2742,Pendente,1.0
2026-08-24,228,MS28775-022,C,BACO,2742,Pendente,1.0
2026-08-24,229,MS28778-4,C,BACO,2742,Pendente,1.0
2026-08-24,230,MS29512-08,C,BACO,2742,Pendente,1.0
2026-08-24,231,NAS1149C0763R,C,BACO,2742,Pendente,4.0
2026-08-24,232,NAS147-84,C,BACO,2742,Pendente,2.0
2026-08-24,233,NAS147-97,C,BACO,2742,Pendente,1.0
2026-08-24,234,C598505-0304,C,BANT,FROTA,Pendente,1.0
2026-08-24,235,C598505-0304,C,BANT,FROTA,Pendente,1.0
2026-08-24,236,C598505-0303,C,BANT,FROTA,Pendente,2.0
2026-08-24,237,C598505-0303,C,BANT,FROTA,Pendente,1.0
2026-08-24,238,70-22-01,C,BANT,FROTA,Pendente,2.0
2026-08-24,239,70-22-01,C,BANT,FROTA,Pendente,2.0
2026-08-24,240,066-01141-5101,R,BANT,FROTA,Pendente,1.0
2026-08-24,241,MS35206-247,C,BANT,FROTA,Pendente,20.0
2026-08-24,242,065-0042-15,R,BANT,FROTA,Pendente,1.0
2026-08-24,243,C662041-0102,R,BANT,FROTA,Pendente,1.0
2026-08-24,244,011-00412-00,R,BANT,FROTA,Pendente,1.0
2026-08-24,245,3014227,C,BANT,FROTA,Pendente,1.0
2026-08-24,246,A1633-72,C,BANT,FROTA,Pendente,1.0
2026-08-24,247,066-3084-32,R,BANT,FROTA,Pendente,1.0
2026-08-24,248,AE3663724G0330,C,BANT,FROTA,Pendente,3.0
2026-08-24,249,0541140-1,C,BACG,2727,Pendente,1.0
2026-08-24,250,644-04303416,C,BANT,2719,Pendente,1.0
2026-08-24,251,C668050-1108,C,BABR,2721,Pendente,1.0
2026-08-24,252,2641012-14,T,BABE,2731,Pendente,1.0
2026-08-24,253,S2495-12B0600,C,BACG,2727,Pendente,1.0
2026-08-24,254,2641014-9,T,BABE,2731,Pendente,1.0
2026-08-24,255,S1985-1,C,CLA,2723,Pendente,1.0
2026-08-24,256,S1985-1,C,CLA,2723,Pendente,1.0
2026-08-24,257,200SGL153Q,R,BACO,2743,OK,1.0
2026-08-24,258,9910338-8RX,R,BABR,2721,Pendente,1.0
2026-08-24,259,162-11800,R,BANT,2703,Pendente,2.0
2026-08-24,260,200SGL119Q-2,R,BANT,2722,OK,1.0
2026-08-24,261,2641011-5,T,BANT,2719,Pendente,1.0
2026-08-24,262,452-0133,T,BANT,2728,Pendente,1.0
2026-08-24,263,C352TS,R,BANT,2728,OK,1.0
2026-08-24,264,S3326-2,R,BABE,2731,Pendente,1.0
2026-08-24,265,S2502-3,C,BABE,2731,Pendente,2.0
2026-08-24,266,P860037,C,BABE,2733,Pendente,2.0
2026-08-24,267,AE3663231B0160,C,BAMN,2736 / 2738 / 2741,Pendente,3.0
2026-08-24,268,8210-002-01,R,BABR,2721,Pendente,1.0
2026-08-24,269,DCN4-3807,C,BABR,2721,Pendente,2.0
2026-08-24,270,MS28773-05,C,BABR,2721,Pendente,2.0
2026-08-24,271,1215073-28,C,BABR,2721,Pendente,2.0
2026-08-24,272,9910573-21,C,BABR,2721,Pendente,1.0
2026-08-24,273,3121248-03,R,BABR,2721,Pendente,1.0
2026-08-24,274,5040033933,R,BABR,2709,Pendente,1.0
2026-08-24,275,R581559,C,BABR,2709,Pendente,4.0
2026-08-24,276,S3413-104,C,BABR,2709,Pendente,10.0
2026-08-24,277,S3413-105,C,BABR,2709,Pendente,10.0
2026-08-24,278,S3413-107,C,BABR,2709,Pendente,10.0
2026-08-24,279,S3413-109,C,BABR,2709,Pendente,5.0
2026-08-24,280,S3413-110,C,BABR,2709,Pendente,10.0
2026-08-24,281,S2319-64,C,BABR,2709,Pendente,50.0
2026-08-24,282,S2319-50,C,BABR,2709,Pendente,50.0
2026-08-24,283,B4864,C,BABR,2709,Pendente,1.0
2026-08-24,284,B4940-1,C,BABR,2709,Pendente,1.0
2026-08-24,285,B4940-2,C,BABR,2709,Pendente,10.0
2026-08-24,286,2654012-2,C,BABR,2709,Pendente,1.0
2026-08-24,287,5111602-16,C,BABE,2731,Pendente,67.0
2026-08-24,288,2641032-202,C,BAMN,2741,Pendente,1.0
2026-08-24,289,850C86-2,C,BABR,2709,Pendente,2.0
2026-08-24,290,302-120-402,C,BABR,2709,Pendente,1.0
2026-08-24,291,MS28778-3,C,BAMN,2736,Pendente,6.0
2026-08-24,292,AE3663161E0113,C,BAMN,2736,Pendente,1.0
2026-08-24,293,1414116-7,C,BABE,2739,Pendente,4.0
2026-08-24,294,S1985-1,C,BANT,2708,Pendente,1.0
2026-08-24,295,2270030-12,C,BANT,2708,Pendente,1.0
2026-08-24,296,066-4010-12,R,BANT,2708,Pendente,1.0
2026-08-24,297,3034792,R,DACTA II,2742,Pendente,1.0
2026-08-24,298,3024973,C,DACTA II,2742,Pendente,1.0
2026-08-24,299,M83461/1-012,C,DACTA II,2742,Pendente,1.0
2026-08-24,300,3039937,C,DACTA II,2742,Pendente,1.0
2026-08-24,301,3014227,C,DACTA II,2742,Pendente,1.0
2026-08-24,302,C668050-1108,C,BABE,2723,Pendente,1.0
2026-08-24,303,2522275-1,C,BABE,2723,Pendente,2.0
2026-08-24,304,S2870-1,C,BABE,2723,Pendente,2.0
2026-08-24,305,NSL 1422 B2,C,BABE,2723,Pendente,6.0
2026-08-24,306,AN320-3,C,BABR,2709,Pendente,4.0
2026-08-24,307,2613419-1,C,BABR,2709,Pendente,1.0
2026-08-24,308,AN565B428H4,C,BABR,2709,Pendente,2.0
2026-08-24,309,2662007-4,C,BABR,2709,Pendente,2.0
2026-08-24,310,2662022-1,C,BABR,2709,Pendente,2.0
2026-08-24,311,AN315-3L,C,BABR,2709,Pendente,2.0
2026-08-24,312,B145-78-7,C,BABR,2709,Pendente,1.0
2026-08-24,313,AS5174D1210,C,BAMN,2732,Pendente,1.0
2026-08-24,314,MS24392-10,C,BAMN,2732,Pendente,1.0
2026-08-24,315,An4-17,C,BANT,2729,Pendente,1.0
2026-08-24,316,S1450-6B12-032,C,BANT,2729,Pendente,2.0
2026-08-24,317,065-0059-01,C,BANT,2722,Pendente,1.0
2026-08-24,318,065-0059-01,C,BANT,2708,Pendente,1.0
2026-08-24,319,050-1518-00,C,BANT,2719,Pendente,1.0
2026-08-24,320,MS21025-24,C,BANT,2729,Pendente,1.0
2026-08-24,321,S51-14,C,BANT,2703,Pendente,1.0
2026-08-24,322,065-0042-03,C,BANT,2719,Pendente,1.0
2026-08-24,323,A1639-32,C,CLA,2723,Pendente,8.0
2026-08-24,324,B-5096,C,CLA,2723,Pendente,8.0
2026-08-24,325,A1633-72,C,CLA,2723,Pendente,2.0
2026-08-24,326,S3326-2RX,R,BACO,2743,Pendente,1.0
2026-08-24,327,799-1,R,BACO,2743,Pendente,1.0
2026-08-24,328,060-0017-00,R,BANT,2703,Pendente,1.0
2026-08-24,329,060-0017-00,R,BANT,2708,Pendente,1.0
2026-08-24,330,4002HS,C,BABR,2709,Pendente,10.0
2026-08-24,331,83-0057,C,BACG,2727,Pendente,1.0
2026-08-24,332,060-0015-00,C,BANT,2729,Pendente,1.0
2026-08-24,333,065-0042-15,C,BANT,2702,Pendente,1.0
2026-08-24,334,99-223-6B23284,C,BANT,2702,Pendente,1.0
2026-08-24,335,065-0042-15,C,BANT,2703,Pendente,1.0
2026-08-24,336,2610014-1,C,BANT,2719,Pendente,1.0
2026-08-24,337,NAS464P4A10,C,BANT,2719,Pendente,5.0
2026-08-24,338,A4513-1,C,BANT,2729,Pendente,1.0
2026-08-24,339,S1104-3,C,BANT,2719,Pendente,1.0
2026-08-24,340,011-00870-00,R,BAMN,2730,Pendente,1.0
2026-08-24,341,MS3116F8-3S,C,BANT,2729,Pendente,1.0
2026-08-24,342,2611024-1,C,BANT,2703,Pendente,2.0
2026-08-24,343,S2527-1,C,BACO,2743,Pendente,2.0
2026-08-24,344,24RB/EWC,C,BACO,2743,Pendente,3.0
2026-08-24,345,1308,C,BACO,2743,Pendente,1.0
2026-08-24,346,011-00870-00,R,BABE,2739,Pendente,1.0
2026-08-24,347,324843-W020,T,BAMN,2736,Pendente,1.0
2026-08-24,348,011-00870-00,R,BABE,2733,Pendente,1.0
2026-08-24,349,300048-200,T,DACTA II,2742,Pendente,1.0
2026-08-24,350,C668050-1103,C,BABR,2720,Pendente,2.0
2026-08-24,351,C668050-1104,C,BABR,2720,Pendente,1.0
2026-08-24,352,MS21044N9,C,BABE,2731,Pendente,8.0
2026-08-24,353,B3-5-1,C,BABR,2709 / 2720 / 2721,Pendente,3.0
2026-08-24,354,011-00870-10,C,BABE,2733,Pendente,1.0
2026-08-24,355,1633-114,C,CLA,2723,Pendente,3.0
2026-08-24,356,B-5477,C,CLA,2723,Pendente,3.0
2026-08-24,357,A1633-82,C,CLA,2723,Pendente,3.0
2026-08-24,358,MS21044N9,C,CLA,2723,Pendente,16.0
2026-08-24,359,A1639-32,C,BABR,2721,Pendente,9.0
2026-08-24,360,A1633-72,C,BABR,2721,Pendente,3.0
2026-08-24,361,2641010-3,R,BANT,2729,Pendente,1.0
2026-08-24,362,LM350K,C,BABE,2733,Pendente,4.0
2026-08-24,363,S3060-3H,C,BABE,2733,Pendente,8.0
2026-08-24,364,060-0015-00,R,BANT,2729,Pendente,1.0
2026-08-24,365,060-0015-00,R,BANT,2708,Pendente,1.0
2026-08-24,366,C662504-0101,R,BABR,2720,Pendente,1.0
2026-08-24,367,S1232-505,C,BABR,2721,Pendente,1.0
2026-08-25,1,302-039-402,C,BABV,2741,Pendente,1.0
2026-08-25,2,302-039-402,C,BAMN,2740,Pendente,1.0
2026-08-25,3,065-0065-01,T,BANT,2719,Pendente,1.0
2026-08-25,4,NAS1739B4-6,C,BABE,2731,Desconsiderado,100.0
2026-08-25,5,CR2248-4-4,C,BABE,2731,Desconsiderado,100.0
2026-08-25,6,NAS1097AD6-5,C,BABE,2731,Desconsiderado,500.0
2026-08-25,7,NAS1097AD6-4,C,BABE,2731,Desconsiderado,100.0
2026-08-25,8,NAS1097AD5-4,C,BABE,2731,Desconsiderado,1.0
2026-08-25,9,NAS1097AD5-7,C,BABE,2731,Desconsiderado,1.0
2026-08-25,10,NAS1097AD4-3,C,BABE,2731,Desconsiderado,1.0
2026-08-25,11,NAS1097AD3-7,C,BABE,2731,Desconsiderado,50.0
2026-08-25,12,5934PAD-3,R,BABE,2739,Pendente,1.0
2026-08-25,13,068-02800,C,BANT,2722,Pendente,1.0
2026-08-25,14,RA068-02800,C,BANT,2722,Pendente,1.0
2026-08-25,15,MS21442-121,C,BABR,2709,Pendente,2.0
2026-08-25,16,523919,C,BABR,2709,Pendente,2.0
2026-08-25,17,065-0042-03,R,BANT,2722,OK,1.0
2026-08-25,18,AE3663163K0600,C,BANT,2728,Pendente,1.0
2026-08-25,19,MS21044N9,C,BANT,2728 e 2719,Pendente,16.0
2026-08-25,20,MS21044N9,C,BANT,2729,OK,8.0
2026-08-25,21,C145-00-46,C,BABR,2709,OK,1.0
2026-08-25,22,62800-001,T,BABR,2709,OK,1.0
2026-08-25,23,065-0042-15,R,BASM,2708,Pendente,1.0
2026-08-25,24,S3326-2,R,BAMN,*,Pendente,1.0
2026-08-25,25,MS29513-338,C,BANT,2719,Pendente,4.0
2026-08-25,26,030-18200,R,BAMN,2732,OK,1.0
2026-08-25,27,9864054-7,C,BAMN,2740,Pendente,1.0
2026-08-25,28,2606015-2,R,BABR,2720,Pendente,1.0
2026-08-25,29,76-207-12,C,BAMN,2740,Pendente,1.0
2026-08-25,30,MS20007-30,C,BABE,2733,OK,2.0
2026-08-25,31,MS20007-16,C,BABE,2733,Pendente,2.0
2026-08-25,32,B-5121,C,EEAR,2703,OK,1.0
2026-08-25,33,C668050-1104,C,BABR,2709,Pendente,1.0
2026-08-25,34,431-0101-01,C,BABR,2709,OK,1.0
2026-08-25,35,2650026-3,C,BABR,2709,OK,2.0
2026-08-25,36,S2300-12,C,BABR,2709,OK,3.0
2026-08-25,37,S2357-1,C,BABR,2709,OK,10.0
2026-08-25,38,2N6576,C,BABR,2709,OK,3.0
2026-08-25,39,22827-3,C,BABR,2709,OK,10.0
2026-08-25,40,068-02800,C,BABR,2709,Pendente,2.0
2026-08-25,41,2N6576,C,BABR,2709,OK,2.0
2026-08-25,42,060-0015-00,R,BABR,2709,Pendente,1.0
2026-08-25,43,066-4010-10,R,BABR,2709,OK,1.0
2026-08-25,44,011-01020-10,R,BAMN,2740,Pendente,1.0
2026-08-25,45,CM2990-G1,C,BABR,2709,Pendente,4.0
2026-08-25,46,C262023-0107,C,CLA,2723,OK,2.0
2026-08-25,47,2126001-1,C,BAMN,2737,Pendente,1.0
2026-08-25,48,2612035-1,C,BANT,2722,Pendente,1.0
2026-08-25,49,2641012-15,R,BANT,2728,Pendente,1.0
2026-08-25,50,DD2W,C,BACO,2743,Pendente,10.0
2026-08-25,51,S3100-581,C,BAMN,2737,Pendente,1.0
2026-08-25,52,GF5500-81,C,BAMN,2736,Pendente,1.0
2026-08-25,53,088-01132-0002,C,BANT,2728,Pendente,1.0
2026-08-25,54,2641012-14,R,BANT,2719,Pendente,1.0
2026-08-25,55,2641012-9,R,BANT,2719,Pendente,1.0
2026-08-25,56,52283,C,BANT,2719,Pendente,2.0
2026-08-25,57,AE3663162E0120,C,BANT,2723,Pendente,1.0
2026-08-25,58,EA-5175-52-CES,R,BANT,2728,OK,1.0
2026-08-25,59,S3100-630,C,BAMN,2737,Pendente,1.0
2026-08-25,60,2660001-107,C,BANT,2719,Pendente,1.0
2026-08-25,61,2660057-1,C,BANT,2719,Pendente,2.0
2026-08-25,62,2660057-1,C,BANT,2728,Pendente,2.0
2026-08-25,63,A-A-55487-5,C,BANT,2719,Pendente,8.0
2026-08-25,64,S2319-64,C,BACO,2743,Pendente,40.0
2026-08-25,65,060-0017-00,R,BANT,2708,Pendente,1.0
2026-08-25,66,MS3456W12S3S,C,BABR,2709,Pendente,2.0
2026-08-25,67,2682001-1,T,BABE/BANT,2739,OK,1.0
2026-08-25,68,MS3509-28,C,BACG,2727,Pendente,2.0
2026-08-25,69,S2899L0.5,C,BACG,2727,Pendente,1.0
2026-08-25,70,1U149-015-15,R,BACO,2743,Pendente,1.0
2026-08-25,71,AN6289J5,C,BABR,2709,Pendente,2.0
2026-08-25,72,MS17825-3,C,BANT,2728,Pendente,2.0
2026-08-25,73,MS17826-3,C,BANT,2728,Pendente,2.0
2026-08-25,74,200-1902-00,C,BAMN,2736,Pendente,2.0
2026-08-25,75,161-12800,R,BANT,2722 / 2728,Pendente,1.0
2026-08-25,76,162-11800,R,BANT,2722 / 2728,Pendente,3.0
2026-08-25,77,161-11700,R,BANT,2722 / 2728,Pendente,1.0
2026-08-25,78,162-10700,R,BANT,2722 / 2728,Pendente,1.0
2026-08-25,79,CI105-9,C,BANT,2722 / 2728,Pendente,1.0
2026-08-25,80,S2669-1,C,BAMN,2738,Pendente,1.0
2026-08-25,81,MS24694-S54,C,DACTA II,2742,Pendente,1.0
2026-08-25,82,NAS1741-06R8,C,BANT,2722,Pendente,10.0
2026-08-25,83,MS24693-S48,C,BANT,2722,Pendente,50.0
2026-08-25,84,071-1242-06,R,CLA,2723,Pendente,1.0
2026-08-25,85,066-3046-01,R,CLA,2723,Pendente,1.0
2026-08-25,86,C661064-0237,R,BABR,2709,Pendente,1.0
2026-08-25,87,76-207-12,C,BABE,2733,Pendente,1.0
2026-08-25,88,071-1242-06,R,BABR,2709,Pendente,1.0
2026-08-25,89,065-0060-01,R,BANT,2722,Pendente,1.0
2026-08-25,91,069-1025-25,R,BACG,2727,Pendente,1.0
2026-08-25,92,066-3084-32,R,BABR,2709,OK,1.0
2026-08-25,93,SD5H14S6667,R,DACTA II,2742,Pendente,1.0
2026-08-25,94,AN4H3A,C,BACO,2743,Pendente,1.0
2026-08-25,95,2615140-2,C,BACO,2743,Pendente,1.0
2026-08-25,96,430-00032-10,C,BABR,2720,Pendente,1.0
2026-08-25,97,MS24392-10,C,BAMN,2741,OK,1.0
2026-08-25,98,9910586-4,R,BAMN,2740,Pendente,1.0
2026-08-25,99,025323-150,R,BABR,2720,Pendente,1.0
2026-08-25,100,011-00916-00,R,BABE,2739,Pendente,1.0
2026-08-25,101,F222086,C,BABR,2720,Pendente,1.0
2026-08-25,102,4626,C,BACG,2727.0,Pendente,1.0
2026-08-25,103,2601040-3,C,BACG,2727.0,Pendente,1.0
2026-08-25,104,345-6196-04,C,BABE,2733.0,Pendente,1.0
2026-08-25,105,200-01902-0000,C,BAMN,2738,Pendente,1.0
2026-08-25,106,9864054-7,C,BAMN,2738,Pendente,1.0
2026-08-25,107,MS28773-05,C,BABR,2720,Pendente,1.0
2026-08-25,108,MS28773-05,C,BABE,2733,Pendente,1.0
2026-08-25,109,2606015-3,R,BABR,2720,Pendente,1.0
2026-08-25,110,C662041-0102,R,BABR,2720,Pendente,1.0
2026-08-25,111,069-01033-0101,R,BANT,2722,OK,1.0
2026-08-25,112,51539-012N,R,BANT,2719.0,Pendente,1.0
2026-08-25,113,2671000PB1,C,BACG,2727,Pendente,1.0
2026-08-25,114,580-219-154,C,BACO,2743,Pendente,1.0
2026-08-25,115,2650085-15,C,BACO,2743,Pendente,1.0
2026-08-25,116,2652021-80,C,BACO,2743,Pendente,2.0
2026-08-25,117,SL6015-5,C,BACO,2743,Pendente,2.0
2026-08-25,118,MS25171-1S,C,BACO,2743,Pendente,10.0
2026-08-25,119,C-145-450,C,BAMN,2732,Pendente,1.0
2026-08-25,120,K00-00351-00,C,BAMN,2740,Pendente,3.0
2026-08-25,121,9910085-2,R,BANT,2728,Pendente,1.0
2026-08-25,122,D210507,R,BANT,2728,Pendente,1.0
2026-08-25,123,RV05-268,C,BANT,2719,Pendente,1.0
2026-08-25,124,RV05-268,C,BANT,2728,Pendente,1.0
2026-08-25,125,5040033933,R,BABR,2709,Pendente,1.0
2026-08-25,126,1U648-001,C,DACTA II,2742,Pendente,1.0
2026-08-25,127,161-12800,R,BABR,2709,Pendente,1.0
2026-08-25,128,162-11800,R,BABR,2709,Pendente,1.0
2026-08-25,129,302-120-402,C,BABR,2709,Pendente,1.0
2026-08-25,130,850C86-2,C,BABR,2709,Pendente,1.0
2026-08-25,131,AN316-4R,C,BABR,2709,Pendente,6.0
2026-08-25,132,C668540-0102,C,EPCAR,2702,Pendente,1.0
2026-08-25,133,MS20392-1C11,C,BAMN,2730,Pendente,1.0
2026-08-25,134,161-11700,R,DACTA II,2742,Pendente,1.0
2026-08-25,135,162-10700,R,DACTA II,2742,Pendente,1.0
2026-08-25,136,AE3663161E0113,C,DACTA II,2742,Pendente,1.0
2026-08-25,137,ST2231-05,C,BANT,2719 / 2728,Pendente,10.0
2026-08-25,138,NAS561P5-12,C,BANT,2719 / 2728,Pendente,2.0
2026-08-25,139,MS20392-1C11,C,BAMN,2730,Pendente,1.0
2026-08-25,140,2617024-6,C,BABE,2739,Pendente,1.0
2026-08-25,141,P860037,C,BABE,2739,Pendente,1.0
2026-08-25,142,S2655-1,C,BABE,2739,Pendente,1.0
2026-08-25,143,2651022-20-1,R,BABE,2739,Pendente,1.0
2026-08-25,144,AE3663163K0600,C,BABR,2709.0,Pendente,1.0
2026-08-25,145,161-11700,R,BACO,2743,Pendente,1.0
2026-08-25,146,162-10700,R,BACO,2743,Pendente,1.0
2026-08-25,147,2641011-5,R,BACO,2743,Pendente,2.0
2026-08-25,148,C662041-0102,R,BABR,2720,Pendente,2.0
2026-08-25,149,069-01033-0101,R,BABR,2720,Pendente,1.0
2026-08-25,150,S1587-7,C,BABE,2739,Pendente,1.0
2026-08-25,151,161-11700,R,BANT,2719 / 2728,Pendente,2.0
2026-08-25,152,162-10700,R,BANT,2719 / 2728,Pendente,2.0
2026-08-25,153,C352TS,T,DACTA II,2742,OK,1.0
2026-08-25,154,066-3046-07,R,CLA,2723,Pendente,1.0
2026-08-25,155,066-1055-00,R,CLA,2723,Pendente,1.0
2026-08-25,156,065-0041-00,R,CLA,2723,Pendente,1.0
2026-08-25,157,200-01902-0000,C,BABE,2731,Pendente,1.0
2026-08-25,158,AN315C4R,C,BANT,2719,Pendente,2.0
2026-08-25,159,2651024-5,C,BANT,2719,Pendente,2.0
2026-08-25,160,MS20392-2C29,C,BANT,2719,Pendente,1.0
2026-08-25,161,071-1052-00,R,BANT,2728,Pendente,1.0
2026-08-25,162,2651022-20-1,R,BABE,2733,Pendente,1.0
2026-08-25,163,071-1242-06,R,BANT,2728,Pendente,1.0
2026-08-25,164,C661065-0237,R,BANT,2719,Pendente,1.0
2026-08-25,165,2618510-10,T,BANT,2728,Pendente,1.0
2026-08-25,166,071-1242-06,R,BANT,2719,Pendente,1.0
2026-08-25,167,C661030-0301,R,BANT,2719,Pendente,1.0
2026-08-25,168,2651040-2,T,EPCAR,2702,Pendente,1.0
2026-08-25,169,2651022-20-1,T,EPCAR,2702,Pendente,1.0
2026-08-25,170,NAS147-43,C,EPCAR,2702,Pendente,2.0
2026-08-25,171,MS21044N7,C,EPCAR,2702,Pendente,2.0
2026-08-25,172,NAS1149F0732P,C,EPCAR,2702,Pendente,2.0
2026-08-25,173,MS20002C7,C,EPCAR,2702,Pendente,4.0
2026-08-25,174,AN5C12A,C,EPCAR,2702,Pendente,1.0
2026-08-25,175,NAS1149C0563R,C,EPCAR,2702,Pendente,2.0
2026-08-25,176,S1450-5H16-032,C,EPCAR,2702,Pendente,1.0
2026-08-25,177,MS21042L5,C,EPCAR,2702,Pendente,1.0
2026-08-25,178,MS20007-16,C,EPCAR,2702,Pendente,2.0
2026-08-25,179,C352TS,T,BACO,2743,OK,1.0
2026-08-25,180,060-0015-00,R,BANT,2721,Pendente,1.0
2026-08-25,181,065-0030-00,R,BANT,2728,Pendente,1.0
2026-08-25,182,066-3060-00,R,BANT,2708 / 2721,Pendente,2.0
2026-08-25,183,C598505-0303,R,BANT,2728,Pendente,1.0
2026-08-25,184,2606016-17,C,BABR,2720,Pendente,1.0
2026-08-25,185,2606016-17,C,BABR,2720,Pendente,1.0
2026-08-25,186,DCN4-5407,C,BABR,2720,Pendente,50.0
2026-08-25,187,NAS147-97,C,EPCAR,2702,Pendente,1.0
2026-08-25,188,NAS147-84,C,EPCAR,2702,Pendente,2.0
2026-08-25,189,AN363-720,C,EPCAR,2702,Pendente,4.0
2026-08-25,190,MS20007-68,C,EPCAR,2702,Pendente,1.0
2026-08-25,191,9910333-1,C,EPCAR,2702,Pendente,6.0
2026-08-25,192,S3461-64,C,EPCAR,2702,Pendente,1.0
2026-08-25,193,AN310C8,C,EPCAR,2702,Pendente,3.0
2026-08-25,194,AN310C8,C,EPCAR,2702,Pendente,3.0
2026-08-25,195,S3465-2-0160,C,BAMN,2737,Pendente,1.0
2026-08-25,196,069-1025-25,R,CLA,2723,Pendente,1.0
2026-08-25,197,069-01033-0101,R,BABR,2720,Pendente,1.0
2026-08-25,198,901207K1,C,BABE,2739,Pendente,5.0
2026-08-25,199,3240572,C,BABE,2739,Pendente,2.0
2026-08-25,200,AE3663162E0120,C,BANT,2703,Pendente,2.0
2026-08-25,201,AN924-3D,C,BACG,2727,Pendente,4.0
2026-08-25,202,MS28778-3,C,BACG,2727,Pendente,2.0
2026-08-25,203,C661065-0237,R,BABR,2721,Pendente,1.0
2026-08-25,204,9910338-4,R,BABR,2721,Pendente,1.0
2026-08-25,205,2643100-206,R,BANT,2719,Pendente,1.0
2026-08-25,206,2618510-10,T,BANT,2719,Pendente,1.0
2026-08-25,207,066-3084-32,R,BANT,2719,Pendente,1.0
2026-08-25,208,3014226,C,BANT,2719,Pendente,1.0
2026-08-25,209,S1450-4S10-032,C,BANT,2719,Pendente,2.0
2026-08-25,210,MS27975-2,C,BANT,2719,Pendente,2.0
2026-08-25,211,S1021Z8-8,C,BANT,2719,Pendente,6.0
2026-08-25,212,R581559,C,BANT,2719,Pendente,2.0
2026-08-25,213,R581559,C,BANT,2719,Pendente,1.0
2026-08-25,214,R581559,C,BANT,2719,Pendente,1.0
2026-08-25,215,C145-00-46,C,BAMN,2732,Pendente,1.0
2026-08-25,216,U554426,C,BABE,2739,Pendente,60.0
2026-08-25,217,2653019-1,C,BABR,2721,Pendente,1.0
2026-08-25,218,MS35426-27,C,BABR,2721,Pendente,4.0
2026-08-25,219,S1741-1,C,BABR,2721,Pendente,4.0
2026-08-25,220,A1633-72,C,BACO,2742,Pendente,1.0
2026-08-25,221,A1639-32,C,BACO,2742,Pendente,8.0
2026-08-25,222,AN363-720,C,BACO,2742,Pendente,4.0
2026-08-25,223,AS3209-016,C,BACO,2742,Pendente,1.0
2026-08-25,224,DCN4-3807,C,BACO,2742,Pendente,1.0
2026-08-25,225,MS20002C7,C,BACO,2742,Pendente,4.0
2026-08-25,226,MS20007-68,C,BACO,2742,Pendente,1.0
2026-08-25,227,MS28773-05,C,BACO,2742,Pendente,1.0
2026-08-25,228,MS28775-022,C,BACO,2742,Pendente,1.0
2026-08-25,229,MS28778-4,C,BACO,2742,Pendente,1.0
2026-08-25,230,MS29512-08,C,BACO,2742,Pendente,1.0
2026-08-25,231,NAS1149C0763R,C,BACO,2742,Pendente,4.0
2026-08-25,232,NAS147-84,C,BACO,2742,Pendente,2.0
2026-08-25,233,NAS147-97,C,BACO,2742,Pendente,1.0
2026-08-25,234,C598505-0304,C,BANT,FROTA,Pendente,1.0
2026-08-25,235,C598505-0304,C,BANT,FROTA,Pendente,1.0
2026-08-25,236,C598505-0303,C,BANT,FROTA,Pendente,2.0
2026-08-25,237,C598505-0303,C,BANT,FROTA,Pendente,1.0
2026-08-25,238,70-22-01,C,BANT,FROTA,Pendente,2.0
2026-08-25,239,70-22-01,C,BANT,FROTA,Pendente,2.0
2026-08-25,240,066-01141-5101,R,BANT,FROTA,Pendente,1.0
2026-08-25,241,MS35206-247,C,BANT,FROTA,Pendente,20.0
2026-08-25,242,065-0042-15,R,BANT,FROTA,Pendente,1.0
2026-08-25,243,C662041-0102,R,BANT,FROTA,Pendente,1.0
2026-08-25,244,011-00412-00,R,BANT,FROTA,Pendente,1.0
2026-08-25,245,3014227,C,BANT,FROTA,Pendente,1.0
2026-08-25,246,A1633-72,C,BANT,FROTA,Pendente,1.0
2026-08-25,247,066-3084-32,R,BANT,FROTA,Pendente,1.0
2026-08-25,248,AE3663724G0330,C,BANT,FROTA,Pendente,3.0
2026-08-25,249,0541140-1,C,BACG,2727,Pendente,1.0
2026-08-25,250,644-04303416,C,BANT,2719,Pendente,1.0
2026-08-25,251,C668050-1108,C,BABR,2721,Pendente,1.0
2026-08-25,252,2641012-14,T,BABE,2731,Pendente,1.0
2026-08-25,253,S2495-12B0600,C,BACG,2727,Pendente,1.0
2026-08-25,254,2641014-9,T,BABE,2731,Pendente,1.0
2026-08-25,255,S1985-1,C,CLA,2723,Pendente,1.0
2026-08-25,256,S1985-1,C,CLA,2723,Pendente,1.0
2026-08-25,257,200SGL153Q,R,BACO,2743,OK,1.0
2026-08-25,258,9910338-8RX,R,BABR,2721,Pendente,1.0
2026-08-25,259,162-11800,R,BANT,2703,Pendente,2.0
2026-08-25,260,200SGL119Q-2,R,BANT,2722,OK,1.0
2026-08-25,261,2641011-5,T,BANT,2719,Pendente,1.0
2026-08-25,262,452-0133,T,BANT,2728,Pendente,1.0
2026-08-25,263,C352TS,R,BANT,2728,OK,1.0
2026-08-25,264,S3326-2,R,BABE,2731,Pendente,1.0
2026-08-25,265,S2502-3,C,BABE,2731,Pendente,2.0
2026-08-25,266,P860037,C,BABE,2733,Pendente,2.0
2026-08-25,267,AE3663231B0160,C,BAMN,2736 / 2738 / 2741,Pendente,3.0
2026-08-25,268,8210-002-01,R,BABR,2721,Pendente,1.0
2026-08-25,269,DCN4-3807,C,BABR,2721,Pendente,2.0
2026-08-25,270,MS28773-05,C,BABR,2721,Pendente,2.0
2026-08-25,271,1215073-28,C,BABR,2721,Pendente,2.0
2026-08-25,272,9910573-21,C,BABR,2721,Pendente,1.0
2026-08-25,273,3121248-03,R,BABR,2721,Pendente,1.0
2026-08-25,274,5040033933,R,BABR,2709,Pendente,1.0
2026-08-25,275,R581559,C,BABR,2709,Pendente,4.0
2026-08-25,276,S3413-104,C,BABR,2709,Pendente,10.0
2026-08-25,277,S3413-105,C,BABR,2709,Pendente,10.0
2026-08-25,278,S3413-107,C,BABR,2709,Pendente,10.0
2026-08-25,279,S3413-109,C,BABR,2709,Pendente,5.0
2026-08-25,280,S3413-110,C,BABR,2709,Pendente,10.0
2026-08-25,281,S2319-64,C,BABR,2709,Pendente,50.0
2026-08-25,282,S2319-50,C,BABR,2709,Pendente,50.0
2026-08-25,283,B4864,C,BABR,2709,Pendente,1.0
2026-08-25,284,B4940-1,C,BABR,2709,Pendente,1.0
2026-08-25,285,B4940-2,C,BABR,2709,Pendente,10.0
2026-08-25,286,2654012-2,C,BABR,2709,Pendente,1.0
2026-08-25,287,5111602-16,C,BABE,2731,Pendente,67.0
2026-08-25,288,2641032-202,C,BAMN,2741,Pendente,1.0
2026-08-25,289,850C86-2,C,BABR,2709,Pendente,2.0
2026-08-25,290,302-120-402,C,BABR,2709,Pendente,1.0
2026-08-25,291,MS28778-3,C,BAMN,2736,Pendente,6.0
2026-08-25,292,AE3663161E0113,C,BAMN,2736,Pendente,1.0
2026-08-25,293,1414116-7,C,BABE,2739,Pendente,4.0
2026-08-25,294,S1985-1,C,BANT,2708,Pendente,1.0
2026-08-25,295,2270030-12,C,BANT,2708,Pendente,1.0
2026-08-25,296,066-4010-12,R,BANT,2708,Pendente,1.0
2026-08-25,297,3034792,R,DACTA II,2742,Pendente,1.0
2026-08-25,298,3024973,C,DACTA II,2742,Pendente,1.0
2026-08-25,299,M83461/1-012,C,DACTA II,2742,Pendente,1.0
2026-08-25,300,3039937,C,DACTA II,2742,Pendente,1.0
2026-08-25,301,3014227,C,DACTA II,2742,Pendente,1.0
2026-08-25,302,C668050-1108,C,BABE,2723,Pendente,1.0
2026-08-25,303,2522275-1,C,BABE,2723,Pendente,2.0
2026-08-25,304,S2870-1,C,BABE,2723,Pendente,2.0
2026-08-25,305,NSL 1422 B2,C,BABE,2723,Pendente,6.0
2026-08-25,306,AN320-3,C,BABR,2709,Pendente,4.0
2026-08-25,307,2613419-1,C,BABR,2709,Pendente,1.0
2026-08-25,308,AN565B428H4,C,BABR,2709,Pendente,2.0
2026-08-25,309,2662007-4,C,BABR,2709,Pendente,2.0
2026-08-25,310,2662022-1,C,BABR,2709,Pendente,2.0
2026-08-25,311,AN315-3L,C,BABR,2709,Pendente,2.0
2026-08-25,312,B145-78-7,C,BABR,2709,Pendente,1.0
2026-08-25,313,AS5174D1210,C,BAMN,2732,Pendente,1.0
2026-08-25,314,MS24392-10,C,BAMN,2732,Pendente,1.0
2026-08-25,315,An4-17,C,BANT,2729,Pendente,1.0
2026-08-25,316,S1450-6B12-032,C,BANT,2729,Pendente,2.0
2026-08-25,317,065-0059-01,C,BANT,2722,Pendente,1.0
2026-08-25,318,065-0059-01,C,BANT,2708,Pendente,1.0
2026-08-25,319,050-1518-00,C,BANT,2719,Pendente,1.0
2026-08-25,320,MS21025-24,C,BANT,2729,Pendente,1.0
2026-08-25,321,S51-14,C,BANT,2703,Pendente,1.0
2026-08-25,322,065-0042-03,C,BANT,2719,Pendente,1.0
2026-08-25,323,A1639-32,C,CLA,2723,Pendente,8.0
2026-08-25,324,B-5096,C,CLA,2723,Pendente,8.0
2026-08-25,325,A1633-72,C,CLA,2723,Pendente,2.0
2026-08-25,326,S3326-2RX,R,BACO,2743,Pendente,1.0
2026-08-25,327,799-1,R,BACO,2743,Pendente,1.0
2026-08-25,328,060-0017-00,R,BANT,2703,Pendente,1.0
2026-08-25,329,060-0017-00,R,BANT,2708,Pendente,1.0
2026-08-25,330,4002HS,C,BABR,2709,Pendente,10.0
2026-08-25,331,83-0057,C,BACG,2727,Pendente,1.0
2026-08-25,332,060-0015-00,C,BANT,2729,Pendente,1.0
2026-08-25,333,065-0042-15,C,BANT,2702,Pendente,1.0
2026-08-25,334,99-223-6B23284,C,BANT,2702,Pendente,1.0
2026-08-25,335,065-0042-15,C,BANT,2703,Pendente,1.0
2026-08-25,336,2610014-1,C,BANT,2719,Pendente,1.0
2026-08-25,337,NAS464P4A10,C,BANT,2719,Pendente,5.0
2026-08-25,338,A4513-1,C,BANT,2729,Pendente,1.0
2026-08-25,339,S1104-3,C,BANT,2719,Pendente,1.0
2026-08-25,340,011-00870-00,R,BAMN,2730,Pendente,1.0
2026-08-25,341,MS3116F8-3S,C,BANT,2729,Pendente,1.0
2026-08-25,342,2611024-1,C,BANT,2703,Pendente,2.0
2026-08-25,343,S2527-1,C,BACO,2743,Pendente,2.0
2026-08-25,344,24RB/EWC,C,BACO,2743,Pendente,3.0
2026-08-25,345,1308,C,BACO,2743,Pendente,1.0
2026-08-25,346,011-00870-00,R,BABE,2739,Pendente,1.0
2026-08-25,347,324843-W020,T,BAMN,2736,Pendente,1.0
2026-08-25,348,011-00870-00,R,BABE,2733,Pendente,1.0
2026-08-25,349,300048-200,T,DACTA II,2742,Pendente,1.0
2026-08-25,350,C668050-1103,C,BABR,2720,Pendente,2.0
2026-08-25,351,C668050-1104,C,BABR,2720,Pendente,1.0
2026-08-25,352,MS21044N9,C,BABE,2731,Pendente,8.0
2026-08-25,353,B3-5-1,C,BABR,2709 / 2720 / 2721,Pendente,3.0
2026-08-25,354,011-00870-10,C,BABE,2733,Pendente,1.0
2026-08-25,355,1633-114,C,CLA,2723,Pendente,3.0
2026-08-25,356,B-5477,C,CLA,2723,Pendente,3.0
2026-08-25,357,A1633-82,C,CLA,2723,Pendente,3.0
2026-08-25,358,MS21044N9,C,CLA,2723,Pendente,16.0
2026-08-25,359,A1639-32,C,BABR,2721,Pendente,9.0
2026-08-25,360,A1633-72,C,BABR,2721,Pendente,3.0
2026-08-25,361,2641010-3,R,BANT,2729,Pendente,1.0
2026-08-25,362,LM350K,C,BABE,2733,Pendente,4.0
2026-08-25,363,S3060-3H,C,BABE,2733,Pendente,8.0
2026-08-25,364,060-0015-00,R,BANT,2729,Pendente,1.0
2026-08-25,365,060-0015-00,R,BANT,2708,Pendente,1.0
2026-08-25,366,C662504-0101,R,BABR,2720,Pendente,1.0
2026-08-25,367,S1232-505,C,BABR,2721,Pendente,1.0
2026-08-25,368,2641010-3,T,BANT,2729,Pendente,1.0
2026-08-26,1,302-039-402,C,BABV,2741,Pendente,1.0
2026-08-26,2,302-039-402,C,BAMN,2740,Pendente,1.0
2026-08-26,3,065-0065-01,T,BANT,2719,Pendente,1.0
2026-08-26,4,NAS1739B4-6,C,BABE,2731,Desconsiderado,100.0
2026-08-26,5,CR2248-4-4,C,BABE,2731,Desconsiderado,100.0
2026-08-26,6,NAS1097AD6-5,C,BABE,2731,Desconsiderado,500.0
2026-08-26,7,NAS1097AD6-4,C,BABE,2731,Desconsiderado,100.0
2026-08-26,8,NAS1097AD5-4,C,BABE,2731,Desconsiderado,1.0
2026-08-26,9,NAS1097AD5-7,C,BABE,2731,Desconsiderado,1.0
2026-08-26,10,NAS1097AD4-3,C,BABE,2731,Desconsiderado,1.0
2026-08-26,11,NAS1097AD3-7,C,BABE,2731,Desconsiderado,50.0
2026-08-26,12,5934PAD-3,R,BABE,2739,Pendente,1.0
2026-08-26,13,068-02800,C,BANT,2722,Pendente,1.0
2026-08-26,14,RA068-02800,C,BANT,2722,Pendente,1.0
2026-08-26,15,MS21442-121,C,BABR,2709,Pendente,2.0
2026-08-26,16,523919,C,BABR,2709,Pendente,2.0
2026-08-26,17,065-0042-03,R,BANT,2722,OK,1.0
2026-08-26,18,AE3663163K0600,C,BANT,2728,Pendente,1.0
2026-08-26,19,MS21044N9,C,BANT,2728 e 2719,Pendente,16.0
2026-08-26,20,MS21044N9,C,BANT,2729,OK,8.0
2026-08-26,21,C145-00-46,C,BABR,2709,OK,1.0
2026-08-26,22,62800-001,T,BABR,2709,OK,1.0
2026-08-26,23,065-0042-15,R,BASM,2708,Pendente,1.0
2026-08-26,24,S3326-2,R,BAMN,*,Pendente,1.0
2026-08-26,25,MS29513-338,C,BANT,2719,Pendente,4.0
2026-08-26,26,030-18200,R,BAMN,2732,OK,1.0
2026-08-26,27,9864054-7,C,BAMN,2740,Pendente,1.0
2026-08-26,28,2606015-2,R,BABR,2720,Pendente,1.0
2026-08-26,29,76-207-12,C,BAMN,2740,Pendente,1.0
2026-08-26,30,MS20007-30,C,BABE,2733,OK,2.0
2026-08-26,31,MS20007-16,C,BABE,2733,Pendente,2.0
2026-08-26,32,B-5121,C,EEAR,2703,OK,1.0
2026-08-26,33,C668050-1104,C,BABR,2709,Pendente,1.0
2026-08-26,34,431-0101-01,C,BABR,2709,OK,1.0
2026-08-26,35,2650026-3,C,BABR,2709,OK,2.0
2026-08-26,36,S2300-12,C,BABR,2709,OK,3.0
2026-08-26,37,S2357-1,C,BABR,2709,OK,10.0
2026-08-26,38,2N6576,C,BABR,2709,OK,3.0
2026-08-26,39,22827-3,C,BABR,2709,OK,10.0
2026-08-26,40,068-02800,C,BABR,2709,Pendente,2.0
2026-08-26,41,2N6576,C,BABR,2709,OK,2.0
2026-08-26,42,060-0015-00,R,BABR,2709,Pendente,1.0
2026-08-26,43,066-4010-10,R,BABR,2709,OK,1.0
2026-08-26,44,011-01020-10,R,BAMN,2740,Pendente,1.0
2026-08-26,45,CM2990-G1,C,BABR,2709,Pendente,4.0
2026-08-26,46,C262023-0107,C,CLA,2723,OK,2.0
2026-08-26,47,2126001-1,C,BAMN,2737,Pendente,1.0
2026-08-26,48,2612035-1,C,BANT,2722,Pendente,1.0
2026-08-26,49,2641012-15,R,BANT,2728,Pendente,1.0
2026-08-26,50,DD2W,C,BACO,2743,Pendente,10.0
2026-08-26,51,S3100-581,C,BAMN,2737,Pendente,1.0
2026-08-26,52,GF5500-81,C,BAMN,2736,Pendente,1.0
2026-08-26,53,088-01132-0002,C,BANT,2728,Pendente,1.0
2026-08-26,54,2641012-14,R,BANT,2719,Pendente,1.0
2026-08-26,55,2641012-9,R,BANT,2719,Pendente,1.0
2026-08-26,56,52283,C,BANT,2719,Pendente,2.0
2026-08-26,57,AE3663162E0120,C,BANT,2723,Pendente,1.0
2026-08-26,58,EA-5175-52-CES,R,BANT,2728,OK,1.0
2026-08-26,59,S3100-630,C,BAMN,2737,Pendente,1.0
2026-08-26,60,2660001-107,C,BANT,2719,Pendente,1.0
2026-08-26,61,2660057-1,C,BANT,2719,Pendente,2.0
2026-08-26,62,2660057-1,C,BANT,2728,Pendente,2.0
2026-08-26,63,A-A-55487-5,C,BANT,2719,Pendente,8.0
2026-08-26,64,S2319-64,C,BACO,2743,Pendente,40.0
2026-08-26,65,060-0017-00,R,BANT,2708,Pendente,1.0
2026-08-26,66,MS3456W12S3S,C,BABR,2709,Pendente,2.0
2026-08-26,67,2682001-1,T,BABE/BANT,2739,OK,1.0
2026-08-26,68,MS3509-28,C,BACG,2727,Pendente,2.0
2026-08-26,69,S2899L0.5,C,BACG,2727,Pendente,1.0
2026-08-26,70,1U149-015-15,R,BACO,2743,Pendente,1.0
2026-08-26,71,AN6289J5,C,BABR,2709,Pendente,2.0
2026-08-26,72,MS17825-3,C,BANT,2728,Pendente,2.0
2026-08-26,73,MS17826-3,C,BANT,2728,Pendente,2.0
2026-08-26,74,200-1902-00,C,BAMN,2736,Pendente,2.0
2026-08-26,75,161-12800,R,BANT,2722 / 2728,Pendente,1.0
2026-08-26,76,162-11800,R,BANT,2722 / 2728,Pendente,3.0
2026-08-26,77,161-11700,R,BANT,2722 / 2728,Pendente,1.0
2026-08-26,78,162-10700,R,BANT,2722 / 2728,Pendente,1.0
2026-08-26,79,CI105-9,C,BANT,2722 / 2728,Pendente,1.0
2026-08-26,80,S2669-1,C,BAMN,2738,Pendente,1.0
2026-08-26,81,MS24694-S54,C,DACTA II,2742,Pendente,1.0
2026-08-26,82,NAS1741-06R8,C,BANT,2722,Pendente,10.0
2026-08-26,83,MS24693-S48,C,BANT,2722,Pendente,50.0
2026-08-26,84,071-1242-06,R,CLA,2723,Pendente,1.0
2026-08-26,85,066-3046-01,R,CLA,2723,Pendente,1.0
2026-08-26,86,C661064-0237,R,BABR,2709,Pendente,1.0
2026-08-26,87,76-207-12,C,BABE,2733,Pendente,1.0
2026-08-26,88,071-1242-06,R,BABR,2709,Pendente,1.0
2026-08-26,89,065-0060-01,R,BANT,2722,Pendente,1.0
2026-08-26,91,069-1025-25,R,BACG,2727,Pendente,1.0
2026-08-26,92,066-3084-32,R,BABR,2709,OK,1.0
2026-08-26,93,SD5H14S6667,R,DACTA II,2742,Pendente,1.0
2026-08-26,94,AN4H3A,C,BACO,2743,Pendente,1.0
2026-08-26,95,2615140-2,C,BACO,2743,Pendente,1.0
2026-08-26,96,430-00032-10,C,BABR,2720,Pendente,1.0
2026-08-26,97,MS24392-10,C,BAMN,2741,OK,1.0
2026-08-26,98,9910586-4,R,BAMN,2740,Pendente,1.0
2026-08-26,99,025323-150,R,BABR,2720,Pendente,1.0
2026-08-26,100,011-00916-00,R,BABE,2739,Pendente,1.0
2026-08-26,101,F222086,C,BABR,2720,Pendente,1.0
2026-08-26,102,4626,C,BACG,2727.0,Pendente,1.0
2026-08-26,103,2601040-3,C,BACG,2727.0,Pendente,1.0
2026-08-26,104,345-6196-04,C,BABE,2733.0,Pendente,1.0
2026-08-26,105,200-01902-0000,C,BAMN,2738,Pendente,1.0
2026-08-26,106,9864054-7,C,BAMN,2738,Pendente,1.0
2026-08-26,107,MS28773-05,C,BABR,2720,Pendente,1.0
2026-08-26,108,MS28773-05,C,BABE,2733,Pendente,1.0
2026-08-26,109,2606015-3,R,BABR,2720,Pendente,1.0
2026-08-26,110,C662041-0102,R,BABR,2720,Pendente,1.0
2026-08-26,111,069-01033-0101,R,BANT,2722,OK,1.0
2026-08-26,112,51539-012N,R,BANT,2719.0,Pendente,1.0
2026-08-26,113,2671000PB1,C,BACG,2727,Pendente,1.0
2026-08-26,114,580-219-154,C,BACO,2743,Pendente,1.0
2026-08-26,115,2650085-15,C,BACO,2743,Pendente,1.0
2026-08-26,116,2652021-80,C,BACO,2743,Pendente,2.0
2026-08-26,117,SL6015-5,C,BACO,2743,Pendente,2.0
2026-08-26,118,MS25171-1S,C,BACO,2743,Pendente,10.0
2026-08-26,119,C-145-450,C,BAMN,2732,Pendente,1.0
2026-08-26,120,K00-00351-00,C,BAMN,2740,Pendente,3.0
2026-08-26,121,9910085-2,R,BANT,2728,Pendente,1.0
2026-08-26,122,D210507,R,BANT,2728,Pendente,1.0
2026-08-26,123,RV05-268,C,BANT,2719,Pendente,1.0
2026-08-26,124,RV05-268,C,BANT,2728,Pendente,1.0
2026-08-26,125,5040033933,R,BABR,2709,Pendente,1.0
2026-08-26,126,1U648-001,C,DACTA II,2742,Pendente,1.0
2026-08-26,127,161-12800,R,BABR,2709,Pendente,1.0
2026-08-26,128,162-11800,R,BABR,2709,Pendente,1.0
2026-08-26,129,302-120-402,C,BABR,2709,Pendente,1.0
2026-08-26,130,850C86-2,C,BABR,2709,Pendente,1.0
2026-08-26,131,AN316-4R,C,BABR,2709,Pendente,6.0
2026-08-26,132,C668540-0102,C,EPCAR,2702,Pendente,1.0
2026-08-26,133,MS20392-1C11,C,BAMN,2730,Pendente,1.0
2026-08-26,134,161-11700,R,DACTA II,2742,Pendente,1.0
2026-08-26,135,162-10700,R,DACTA II,2742,Pendente,1.0
2026-08-26,136,AE3663161E0113,C,DACTA II,2742,Pendente,1.0
2026-08-26,137,ST2231-05,C,BANT,2719 / 2728,Pendente,10.0
2026-08-26,138,NAS561P5-12,C,BANT,2719 / 2728,Pendente,2.0
2026-08-26,139,MS20392-1C11,C,BAMN,2730,Pendente,1.0
2026-08-26,140,2617024-6,C,BABE,2739,Pendente,1.0
2026-08-26,141,P860037,C,BABE,2739,Pendente,1.0
2026-08-26,142,S2655-1,C,BABE,2739,Pendente,1.0
2026-08-26,143,2651022-20-1,R,BABE,2739,Pendente,1.0
2026-08-26,144,AE3663163K0600,C,BABR,2709.0,Pendente,1.0
2026-08-26,145,161-11700,R,BACO,2743,Pendente,1.0
2026-08-26,146,162-10700,R,BACO,2743,Pendente,1.0
2026-08-26,147,2641011-5,R,BACO,2743,Pendente,2.0
2026-08-26,148,C662041-0102,R,BABR,2720,Pendente,2.0
2026-08-26,149,069-01033-0101,R,BABR,2720,Pendente,1.0
2026-08-26,150,S1587-7,C,BABE,2739,Pendente,1.0
2026-08-26,151,161-11700,R,BANT,2719 / 2728,Pendente,2.0
2026-08-26,152,162-10700,R,BANT,2719 / 2728,Pendente,2.0
2026-08-26,153,C352TS,T,DACTA II,2742,OK,1.0
2026-08-26,154,066-3046-07,R,CLA,2723,Pendente,1.0
2026-08-26,155,066-1055-00,R,CLA,2723,Pendente,1.0
2026-08-26,156,065-0041-00,R,CLA,2723,Pendente,1.0
2026-08-26,157,200-01902-0000,C,BABE,2731,Pendente,1.0
2026-08-26,158,AN315C4R,C,BANT,2719,Pendente,2.0
2026-08-26,159,2651024-5,C,BANT,2719,Pendente,2.0
2026-08-26,160,MS20392-2C29,C,BANT,2719,Pendente,1.0
2026-08-26,161,071-1052-00,R,BANT,2728,Pendente,1.0
2026-08-26,162,2651022-20-1,R,BABE,2733,Pendente,1.0
2026-08-26,163,071-1242-06,R,BANT,2728,Pendente,1.0
2026-08-26,164,C661065-0237,R,BANT,2719,Pendente,1.0
2026-08-26,165,2618510-10,T,BANT,2728,Pendente,1.0
2026-08-26,166,071-1242-06,R,BANT,2719,Pendente,1.0
2026-08-26,167,C661030-0301,R,BANT,2719,Pendente,1.0
2026-08-26,168,2651040-2,T,EPCAR,2702,Pendente,1.0
2026-08-26,169,2651022-20-1,T,EPCAR,2702,Pendente,1.0
2026-08-26,170,NAS147-43,C,EPCAR,2702,Pendente,2.0
2026-08-26,171,MS21044N7,C,EPCAR,2702,Pendente,2.0
2026-08-26,172,NAS1149F0732P,C,EPCAR,2702,Pendente,2.0
2026-08-26,173,MS20002C7,C,EPCAR,2702,Pendente,4.0
2026-08-26,174,AN5C12A,C,EPCAR,2702,Pendente,1.0
2026-08-26,175,NAS1149C0563R,C,EPCAR,2702,Pendente,2.0
2026-08-26,176,S1450-5H16-032,C,EPCAR,2702,Pendente,1.0
2026-08-26,177,MS21042L5,C,EPCAR,2702,Pendente,1.0
2026-08-26,178,MS20007-16,C,EPCAR,2702,Pendente,2.0
2026-08-26,179,C352TS,T,BACO,2743,OK,1.0
2026-08-26,180,060-0015-00,R,BANT,2721,Pendente,1.0
2026-08-26,181,065-0030-00,R,BANT,2728,Pendente,1.0
2026-08-26,182,066-3060-00,R,BANT,2708 / 2721,Pendente,2.0
2026-08-26,183,C598505-0303,R,BANT,2728,Pendente,1.0
2026-08-26,184,2606016-17,C,BABR,2720,Pendente,1.0
2026-08-26,185,2606016-17,C,BABR,2720,Pendente,1.0
2026-08-26,186,DCN4-5407,C,BABR,2720,Pendente,50.0
2026-08-26,187,NAS147-97,C,EPCAR,2702,Pendente,1.0
2026-08-26,188,NAS147-84,C,EPCAR,2702,Pendente,2.0
2026-08-26,189,AN363-720,C,EPCAR,2702,Pendente,4.0
2026-08-26,190,MS20007-68,C,EPCAR,2702,Pendente,1.0
2026-08-26,191,9910333-1,C,EPCAR,2702,Pendente,6.0
2026-08-26,192,S3461-64,C,EPCAR,2702,Pendente,1.0
2026-08-26,193,AN310C8,C,EPCAR,2702,Pendente,3.0
2026-08-26,194,AN310C8,C,EPCAR,2702,Pendente,3.0
2026-08-26,195,S3465-2-0160,C,BAMN,2737,Pendente,1.0
2026-08-26,196,069-1025-25,R,CLA,2723,Pendente,1.0
2026-08-26,197,069-01033-0101,R,BABR,2720,Pendente,1.0
2026-08-26,198,901207K1,C,BABE,2739,Pendente,5.0
2026-08-26,199,3240572,C,BABE,2739,Pendente,2.0
2026-08-26,200,AE3663162E0120,C,BANT,2703,Pendente,2.0
2026-08-26,201,AN924-3D,C,BACG,2727,Pendente,4.0
2026-08-26,202,MS28778-3,C,BACG,2727,Pendente,2.0
2026-08-26,203,C661065-0237,R,BABR,2721,Pendente,1.0
2026-08-26,204,9910338-4,R,BABR,2721,Pendente,1.0
2026-08-26,205,2643100-206,R,BANT,2719,Pendente,1.0
2026-08-26,206,2618510-10,T,BANT,2719,Pendente,1.0
2026-08-26,207,066-3084-32,R,BANT,2719,Pendente,1.0
2026-08-26,208,3014226,C,BANT,2719,Pendente,1.0
2026-08-26,209,S1450-4S10-032,C,BANT,2719,Pendente,2.0
2026-08-26,210,MS27975-2,C,BANT,2719,Pendente,2.0
2026-08-26,211,S1021Z8-8,C,BANT,2719,Pendente,6.0
2026-08-26,212,R581559,C,BANT,2719,Pendente,2.0
2026-08-26,213,R581559,C,BANT,2719,Pendente,1.0
2026-08-26,214,R581559,C,BANT,2719,Pendente,1.0
2026-08-26,215,C145-00-46,C,BAMN,2732,Pendente,1.0
2026-08-26,216,U554426,C,BABE,2739,Pendente,60.0
2026-08-26,217,2653019-1,C,BABR,2721,Pendente,1.0
2026-08-26,218,MS35426-27,C,BABR,2721,Pendente,4.0
2026-08-26,219,S1741-1,C,BABR,2721,Pendente,4.0
2026-08-26,220,A1633-72,C,BACO,2742,Pendente,1.0
2026-08-26,221,A1639-32,C,BACO,2742,Pendente,8.0
2026-08-26,222,AN363-720,C,BACO,2742,Pendente,4.0
2026-08-26,223,AS3209-016,C,BACO,2742,Pendente,1.0
2026-08-26,224,DCN4-3807,C,BACO,2742,Pendente,1.0
2026-08-26,225,MS20002C7,C,BACO,2742,Pendente,4.0
2026-08-26,226,MS20007-68,C,BACO,2742,Pendente,1.0
2026-08-26,227,MS28773-05,C,BACO,2742,Pendente,1.0
2026-08-26,228,MS28775-022,C,BACO,2742,Pendente,1.0
2026-08-26,229,MS28778-4,C,BACO,2742,Pendente,1.0
2026-08-26,230,MS29512-08,C,BACO,2742,Pendente,1.0
2026-08-26,231,NAS1149C0763R,C,BACO,2742,Pendente,4.0
2026-08-26,232,NAS147-84,C,BACO,2742,Pendente,2.0
2026-08-26,233,NAS147-97,C,BACO,2742,Pendente,1.0
2026-08-26,234,C598505-0304,C,BANT,FROTA,Pendente,1.0
2026-08-26,235,C598505-0304,C,BANT,FROTA,Pendente,1.0
2026-08-26,236,C598505-0303,C,BANT,FROTA,Pendente,2.0
2026-08-26,237,C598505-0303,C,BANT,FROTA,Pendente,1.0
2026-08-26,238,70-22-01,C,BANT,FROTA,Pendente,2.0
2026-08-26,239,70-22-01,C,BANT,FROTA,Pendente,2.0
2026-08-26,240,066-01141-5101,R,BANT,FROTA,Pendente,1.0
2026-08-26,241,MS35206-247,C,BANT,FROTA,Pendente,20.0
2026-08-26,242,065-0042-15,R,BANT,FROTA,Pendente,1.0
2026-08-26,243,C662041-0102,R,BANT,FROTA,Pendente,1.0
2026-08-26,244,011-00412-00,R,BANT,FROTA,Pendente,1.0
2026-08-26,245,3014227,C,BANT,FROTA,Pendente,1.0
2026-08-26,246,A1633-72,C,BANT,FROTA,Pendente,1.0
2026-08-26,247,066-3084-32,R,BANT,FROTA,Pendente,1.0
2026-08-26,248,AE3663724G0330,C,BANT,FROTA,Pendente,3.0
2026-08-26,249,0541140-1,C,BACG,2727,Pendente,1.0
2026-08-26,250,644-04303416,C,BANT,2719,Pendente,1.0
2026-08-26,251,C668050-1108,C,BABR,2721,Pendente,1.0
2026-08-26,252,2641012-14,T,BABE,2731,Pendente,1.0
2026-08-26,253,S2495-12B0600,C,BACG,2727,Pendente,1.0
2026-08-26,254,2641014-9,T,BABE,2731,Pendente,1.0
2026-08-26,255,S1985-1,C,CLA,2723,Pendente,1.0
2026-08-26,256,S1985-1,C,CLA,2723,Pendente,1.0
2026-08-26,257,200SGL153Q,R,BACO,2743,OK,1.0
2026-08-26,258,9910338-8RX,R,BABR,2721,Pendente,1.0
2026-08-26,259,162-11800,R,BANT,2703,Pendente,2.0
2026-08-26,260,200SGL119Q-2,R,BANT,2722,OK,1.0
2026-08-26,261,2641011-5,T,BANT,2719,Pendente,1.0
2026-08-26,262,452-0133,T,BANT,2728,Pendente,1.0
2026-08-26,263,C352TS,R,BANT,2728,OK,1.0
2026-08-26,264,S3326-2,R,BABE,2731,Pendente,1.0
2026-08-26,265,S2502-3,C,BABE,2731,Pendente,2.0
2026-08-26,266,P860037,C,BABE,2733,Pendente,2.0
2026-08-26,267,AE3663231B0160,C,BAMN,2736 / 2738 / 2741,Pendente,3.0
2026-08-26,268,8210-002-01,R,BABR,2721,Pendente,1.0
2026-08-26,269,DCN4-3807,C,BABR,2721,Pendente,2.0
2026-08-26,270,MS28773-05,C,BABR,2721,Pendente,2.0
2026-08-26,271,1215073-28,C,BABR,2721,Pendente,2.0
2026-08-26,272,9910573-21,C,BABR,2721,Pendente,1.0
2026-08-26,273,3121248-03,R,BABR,2721,Pendente,1.0
2026-08-26,274,5040033933,R,BABR,2709,Pendente,1.0
2026-08-26,275,R581559,C,BABR,2709,Pendente,4.0
2026-08-26,276,S3413-104,C,BABR,2709,Pendente,10.0
2026-08-26,277,S3413-105,C,BABR,2709,Pendente,10.0
2026-08-26,278,S3413-107,C,BABR,2709,Pendente,10.0
2026-08-26,279,S3413-109,C,BABR,2709,Pendente,5.0
2026-08-26,280,S3413-110,C,BABR,2709,Pendente,10.0
2026-08-26,281,S2319-64,C,BABR,2709,Pendente,50.0
2026-08-26,282,S2319-50,C,BABR,2709,Pendente,50.0
2026-08-26,283,B4864,C,BABR,2709,Pendente,1.0
2026-08-26,284,B4940-1,C,BABR,2709,Pendente,1.0
2026-08-26,285,B4940-2,C,BABR,2709,Pendente,10.0
2026-08-26,286,2654012-2,C,BABR,2709,Pendente,1.0
2026-08-26,287,5111602-16,C,BABE,2731,Pendente,67.0
2026-08-26,288,2641032-202,C,BAMN,2741,Pendente,1.0
2026-08-26,289,850C86-2,C,BABR,2709,Pendente,2.0
2026-08-26,290,302-120-402,C,BABR,2709,Pendente,1.0
2026-08-26,291,MS28778-3,C,BAMN,2736,Pendente,6.0
2026-08-26,292,AE3663161E0113,C,BAMN,2736,Pendente,1.0
2026-08-26,293,1414116-7,C,BABE,2739,Pendente,4.0
2026-08-26,294,S1985-1,C,BANT,2708,Pendente,1.0
2026-08-26,295,2270030-12,C,BANT,2708,Pendente,1.0
2026-08-26,296,066-4010-12,R,BANT,2708,Pendente,1.0
2026-08-26,297,3034792,R,DACTA II,2742,Pendente,1.0
2026-08-26,298,3024973,C,DACTA II,2742,Pendente,1.0
2026-08-26,299,M83461/1-012,C,DACTA II,2742,Pendente,1.0
2026-08-26,300,3039937,C,DACTA II,2742,Pendente,1.0
2026-08-26,301,3014227,C,DACTA II,2742,Pendente,1.0
2026-08-26,302,C668050-1108,C,BABE,2723,Pendente,1.0
2026-08-26,303,2522275-1,C,BABE,2723,Pendente,2.0
2026-08-26,304,S2870-1,C,BABE,2723,Pendente,2.0
2026-08-26,305,NSL 1422 B2,C,BABE,2723,Pendente,6.0
2026-08-26,306,AN320-3,C,BABR,2709,Pendente,4.0
2026-08-26,307,2613419-1,C,BABR,2709,Pendente,1.0
2026-08-26,308,AN565B428H4,C,BABR,2709,Pendente,2.0
2026-08-26,309,2662007-4,C,BABR,2709,Pendente,2.0
2026-08-26,310,2662022-1,C,BABR,2709,Pendente,2.0
2026-08-26,311,AN315-3L,C,BABR,2709,Pendente,2.0
2026-08-26,312,B145-78-7,C,BABR,2709,Pendente,1.0
2026-08-26,313,AS5174D1210,C,BAMN,2732,Pendente,1.0
2026-08-26,314,MS24392-10,C,BAMN,2732,Pendente,1.0
2026-08-26,315,An4-17,C,BANT,2729,Pendente,1.0
2026-08-26,316,S1450-6B12-032,C,BANT,2729,Pendente,2.0
2026-08-26,317,065-0059-01,C,BANT,2722,Pendente,1.0
2026-08-26,318,065-0059-01,C,BANT,2708,Pendente,1.0
2026-08-26,319,050-1518-00,C,BANT,2719,Pendente,1.0
2026-08-26,320,MS21025-24,C,BANT,2729,Pendente,1.0
2026-08-26,321,S51-14,C,BANT,2703,Pendente,1.0
2026-08-26,322,065-0042-03,C,BANT,2719,Pendente,1.0
2026-08-26,323,A1639-32,C,CLA,2723,Pendente,8.0
2026-08-26,324,B-5096,C,CLA,2723,Pendente,8.0
2026-08-26,325,A1633-72,C,CLA,2723,Pendente,2.0
2026-08-26,326,S3326-2RX,R,BACO,2743,Pendente,1.0
2026-08-26,327,799-1,R,BACO,2743,Pendente,1.0
2026-08-26,328,060-0017-00,R,BANT,2703,Pendente,1.0
2026-08-26,329,060-0017-00,R,BANT,2708,Pendente,1.0
2026-08-26,330,4002HS,C,BABR,2709,Pendente,10.0
2026-08-26,331,83-0057,C,BACG,2727,Pendente,1.0
2026-08-26,332,060-0015-00,C,BANT,2729,Pendente,1.0
2026-08-26,333,065-0042-15,C,BANT,2702,Pendente,1.0
2026-08-26,334,99-223-6B23284,C,BANT,2702,Pendente,1.0
2026-08-26,335,065-0042-15,C,BANT,2703,Pendente,1.0
2026-08-26,336,2610014-1,C,BANT,2719,Pendente,1.0
2026-08-26,337,NAS464P4A10,C,BANT,2719,Pendente,5.0
2026-08-26,338,A4513-1,C,BANT,2729,Pendente,1.0
2026-08-26,339,S1104-3,C,BANT,2719,Pendente,1.0
2026-08-26,340,011-00870-00,R,BAMN,2730,Pendente,1.0
2026-08-26,341,MS3116F8-3S,C,BANT,2729,Pendente,1.0
2026-08-26,342,2611024-1,C,BANT,2703,Pendente,2.0
2026-08-26,343,S2527-1,C,BACO,2743,Pendente,2.0
2026-08-26,344,24RB/EWC,C,BACO,2743,Pendente,3.0
2026-08-26,345,1308,C,BACO,2743,Pendente,1.0
2026-08-26,346,011-00870-00,R,BABE,2739,Pendente,1.0
2026-08-26,347,324843-W020,T,BAMN,2736,Pendente,1.0
2026-08-26,348,011-00870-00,R,BABE,2733,Pendente,1.0
2026-08-26,349,300048-200,T,DACTA II,2742,Pendente,1.0
2026-08-26,350,C668050-1103,C,BABR,2720,Pendente,2.0
2026-08-26,351,C668050-1104,C,BABR,2720,Pendente,1.0
2026-08-26,352,MS21044N9,C,BABE,2731,Pendente,8.0
2026-08-26,353,B3-5-1,C,BABR,2709 / 2720 / 2721,Pendente,3.0
2026-08-26,354,011-00870-10,C,BABE,2733,Pendente,1.0
2026-08-26,355,1633-114,C,CLA,2723,Pendente,3.0
2026-08-26,356,B-5477,C,CLA,2723,Pendente,3.0
2026-08-26,357,A1633-82,C,CLA,2723,Pendente,3.0
2026-08-26,358,MS21044N9,C,CLA,2723,Pendente,16.0
2026-08-26,359,A1639-32,C,BABR,2721,Pendente,9.0
2026-08-26,360,A1633-72,C,BABR,2721,Pendente,3.0
2026-08-26,361,2641010-3,R,BANT,2729,Pendente,1.0
2026-08-26,362,LM350K,C,BABE,2733,Pendente,4.0
2026-08-26,363,S3060-3H,C,BABE,2733,Pendente,8.0
2026-08-26,364,060-0015-00,R,BANT,2729,Pendente,1.0
2026-08-26,365,060-0015-00,R,BANT,2708,Pendente,1.0
2026-08-26,366,C662504-0101,R,BABR,2720,Pendente,1.0
2026-08-26,367,S1232-505,C,BABR,2721,Pendente,1.0
2026-08-26,368,2641010-3,T,BANT,2729,Pendente,1.0
2026-08-26,369,C662504-0101,T,BABR,2709,Pendente,1.0
2026-08-26,370,4626,C,BABE,2731,Pendente,1.0
2026-08-27,1,302-039-402,C,BABV,2741,Pendente,1.0
2026-08-27,2,302-039-402,C,BAMN,2740,Pendente,1.0
2026-08-27,3,065-0065-01,T,BANT,2719,Pendente,1.0
2026-08-27,4,NAS1739B4-6,C,BABE,2731,Desconsiderado,100.0
2026-08-27,5,CR2248-4-4,C,BABE,2731,Desconsiderado,100.0
2026-08-27,6,NAS1097AD6-5,C,BABE,2731,Desconsiderado,500.0
2026-08-27,7,NAS1097AD6-4,C,BABE,2731,Desconsiderado,100.0
2026-08-27,8,NAS1097AD5-4,C,BABE,2731,Desconsiderado,1.0
2026-08-27,9,NAS1097AD5-7,C,BABE,2731,Desconsiderado,1.0
2026-08-27,10,NAS1097AD4-3,C,BABE,2731,Desconsiderado,1.0
2026-08-27,11,NAS1097AD3-7,C,BABE,2731,Desconsiderado,50.0
2026-08-27,12,5934PAD-3,R,BABE,2739,Pendente,1.0
2026-08-27,13,068-02800,C,BANT,2722,Pendente,1.0
2026-08-27,14,RA068-02800,C,BANT,2722,Pendente,1.0
2026-08-27,15,MS21442-121,C,BABR,2709,Pendente,2.0
2026-08-27,16,523919,C,BABR,2709,Pendente,2.0
2026-08-27,17,065-0042-03,R,BANT,2722,OK,1.0
2026-08-27,18,AE3663163K0600,C,BANT,2728,Pendente,1.0
2026-08-27,19,MS21044N9,C,BANT,2728 e 2719,Pendente,16.0
2026-08-27,20,MS21044N9,C,BANT,2729,OK,8.0
2026-08-27,21,C145-00-46,C,BABR,2709,OK,1.0
2026-08-27,22,62800-001,T,BABR,2709,OK,1.0
2026-08-27,23,065-0042-15,R,BASM,2708,Pendente,1.0
2026-08-27,24,S3326-2,R,BAMN,*,Pendente,1.0
2026-08-27,25,MS29513-338,C,BANT,2719,Pendente,4.0
2026-08-27,26,030-18200,R,BAMN,2732,OK,1.0
2026-08-27,27,9864054-7,C,BAMN,2740,Pendente,1.0
2026-08-27,28,2606015-2,R,BABR,2720,Pendente,1.0
2026-08-27,29,76-207-12,C,BAMN,2740,Pendente,1.0
2026-08-27,30,MS20007-30,C,BABE,2733,OK,2.0
2026-08-27,31,MS20007-16,C,BABE,2733,Pendente,2.0
2026-08-27,32,B-5121,C,EEAR,2703,OK,1.0
2026-08-27,33,C668050-1104,C,BABR,2709,Pendente,1.0
2026-08-27,34,431-0101-01,C,BABR,2709,OK,1.0
2026-08-27,35,2650026-3,C,BABR,2709,OK,2.0
2026-08-27,36,S2300-12,C,BABR,2709,OK,3.0
2026-08-27,37,S2357-1,C,BABR,2709,OK,10.0
2026-08-27,38,2N6576,C,BABR,2709,OK,3.0
2026-08-27,39,22827-3,C,BABR,2709,OK,10.0
2026-08-27,40,068-02800,C,BABR,2709,Pendente,2.0
2026-08-27,41,2N6576,C,BABR,2709,OK,2.0
2026-08-27,42,060-0015-00,R,BABR,2709,Pendente,1.0
2026-08-27,43,066-4010-10,R,BABR,2709,OK,1.0
2026-08-27,44,011-01020-10,R,BAMN,2740,Pendente,1.0
2026-08-27,45,CM2990-G1,C,BABR,2709,Pendente,4.0
2026-08-27,46,C262023-0107,C,CLA,2723,OK,2.0
2026-08-27,47,2126001-1,C,BAMN,2737,Pendente,1.0
2026-08-27,48,2612035-1,C,BANT,2722,Pendente,1.0
2026-08-27,49,2641012-15,R,BANT,2728,Pendente,1.0
2026-08-27,50,DD2W,C,BACO,2743,Pendente,10.0
2026-08-27,51,S3100-581,C,BAMN,2737,Pendente,1.0
2026-08-27,52,GF5500-81,C,BAMN,2736,Pendente,1.0
2026-08-27,53,088-01132-0002,C,BANT,2728,Pendente,1.0
2026-08-27,54,2641012-14,R,BANT,2719,Pendente,1.0
2026-08-27,55,2641012-9,R,BANT,2719,Pendente,1.0
2026-08-27,56,52283,C,BANT,2719,Pendente,2.0
2026-08-27,57,AE3663162E0120,C,BANT,2723,Pendente,1.0
2026-08-27,58,EA-5175-52-CES,R,BANT,2728,OK,1.0
2026-08-27,59,S3100-630,C,BAMN,2737,Pendente,1.0
2026-08-27,60,2660001-107,C,BANT,2719,Pendente,1.0
2026-08-27,61,2660057-1,C,BANT,2719,Pendente,2.0
2026-08-27,62,2660057-1,C,BANT,2728,Pendente,2.0
2026-08-27,63,A-A-55487-5,C,BANT,2719,Pendente,8.0
2026-08-27,64,S2319-64,C,BACO,2743,Pendente,40.0
2026-08-27,65,060-0017-00,R,BANT,2708,Pendente,1.0
2026-08-27,66,MS3456W12S3S,C,BABR,2709,Pendente,2.0
2026-08-27,67,2682001-1,T,BABE/BANT,2739,OK,1.0
2026-08-27,68,MS3509-28,C,BACG,2727,Pendente,2.0
2026-08-27,69,S2899L0.5,C,BACG,2727,Pendente,1.0
2026-08-27,70,1U149-015-15,R,BACO,2743,Pendente,1.0
2026-08-27,71,AN6289J5,C,BABR,2709,Pendente,2.0
2026-08-27,72,MS17825-3,C,BANT,2728,Pendente,2.0
2026-08-27,73,MS17826-3,C,BANT,2728,Pendente,2.0
2026-08-27,74,200-1902-00,C,BAMN,2736,Pendente,2.0
2026-08-27,75,161-12800,R,BANT,2722 / 2728,Pendente,1.0
2026-08-27,76,162-11800,R,BANT,2722 / 2728,Pendente,3.0
2026-08-27,77,161-11700,R,BANT,2722 / 2728,Pendente,1.0
2026-08-27,78,162-10700,R,BANT,2722 / 2728,Pendente,1.0
2026-08-27,79,CI105-9,C,BANT,2722 / 2728,Pendente,1.0
2026-08-27,80,S2669-1,C,BAMN,2738,Pendente,1.0
2026-08-27,81,MS24694-S54,C,DACTA II,2742,Pendente,1.0
2026-08-27,82,NAS1741-06R8,C,BANT,2722,Pendente,10.0
2026-08-27,83,MS24693-S48,C,BANT,2722,Pendente,50.0
2026-08-27,84,071-1242-06,R,CLA,2723,Pendente,1.0
2026-08-27,85,066-3046-01,R,CLA,2723,Pendente,1.0
2026-08-27,86,C661064-0237,R,BABR,2709,Pendente,1.0
2026-08-27,87,76-207-12,C,BABE,2733,Pendente,1.0
2026-08-27,88,071-1242-06,R,BABR,2709,Pendente,1.0
2026-08-27,89,065-0060-01,R,BANT,2722,Pendente,1.0
2026-08-27,91,069-1025-25,R,BACG,2727,Pendente,1.0
2026-08-27,92,066-3084-32,R,BABR,2709,OK,1.0
2026-08-27,93,SD5H14S6667,R,DACTA II,2742,Pendente,1.0
2026-08-27,94,AN4H3A,C,BACO,2743,Pendente,1.0
2026-08-27,95,2615140-2,C,BACO,2743,Pendente,1.0
2026-08-27,96,430-00032-10,C,BABR,2720,Pendente,1.0
2026-08-27,97,MS24392-10,C,BAMN,2741,OK,1.0
2026-08-27,98,9910586-4,R,BAMN,2740,Pendente,1.0
2026-08-27,99,025323-150,R,BABR,2720,Pendente,1.0
2026-08-27,100,011-00916-00,R,BABE,2739,Pendente,1.0
2026-08-27,101,F222086,C,BABR,2720,Pendente,1.0
2026-08-27,102,4626,C,BACG,2727.0,Pendente,1.0
2026-08-27,103,2601040-3,C,BACG,2727.0,Pendente,1.0
2026-08-27,104,345-6196-04,C,BABE,2733.0,Pendente,1.0
2026-08-27,105,200-01902-0000,C,BAMN,2738,Pendente,1.0
2026-08-27,106,9864054-7,C,BAMN,2738,Pendente,1.0
2026-08-27,107,MS28773-05,C,BABR,2720,Pendente,1.0
2026-08-27,108,MS28773-05,C,BABE,2733,Pendente,1.0
2026-08-27,109,2606015-3,R,BABR,2720,Pendente,1.0
2026-08-27,110,C662041-0102,R,BABR,2720,Pendente,1.0
2026-08-27,111,069-01033-0101,R,BANT,2722,OK,1.0
2026-08-27,112,51539-012N,R,BANT,2719.0,Pendente,1.0
2026-08-27,113,2671000PB1,C,BACG,2727,Pendente,1.0
2026-08-27,114,580-219-154,C,BACO,2743,Pendente,1.0
2026-08-27,115,2650085-15,C,BACO,2743,Pendente,1.0
2026-08-27,116,2652021-80,C,BACO,2743,Pendente,2.0
2026-08-27,117,SL6015-5,C,BACO,2743,Pendente,2.0
2026-08-27,118,MS25171-1S,C,BACO,2743,Pendente,10.0
2026-08-27,119,C-145-450,C,BAMN,2732,Pendente,1.0
2026-08-27,120,K00-00351-00,C,BAMN,2740,Pendente,3.0
2026-08-27,121,9910085-2,R,BANT,2728,Pendente,1.0
2026-08-27,122,D210507,R,BANT,2728,Pendente,1.0
2026-08-27,123,RV05-268,C,BANT,2719,Pendente,1.0
2026-08-27,124,RV05-268,C,BANT,2728,Pendente,1.0
2026-08-27,125,5040033933,R,BABR,2709,Pendente,1.0
2026-08-27,126,1U648-001,C,DACTA II,2742,Pendente,1.0
2026-08-27,127,161-12800,R,BABR,2709,Pendente,1.0
2026-08-27,128,162-11800,R,BABR,2709,Pendente,1.0
2026-08-27,129,302-120-402,C,BABR,2709,Pendente,1.0
2026-08-27,130,850C86-2,C,BABR,2709,Pendente,1.0
2026-08-27,131,AN316-4R,C,BABR,2709,Pendente,6.0
2026-08-27,132,C668540-0102,C,EPCAR,2702,Pendente,1.0
2026-08-27,133,MS20392-1C11,C,BAMN,2730,Pendente,1.0
2026-08-27,134,161-11700,R,DACTA II,2742,Pendente,1.0
2026-08-27,135,162-10700,R,DACTA II,2742,Pendente,1.0
2026-08-27,136,AE3663161E0113,C,DACTA II,2742,Pendente,1.0
2026-08-27,137,ST2231-05,C,BANT,2719 / 2728,Pendente,10.0
2026-08-27,138,NAS561P5-12,C,BANT,2719 / 2728,Pendente,2.0
2026-08-27,139,MS20392-1C11,C,BAMN,2730,Pendente,1.0
2026-08-27,140,2617024-6,C,BABE,2739,Pendente,1.0
2026-08-27,141,P860037,C,BABE,2739,Pendente,1.0
2026-08-27,142,S2655-1,C,BABE,2739,Pendente,1.0
2026-08-27,143,2651022-20-1,R,BABE,2739,Pendente,1.0
2026-08-27,144,AE3663163K0600,C,BABR,2709.0,Pendente,1.0
2026-08-27,145,161-11700,R,BACO,2743,Pendente,1.0
2026-08-27,146,162-10700,R,BACO,2743,Pendente,1.0
2026-08-27,147,2641011-5,R,BACO,2743,Pendente,2.0
2026-08-27,148,C662041-0102,R,BABR,2720,Pendente,2.0
2026-08-27,149,069-01033-0101,R,BABR,2720,Pendente,1.0
2026-08-27,150,S1587-7,C,BABE,2739,Pendente,1.0
2026-08-27,151,161-11700,R,BANT,2719 / 2728,Pendente,2.0
2026-08-27,152,162-10700,R,BANT,2719 / 2728,Pendente,2.0
2026-08-27,153,C352TS,T,DACTA II,2742,OK,1.0
2026-08-27,154,066-3046-07,R,CLA,2723,Pendente,1.0
2026-08-27,155,066-1055-00,R,CLA,2723,Pendente,1.0
2026-08-27,156,065-0041-00,R,CLA,2723,Pendente,1.0
2026-08-27,157,200-01902-0000,C,BABE,2731,Pendente,1.0
2026-08-27,158,AN315C4R,C,BANT,2719,Pendente,2.0
2026-08-27,159,2651024-5,C,BANT,2719,Pendente,2.0
2026-08-27,160,MS20392-2C29,C,BANT,2719,Pendente,1.0
2026-08-27,161,071-1052-00,R,BANT,2728,Pendente,1.0
2026-08-27,162,2651022-20-1,R,BABE,2733,Pendente,1.0
2026-08-27,163,071-1242-06,R,BANT,2728,Pendente,1.0
2026-08-27,164,C661065-0237,R,BANT,2719,Pendente,1.0
2026-08-27,165,2618510-10,T,BANT,2728,Pendente,1.0
2026-08-27,166,071-1242-06,R,BANT,2719,Pendente,1.0
2026-08-27,167,C661030-0301,R,BANT,2719,Pendente,1.0
2026-08-27,168,2651040-2,T,EPCAR,2702,Pendente,1.0
2026-08-27,169,2651022-20-1,T,EPCAR,2702,Pendente,1.0
2026-08-27,170,NAS147-43,C,EPCAR,2702,Pendente,2.0
2026-08-27,171,MS21044N7,C,EPCAR,2702,Pendente,2.0
2026-08-27,172,NAS1149F0732P,C,EPCAR,2702,Pendente,2.0
2026-08-27,173,MS20002C7,C,EPCAR,2702,Pendente,4.0
2026-08-27,174,AN5C12A,C,EPCAR,2702,Pendente,1.0
2026-08-27,175,NAS1149C0563R,C,EPCAR,2702,Pendente,2.0
2026-08-27,176,S1450-5H16-032,C,EPCAR,2702,Pendente,1.0
2026-08-27,177,MS21042L5,C,EPCAR,2702,Pendente,1.0
2026-08-27,178,MS20007-16,C,EPCAR,2702,Pendente,2.0
2026-08-27,179,C352TS,T,BACO,2743,OK,1.0
2026-08-27,180,060-0015-00,R,BANT,2721,Pendente,1.0
2026-08-27,181,065-0030-00,R,BANT,2728,Pendente,1.0
2026-08-27,182,066-3060-00,R,BANT,2708 / 2721,Pendente,2.0
2026-08-27,183,C598505-0303,R,BANT,2728,Pendente,1.0
2026-08-27,184,2606016-17,C,BABR,2720,Pendente,1.0
2026-08-27,185,2606016-17,C,BABR,2720,Pendente,1.0
2026-08-27,186,DCN4-5407,C,BABR,2720,Pendente,50.0
2026-08-27,187,NAS147-97,C,EPCAR,2702,Pendente,1.0
2026-08-27,188,NAS147-84,C,EPCAR,2702,Pendente,2.0
2026-08-27,189,AN363-720,C,EPCAR,2702,Pendente,4.0
2026-08-27,190,MS20007-68,C,EPCAR,2702,Pendente,1.0
2026-08-27,191,9910333-1,C,EPCAR,2702,Pendente,6.0
2026-08-27,192,S3461-64,C,EPCAR,2702,Pendente,1.0
2026-08-27,193,AN310C8,C,EPCAR,2702,Pendente,3.0
2026-08-27,194,AN310C8,C,EPCAR,2702,Pendente,3.0
2026-08-27,195,S3465-2-0160,C,BAMN,2737,Pendente,1.0
2026-08-27,196,069-1025-25,R,CLA,2723,Pendente,1.0
2026-08-27,197,069-01033-0101,R,BABR,2720,Pendente,1.0
2026-08-27,198,901207K1,C,BABE,2739,Pendente,5.0
2026-08-27,199,3240572,C,BABE,2739,Pendente,2.0
2026-08-27,200,AE3663162E0120,C,BANT,2703,Pendente,2.0
2026-08-27,201,AN924-3D,C,BACG,2727,Pendente,4.0
2026-08-27,202,MS28778-3,C,BACG,2727,Pendente,2.0
2026-08-27,203,C661065-0237,R,BABR,2721,Pendente,1.0
2026-08-27,204,9910338-4,R,BABR,2721,Pendente,1.0
2026-08-27,205,2643100-206,R,BANT,2719,Pendente,1.0
2026-08-27,206,2618510-10,T,BANT,2719,Pendente,1.0
2026-08-27,207,066-3084-32,R,BANT,2719,Pendente,1.0
2026-08-27,208,3014226,C,BANT,2719,Pendente,1.0
2026-08-27,209,S1450-4S10-032,C,BANT,2719,Pendente,2.0
2026-08-27,210,MS27975-2,C,BANT,2719,Pendente,2.0
2026-08-27,211,S1021Z8-8,C,BANT,2719,Pendente,6.0
2026-08-27,212,R581559,C,BANT,2719,Pendente,2.0
2026-08-27,213,R581559,C,BANT,2719,Pendente,1.0
2026-08-27,214,R581559,C,BANT,2719,Pendente,1.0
2026-08-27,215,C145-00-46,C,BAMN,2732,Pendente,1.0
2026-08-27,216,U554426,C,BABE,2739,Pendente,60.0
2026-08-27,217,2653019-1,C,BABR,2721,Pendente,1.0
2026-08-27,218,MS35426-27,C,BABR,2721,Pendente,4.0
2026-08-27,219,S1741-1,C,BABR,2721,Pendente,4.0
2026-08-27,220,A1633-72,C,BACO,2742,Pendente,1.0
2026-08-27,221,A1639-32,C,BACO,2742,Pendente,8.0
2026-08-27,222,AN363-720,C,BACO,2742,Pendente,4.0
2026-08-27,223,AS3209-016,C,BACO,2742,Pendente,1.0
2026-08-27,224,DCN4-3807,C,BACO,2742,Pendente,1.0
2026-08-27,225,MS20002C7,C,BACO,2742,Pendente,4.0
2026-08-27,226,MS20007-68,C,BACO,2742,Pendente,1.0
2026-08-27,227,MS28773-05,C,BACO,2742,Pendente,1.0
2026-08-27,228,MS28775-022,C,BACO,2742,Pendente,1.0
2026-08-27,229,MS28778-4,C,BACO,2742,Pendente,1.0
2026-08-27,230,MS29512-08,C,BACO,2742,Pendente,1.0
2026-08-27,231,NAS1149C0763R,C,BACO,2742,Pendente,4.0
2026-08-27,232,NAS147-84,C,BACO,2742,Pendente,2.0
2026-08-27,233,NAS147-97,C,BACO,2742,Pendente,1.0
2026-08-27,234,C598505-0304,C,BANT,FROTA,Pendente,1.0
2026-08-27,235,C598505-0304,C,BANT,FROTA,Pendente,1.0
2026-08-27,236,C598505-0303,C,BANT,FROTA,Pendente,2.0
2026-08-27,237,C598505-0303,C,BANT,FROTA,Pendente,1.0
2026-08-27,238,70-22-01,C,BANT,FROTA,Pendente,2.0
2026-08-27,239,70-22-01,C,BANT,FROTA,Pendente,2.0
2026-08-27,240,066-01141-5101,R,BANT,FROTA,Pendente,1.0
2026-08-27,241,MS35206-247,C,BANT,FROTA,Pendente,20.0
2026-08-27,242,065-0042-15,R,BANT,FROTA,Pendente,1.0
2026-08-27,243,C662041-0102,R,BANT,FROTA,Pendente,1.0
2026-08-27,244,011-00412-00,R,BANT,FROTA,Pendente,1.0
2026-08-27,245,3014227,C,BANT,FROTA,Pendente,1.0
2026-08-27,246,A1633-72,C,BANT,FROTA,Pendente,1.0
2026-08-27,247,066-3084-32,R,BANT,FROTA,Pendente,1.0
2026-08-27,248,AE3663724G0330,C,BANT,FROTA,Pendente,3.0
2026-08-27,249,0541140-1,C,BACG,2727,Pendente,1.0
2026-08-27,250,644-04303416,C,BANT,2719,Pendente,1.0
2026-08-27,251,C668050-1108,C,BABR,2721,Pendente,1.0
2026-08-27,252,2641012-14,T,BABE,2731,Pendente,1.0
2026-08-27,253,S2495-12B0600,C,BACG,2727,Pendente,1.0
2026-08-27,254,2641014-9,T,BABE,2731,Pendente,1.0
2026-08-27,255,S1985-1,C,CLA,2723,Pendente,1.0
2026-08-27,256,S1985-1,C,CLA,2723,Pendente,1.0
2026-08-27,257,200SGL153Q,R,BACO,2743,OK,1.0
2026-08-27,258,9910338-8RX,R,BABR,2721,Pendente,1.0
2026-08-27,259,162-11800,R,BANT,2703,Pendente,2.0
2026-08-27,260,200SGL119Q-2,R,BANT,2722,OK,1.0
2026-08-27,261,2641011-5,T,BANT,2719,Pendente,1.0
2026-08-27,262,452-0133,T,BANT,2728,Pendente,1.0
2026-08-27,263,C352TS,R,BANT,2728,OK,1.0
2026-08-27,264,S3326-2,R,BABE,2731,Pendente,1.0
2026-08-27,265,S2502-3,C,BABE,2731,Pendente,2.0
2026-08-27,266,P860037,C,BABE,2733,Pendente,2.0
2026-08-27,267,AE3663231B0160,C,BAMN,2736 / 2738 / 2741,Pendente,3.0
2026-08-27,268,8210-002-01,R,BABR,2721,Pendente,1.0
2026-08-27,269,DCN4-3807,C,BABR,2721,Pendente,2.0
2026-08-27,270,MS28773-05,C,BABR,2721,Pendente,2.0
2026-08-27,271,1215073-28,C,BABR,2721,Pendente,2.0
2026-08-27,272,9910573-21,C,BABR,2721,Pendente,1.0
2026-08-27,273,3121248-03,R,BABR,2721,Pendente,1.0
2026-08-27,274,5040033933,R,BABR,2709,Pendente,1.0
2026-08-27,275,R581559,C,BABR,2709,Pendente,4.0
2026-08-27,276,S3413-104,C,BABR,2709,Pendente,10.0
2026-08-27,277,S3413-105,C,BABR,2709,Pendente,10.0
2026-08-27,278,S3413-107,C,BABR,2709,Pendente,10.0
2026-08-27,279,S3413-109,C,BABR,2709,Pendente,5.0
2026-08-27,280,S3413-110,C,BABR,2709,Pendente,10.0
2026-08-27,281,S2319-64,C,BABR,2709,Pendente,50.0
2026-08-27,282,S2319-50,C,BABR,2709,Pendente,50.0
2026-08-27,283,B4864,C,BABR,2709,Pendente,1.0
2026-08-27,284,B4940-1,C,BABR,2709,Pendente,1.0
2026-08-27,285,B4940-2,C,BABR,2709,Pendente,10.0
2026-08-27,286,2654012-2,C,BABR,2709,Pendente,1.0
2026-08-27,287,5111602-16,C,BABE,2731,Pendente,67.0
2026-08-27,288,2641032-202,C,BAMN,2741,Pendente,1.0
2026-08-27,289,850C86-2,C,BABR,2709,Pendente,2.0
2026-08-27,290,302-120-402,C,BABR,2709,Pendente,1.0
2026-08-27,291,MS28778-3,C,BAMN,2736,Pendente,6.0
2026-08-27,292,AE3663161E0113,C,BAMN,2736,Pendente,1.0
2026-08-27,293,1414116-7,C,BABE,2739,Pendente,4.0
2026-08-27,294,S1985-1,C,BANT,2708,Pendente,1.0
2026-08-27,295,2270030-12,C,BANT,2708,Pendente,1.0
2026-08-27,296,066-4010-12,R,BANT,2708,Pendente,1.0
2026-08-27,297,3034792,R,DACTA II,2742,Pendente,1.0
2026-08-27,298,3024973,C,DACTA II,2742,Pendente,1.0
2026-08-27,299,M83461/1-012,C,DACTA II,2742,Pendente,1.0
2026-08-27,300,3039937,C,DACTA II,2742,Pendente,1.0
2026-08-27,301,3014227,C,DACTA II,2742,Pendente,1.0
2026-08-27,302,C668050-1108,C,BABE,2723,Pendente,1.0
2026-08-27,303,2522275-1,C,BABE,2723,Pendente,2.0
2026-08-27,304,S2870-1,C,BABE,2723,Pendente,2.0
2026-08-27,305,NSL 1422 B2,C,BABE,2723,Pendente,6.0
2026-08-27,306,AN320-3,C,BABR,2709,Pendente,4.0
2026-08-27,307,2613419-1,C,BABR,2709,Pendente,1.0
2026-08-27,308,AN565B428H4,C,BABR,2709,Pendente,2.0
2026-08-27,309,2662007-4,C,BABR,2709,Pendente,2.0
2026-08-27,310,2662022-1,C,BABR,2709,Pendente,2.0
2026-08-27,311,AN315-3L,C,BABR,2709,Pendente,2.0
2026-08-27,312,B145-78-7,C,BABR,2709,Pendente,1.0
2026-08-27,313,AS5174D1210,C,BAMN,2732,Pendente,1.0
2026-08-27,314,MS24392-10,C,BAMN,2732,Pendente,1.0
2026-08-27,315,An4-17,C,BANT,2729,Pendente,1.0
2026-08-27,316,S1450-6B12-032,C,BANT,2729,Pendente,2.0
2026-08-27,317,065-0059-01,C,BANT,2722,Pendente,1.0
2026-08-27,318,065-0059-01,C,BANT,2708,Pendente,1.0
2026-08-27,319,050-1518-00,C,BANT,2719,Pendente,1.0
2026-08-27,320,MS21025-24,C,BANT,2729,Pendente,1.0
2026-08-27,321,S51-14,C,BANT,2703,Pendente,1.0
2026-08-27,322,065-0042-03,C,BANT,2719,Pendente,1.0
2026-08-27,323,A1639-32,C,CLA,2723,Pendente,8.0
2026-08-27,324,B-5096,C,CLA,2723,Pendente,8.0
2026-08-27,325,A1633-72,C,CLA,2723,Pendente,2.0
2026-08-27,326,S3326-2RX,R,BACO,2743,Pendente,1.0
2026-08-27,327,799-1,R,BACO,2743,Pendente,1.0
2026-08-27,328,060-0017-00,R,BANT,2703,Pendente,1.0
2026-08-27,329,060-0017-00,R,BANT,2708,Pendente,1.0
2026-08-27,330,4002HS,C,BABR,2709,Pendente,10.0
2026-08-27,331,83-0057,C,BACG,2727,Pendente,1.0
2026-08-27,332,060-0015-00,C,BANT,2729,Pendente,1.0
2026-08-27,333,065-0042-15,C,BANT,2702,Pendente,1.0
2026-08-27,334,99-223-6B23284,C,BANT,2702,Pendente,1.0
2026-08-27,335,065-0042-15,C,BANT,2703,Pendente,1.0
2026-08-27,336,2610014-1,C,BANT,2719,Pendente,1.0
2026-08-27,337,NAS464P4A10,C,BANT,2719,Pendente,5.0
2026-08-27,338,A4513-1,C,BANT,2729,Pendente,1.0
2026-08-27,339,S1104-3,C,BANT,2719,Pendente,1.0
2026-08-27,340,011-00870-00,R,BAMN,2730,Pendente,1.0
2026-08-27,341,MS3116F8-3S,C,BANT,2729,Pendente,1.0
2026-08-27,342,2611024-1,C,BANT,2703,Pendente,2.0
2026-08-27,343,S2527-1,C,BACO,2743,Pendente,2.0
2026-08-27,344,24RB/EWC,C,BACO,2743,Pendente,3.0
2026-08-27,345,1308,C,BACO,2743,Pendente,1.0
2026-08-27,346,011-00870-00,R,BABE,2739,Pendente,1.0
2026-08-27,347,324843-W020,T,BAMN,2736,Pendente,1.0
2026-08-27,348,011-00870-00,R,BABE,2733,Pendente,1.0
2026-08-27,349,300048-200,T,DACTA II,2742,Pendente,1.0
2026-08-27,350,C668050-1103,C,BABR,2720,Pendente,2.0
2026-08-27,351,C668050-1104,C,BABR,2720,Pendente,1.0
2026-08-27,352,MS21044N9,C,BABE,2731,Pendente,8.0
2026-08-27,353,B3-5-1,C,BABR,2709 / 2720 / 2721,Pendente,3.0
2026-08-27,354,011-00870-10,C,BABE,2733,Pendente,1.0
2026-08-27,355,1633-114,C,CLA,2723,Pendente,3.0
2026-08-27,356,B-5477,C,CLA,2723,Pendente,3.0
2026-08-27,357,A1633-82,C,CLA,2723,Pendente,3.0
2026-08-27,358,MS21044N9,C,CLA,2723,Pendente,16.0
2026-08-27,359,A1639-32,C,BABR,2721,Pendente,9.0
2026-08-27,360,A1633-72,C,BABR,2721,Pendente,3.0
2026-08-27,361,2641010-3,R,BANT,2729,Pendente,1.0
2026-08-27,362,LM350K,C,BABE,2733,Pendente,4.0
2026-08-27,363,S3060-3H,C,BABE,2733,Pendente,8.0
2026-08-27,364,060-0015-00,R,BANT,2729,Pendente,1.0
2026-08-27,365,060-0015-00,R,BANT,2708,Pendente,1.0
2026-08-27,366,C662504-0101,R,BABR,2720,Pendente,1.0
2026-08-27,367,S1232-505,C,BABR,2721,Pendente,1.0
2026-08-27,368,2641010-3,T,BANT,2729,Pendente,1.0
2026-08-27,369,C662504-0101,T,BABR,2709,Pendente,1.0
2026-08-27,370,4626,C,BABE,2731,Pendente,1.0
2026-08-28,1,302-039-402,C,BABV,2741,Pendente,1.0
2026-08-28,2,302-039-402,C,BAMN,2740,Pendente,1.0
2026-08-28,3,065-0065-01,T,BANT,2719,Pendente,1.0
2026-08-28,4,NAS1739B4-6,C,BABE,2731,Desconsiderado,100.0
2026-08-28,5,CR2248-4-4,C,BABE,2731,Desconsiderado,100.0
2026-08-28,6,NAS1097AD6-5,C,BABE,2731,Desconsiderado,500.0
2026-08-28,7,NAS1097AD6-4,C,BABE,2731,Desconsiderado,100.0
2026-08-28,8,NAS1097AD5-4,C,BABE,2731,Desconsiderado,1.0
2026-08-28,9,NAS1097AD5-7,C,BABE,2731,Desconsiderado,1.0
2026-08-28,10,NAS1097AD4-3,C,BABE,2731,Desconsiderado,1.0
2026-08-28,11,NAS1097AD3-7,C,BABE,2731,Desconsiderado,50.0
2026-08-28,12,5934PAD-3,R,BABE,2739,Pendente,1.0
2026-08-28,13,068-02800,C,BANT,2722,Pendente,1.0
2026-08-28,14,RA068-02800,C,BANT,2722,Pendente,1.0
2026-08-28,15,MS21442-121,C,BABR,2709,Pendente,2.0
2026-08-28,16,523919,C,BABR,2709,Pendente,2.0
2026-08-28,17,065-0042-03,R,BANT,2722,OK,1.0
2026-08-28,18,AE3663163K0600,C,BANT,2728,Pendente,1.0
2026-08-28,19,MS21044N9,C,BANT,2728 e 2719,Pendente,16.0
2026-08-28,20,MS21044N9,C,BANT,2729,OK,8.0
2026-08-28,21,C145-00-46,C,BABR,2709,OK,1.0
2026-08-28,22,62800-001,T,BABR,2709,OK,1.0
2026-08-28,23,065-0042-15,R,BASM,2708,Pendente,1.0
2026-08-28,24,S3326-2,R,BAMN,*,Pendente,1.0
2026-08-28,25,MS29513-338,C,BANT,2719,Pendente,4.0
2026-08-28,26,030-18200,R,BAMN,2732,OK,1.0
2026-08-28,27,9864054-7,C,BAMN,2740,Pendente,1.0
2026-08-28,28,2606015-2,R,BABR,2720,Pendente,1.0
2026-08-28,29,76-207-12,C,BAMN,2740,Pendente,1.0
2026-08-28,30,MS20007-30,C,BABE,2733,OK,2.0
2026-08-28,31,MS20007-16,C,BABE,2733,Pendente,2.0
2026-08-28,32,B-5121,C,EEAR,2703,OK,1.0
2026-08-28,33,C668050-1104,C,BABR,2709,Pendente,1.0
2026-08-28,34,431-0101-01,C,BABR,2709,OK,1.0
2026-08-28,35,2650026-3,C,BABR,2709,OK,2.0
2026-08-28,36,S2300-12,C,BABR,2709,OK,3.0
2026-08-28,37,S2357-1,C,BABR,2709,OK,10.0
2026-08-28,38,2N6576,C,BABR,2709,OK,3.0
2026-08-28,39,22827-3,C,BABR,2709,OK,10.0
2026-08-28,40,068-02800,C,BABR,2709,Pendente,2.0
2026-08-28,41,2N6576,C,BABR,2709,OK,2.0
2026-08-28,42,060-0015-00,R,BABR,2709,Pendente,1.0
2026-08-28,43,066-4010-10,R,BABR,2709,OK,1.0
2026-08-28,44,011-01020-10,R,BAMN,2740,Pendente,1.0
2026-08-28,45,CM2990-G1,C,BABR,2709,Pendente,4.0
2026-08-28,46,C262023-0107,C,CLA,2723,OK,2.0
2026-08-28,47,2126001-1,C,BAMN,2737,Pendente,1.0
2026-08-28,48,2612035-1,C,BANT,2722,Pendente,1.0
2026-08-28,49,2641012-15,R,BANT,2728,Pendente,1.0
2026-08-28,50,DD2W,C,BACO,2743,Pendente,10.0
2026-08-28,51,S3100-581,C,BAMN,2737,Pendente,1.0
2026-08-28,52,GF5500-81,C,BAMN,2736,Pendente,1.0
2026-08-28,53,088-01132-0002,C,BANT,2728,Pendente,1.0
2026-08-28,54,2641012-14,R,BANT,2719,Pendente,1.0
2026-08-28,55,2641012-9,R,BANT,2719,Pendente,1.0
2026-08-28,56,52283,C,BANT,2719,Pendente,2.0
2026-08-28,57,AE3663162E0120,C,BANT,2723,Pendente,1.0
2026-08-28,58,EA-5175-52-CES,R,BANT,2728,OK,1.0
2026-08-28,59,S3100-630,C,BAMN,2737,Pendente,1.0
2026-08-28,60,2660001-107,C,BANT,2719,Pendente,1.0
2026-08-28,61,2660057-1,C,BANT,2719,Pendente,2.0
2026-08-28,62,2660057-1,C,BANT,2728,Pendente,2.0
2026-08-28,63,A-A-55487-5,C,BANT,2719,Pendente,8.0
2026-08-28,64,S2319-64,C,BACO,2743,Pendente,40.0
2026-08-28,65,060-0017-00,R,BANT,2708,Pendente,1.0
2026-08-28,66,MS3456W12S3S,C,BABR,2709,Pendente,2.0
2026-08-28,67,2682001-1,T,BABE/BANT,2739,OK,1.0
2026-08-28,68,MS3509-28,C,BACG,2727,Pendente,2.0
2026-08-28,69,S2899L0.5,C,BACG,2727,Pendente,1.0
2026-08-28,70,1U149-015-15,R,BACO,2743,Pendente,1.0
2026-08-28,71,AN6289J5,C,BABR,2709,Pendente,2.0
2026-08-28,72,MS17825-3,C,BANT,2728,Pendente,2.0
2026-08-28,73,MS17826-3,C,BANT,2728,Pendente,2.0
2026-08-28,74,200-1902-00,C,BAMN,2736,Pendente,2.0
2026-08-28,75,161-12800,R,BANT,2722 / 2728,Pendente,1.0
2026-08-28,76,162-11800,R,BANT,2722 / 2728,Pendente,3.0
2026-08-28,77,161-11700,R,BANT,2722 / 2728,Pendente,1.0
2026-08-28,78,162-10700,R,BANT,2722 / 2728,Pendente,1.0
2026-08-28,79,CI105-9,C,BANT,2722 / 2728,Pendente,1.0
2026-08-28,80,S2669-1,C,BAMN,2738,Pendente,1.0
2026-08-28,81,MS24694-S54,C,DACTA II,2742,Pendente,1.0
2026-08-28,82,NAS1741-06R8,C,BANT,2722,Pendente,10.0
2026-08-28,83,MS24693-S48,C,BANT,2722,Pendente,50.0
2026-08-28,84,071-1242-06,R,CLA,2723,Pendente,1.0
2026-08-28,85,066-3046-01,R,CLA,2723,Pendente,1.0
2026-08-28,86,C661064-0237,R,BABR,2709,Pendente,1.0
2026-08-28,87,76-207-12,C,BABE,2733,Pendente,1.0
2026-08-28,88,071-1242-06,R,BABR,2709,Pendente,1.0
2026-08-28,89,065-0060-01,R,BANT,2722,Pendente,1.0
2026-08-28,91,069-1025-25,R,BACG,2727,Pendente,1.0
2026-08-28,92,066-3084-32,R,BABR,2709,OK,1.0
2026-08-28,93,SD5H14S6667,R,DACTA II,2742,Pendente,1.0
2026-08-28,94,AN4H3A,C,BACO,2743,Pendente,1.0
2026-08-28,95,2615140-2,C,BACO,2743,Pendente,1.0
2026-08-28,96,430-00032-10,C,BABR,2720,Pendente,1.0
2026-08-28,97,MS24392-10,C,BAMN,2741,OK,1.0
2026-08-28,98,9910586-4,R,BAMN,2740,Pendente,1.0
2026-08-28,99,025323-150,R,BABR,2720,Pendente,1.0
2026-08-28,100,011-00916-00,R,BABE,2739,Pendente,1.0
2026-08-28,101,F222086,C,BABR,2720,Pendente,1.0
2026-08-28,102,4626,C,BACG,2727.0,Pendente,1.0
2026-08-28,103,2601040-3,C,BACG,2727.0,Pendente,1.0
2026-08-28,104,345-6196-04,C,BABE,2733.0,Pendente,1.0
2026-08-28,105,200-01902-0000,C,BAMN,2738,Pendente,1.0
2026-08-28,106,9864054-7,C,BAMN,2738,Pendente,1.0
2026-08-28,107,MS28773-05,C,BABR,2720,Pendente,1.0
2026-08-28,108,MS28773-05,C,BABE,2733,Pendente,1.0
2026-08-28,109,2606015-3,R,BABR,2720,Pendente,1.0
2026-08-28,110,C662041-0102,R,BABR,2720,Pendente,1.0
2026-08-28,111,069-01033-0101,R,BANT,2722,OK,1.0
2026-08-28,112,51539-012N,R,BANT,2719.0,Pendente,1.0
2026-08-28,113,2671000PB1,C,BACG,2727,Pendente,1.0
2026-08-28,114,580-219-154,C,BACO,2743,Pendente,1.0
2026-08-28,115,2650085-15,C,BACO,2743,Pendente,1.0
2026-08-28,116,2652021-80,C,BACO,2743,Pendente,2.0
2026-08-28,117,SL6015-5,C,BACO,2743,Pendente,2.0
2026-08-28,118,MS25171-1S,C,BACO,2743,Pendente,10.0
2026-08-28,119,C-145-450,C,BAMN,2732,Pendente,1.0
2026-08-28,120,K00-00351-00,C,BAMN,2740,Pendente,3.0
2026-08-28,121,9910085-2,R,BANT,2728,Pendente,1.0
2026-08-28,122,D210507,R,BANT,2728,Pendente,1.0
2026-08-28,123,RV05-268,C,BANT,2719,Pendente,1.0
2026-08-28,124,RV05-268,C,BANT,2728,Pendente,1.0
2026-08-28,125,5040033933,R,BABR,2709,Pendente,1.0
2026-08-28,126,1U648-001,C,DACTA II,2742,Pendente,1.0
2026-08-28,127,161-12800,R,BABR,2709,Pendente,1.0
2026-08-28,128,162-11800,R,BABR,2709,Pendente,1.0
2026-08-28,129,302-120-402,C,BABR,2709,Pendente,1.0
2026-08-28,130,850C86-2,C,BABR,2709,Pendente,1.0
2026-08-28,131,AN316-4R,C,BABR,2709,Pendente,6.0
2026-08-28,132,C668540-0102,C,EPCAR,2702,Pendente,1.0
2026-08-28,133,MS20392-1C11,C,BAMN,2730,Pendente,1.0
2026-08-28,134,161-11700,R,DACTA II,2742,Pendente,1.0
2026-08-28,135,162-10700,R,DACTA II,2742,Pendente,1.0
2026-08-28,136,AE3663161E0113,C,DACTA II,2742,Pendente,1.0
2026-08-28,137,ST2231-05,C,BANT,2719 / 2728,Pendente,10.0
2026-08-28,138,NAS561P5-12,C,BANT,2719 / 2728,Pendente,2.0
2026-08-28,139,MS20392-1C11,C,BAMN,2730,Pendente,1.0
2026-08-28,140,2617024-6,C,BABE,2739,Pendente,1.0
2026-08-28,141,P860037,C,BABE,2739,Pendente,1.0
2026-08-28,142,S2655-1,C,BABE,2739,Pendente,1.0
2026-08-28,143,2651022-20-1,R,BABE,2739,Pendente,1.0
2026-08-28,144,AE3663163K0600,C,BABR,2709.0,Pendente,1.0
2026-08-28,145,161-11700,R,BACO,2743,Pendente,1.0
2026-08-28,146,162-10700,R,BACO,2743,Pendente,1.0
2026-08-28,147,2641011-5,R,BACO,2743,Pendente,2.0
2026-08-28,148,C662041-0102,R,BABR,2720,Pendente,2.0
2026-08-28,149,069-01033-0101,R,BABR,2720,Pendente,1.0
2026-08-28,150,S1587-7,C,BABE,2739,Pendente,1.0
2026-08-28,151,161-11700,R,BANT,2719 / 2728,Pendente,2.0
2026-08-28,152,162-10700,R,BANT,2719 / 2728,Pendente,2.0
2026-08-28,153,C352TS,T,DACTA II,2742,OK,1.0
2026-08-28,154,066-3046-07,R,CLA,2723,Pendente,1.0
2026-08-28,155,066-1055-00,R,CLA,2723,Pendente,1.0
2026-08-28,156,065-0041-00,R,CLA,2723,Pendente,1.0
2026-08-28,157,200-01902-0000,C,BABE,2731,Pendente,1.0
2026-08-28,158,AN315C4R,C,BANT,2719,Pendente,2.0
2026-08-28,159,2651024-5,C,BANT,2719,Pendente,2.0
2026-08-28,160,MS20392-2C29,C,BANT,2719,Pendente,1.0
2026-08-28,161,071-1052-00,R,BANT,2728,Pendente,1.0
2026-08-28,162,2651022-20-1,R,BABE,2733,Pendente,1.0
2026-08-28,163,071-1242-06,R,BANT,2728,Pendente,1.0
2026-08-28,164,C661065-0237,R,BANT,2719,Pendente,1.0
2026-08-28,165,2618510-10,T,BANT,2728,Pendente,1.0
2026-08-28,166,071-1242-06,R,BANT,2719,Pendente,1.0
2026-08-28,167,C661030-0301,R,BANT,2719,Pendente,1.0
2026-08-28,168,2651040-2,T,EPCAR,2702,Pendente,1.0
2026-08-28,169,2651022-20-1,T,EPCAR,2702,Pendente,1.0
2026-08-28,170,NAS147-43,C,EPCAR,2702,Pendente,2.0
2026-08-28,171,MS21044N7,C,EPCAR,2702,Pendente,2.0
2026-08-28,172,NAS1149F0732P,C,EPCAR,2702,Pendente,2.0
2026-08-28,173,MS20002C7,C,EPCAR,2702,Pendente,4.0
2026-08-28,174,AN5C12A,C,EPCAR,2702,Pendente,1.0
2026-08-28,175,NAS1149C0563R,C,EPCAR,2702,Pendente,2.0
2026-08-28,176,S1450-5H16-032,C,EPCAR,2702,Pendente,1.0
2026-08-28,177,MS21042L5,C,EPCAR,2702,Pendente,1.0
2026-08-28,178,MS20007-16,C,EPCAR,2702,Pendente,2.0
2026-08-28,179,C352TS,T,BACO,2743,OK,1.0
2026-08-28,180,060-0015-00,R,BANT,2721,Pendente,1.0
2026-08-28,181,065-0030-00,R,BANT,2728,Pendente,1.0
2026-08-28,182,066-3060-00,R,BANT,2708 / 2721,Pendente,2.0
2026-08-28,183,C598505-0303,R,BANT,2728,Pendente,1.0
2026-08-28,184,2606016-17,C,BABR,2720,Pendente,1.0
2026-08-28,185,2606016-17,C,BABR,2720,Pendente,1.0
2026-08-28,186,DCN4-5407,C,BABR,2720,Pendente,50.0
2026-08-28,187,NAS147-97,C,EPCAR,2702,Pendente,1.0
2026-08-28,188,NAS147-84,C,EPCAR,2702,Pendente,2.0
2026-08-28,189,AN363-720,C,EPCAR,2702,Pendente,4.0
2026-08-28,190,MS20007-68,C,EPCAR,2702,Pendente,1.0
2026-08-28,191,9910333-1,C,EPCAR,2702,Pendente,6.0
2026-08-28,192,S3461-64,C,EPCAR,2702,Pendente,1.0
2026-08-28,193,AN310C8,C,EPCAR,2702,Pendente,3.0
2026-08-28,194,AN310C8,C,EPCAR,2702,Pendente,3.0
2026-08-28,195,S3465-2-0160,C,BAMN,2737,Pendente,1.0
2026-08-28,196,069-1025-25,R,CLA,2723,Pendente,1.0
2026-08-28,197,069-01033-0101,R,BABR,2720,Pendente,1.0
2026-08-28,198,901207K1,C,BABE,2739,Pendente,5.0
2026-08-28,199,3240572,C,BABE,2739,Pendente,2.0
2026-08-28,200,AE3663162E0120,C,BANT,2703,Pendente,2.0
2026-08-28,201,AN924-3D,C,BACG,2727,Pendente,4.0
2026-08-28,202,MS28778-3,C,BACG,2727,Pendente,2.0
2026-08-28,203,C661065-0237,R,BABR,2721,Pendente,1.0
2026-08-28,204,9910338-4,R,BABR,2721,Pendente,1.0
2026-08-28,205,2643100-206,R,BANT,2719,Pendente,1.0
2026-08-28,206,2618510-10,T,BANT,2719,Pendente,1.0
2026-08-28,207,066-3084-32,R,BANT,2719,Pendente,1.0
2026-08-28,208,3014226,C,BANT,2719,Pendente,1.0
2026-08-28,209,S1450-4S10-032,C,BANT,2719,Pendente,2.0
2026-08-28,210,MS27975-2,C,BANT,2719,Pendente,2.0
2026-08-28,211,S1021Z8-8,C,BANT,2719,Pendente,6.0
2026-08-28,212,R581559,C,BANT,2719,Pendente,2.0
2026-08-28,213,R581559,C,BANT,2719,Pendente,1.0
2026-08-28,214,R581559,C,BANT,2719,Pendente,1.0
2026-08-28,215,C145-00-46,C,BAMN,2732,Pendente,1.0
2026-08-28,216,U554426,C,BABE,2739,Pendente,60.0
2026-08-28,217,2653019-1,C,BABR,2721,Pendente,1.0
2026-08-28,218,MS35426-27,C,BABR,2721,Pendente,4.0
2026-08-28,219,S1741-1,C,BABR,2721,Pendente,4.0
2026-08-28,220,A1633-72,C,BACO,2742,Pendente,1.0
2026-08-28,221,A1639-32,C,BACO,2742,Pendente,8.0
2026-08-28,222,AN363-720,C,BACO,2742,Pendente,4.0
2026-08-28,223,AS3209-016,C,BACO,2742,Pendente,1.0
2026-08-28,224,DCN4-3807,C,BACO,2742,Pendente,1.0
2026-08-28,225,MS20002C7,C,BACO,2742,Pendente,4.0
2026-08-28,226,MS20007-68,C,BACO,2742,Pendente,1.0
2026-08-28,227,MS28773-05,C,BACO,2742,Pendente,1.0
2026-08-28,228,MS28775-022,C,BACO,2742,Pendente,1.0
2026-08-28,229,MS28778-4,C,BACO,2742,Pendente,1.0
2026-08-28,230,MS29512-08,C,BACO,2742,Pendente,1.0
2026-08-28,231,NAS1149C0763R,C,BACO,2742,Pendente,4.0
2026-08-28,232,NAS147-84,C,BACO,2742,Pendente,2.0
2026-08-28,233,NAS147-97,C,BACO,2742,Pendente,1.0
2026-08-28,234,C598505-0304,C,BANT,FROTA,Pendente,1.0
2026-08-28,235,C598505-0304,C,BANT,FROTA,Pendente,1.0
2026-08-28,236,C598505-0303,C,BANT,FROTA,Pendente,2.0
2026-08-28,237,C598505-0303,C,BANT,FROTA,Pendente,1.0
2026-08-28,238,70-22-01,C,BANT,FROTA,Pendente,2.0
2026-08-28,239,70-22-01,C,BANT,FROTA,Pendente,2.0
2026-08-28,240,066-01141-5101,R,BANT,FROTA,Pendente,1.0
2026-08-28,241,MS35206-247,C,BANT,FROTA,Pendente,20.0
2026-08-28,242,065-0042-15,R,BANT,FROTA,Pendente,1.0
2026-08-28,243,C662041-0102,R,BANT,FROTA,Pendente,1.0
2026-08-28,244,011-00412-00,R,BANT,FROTA,Pendente,1.0
2026-08-28,245,3014227,C,BANT,FROTA,Pendente,1.0
2026-08-28,246,A1633-72,C,BANT,FROTA,Pendente,1.0
2026-08-28,247,066-3084-32,R,BANT,FROTA,Pendente,1.0
2026-08-28,248,AE3663724G0330,C,BANT,FROTA,Pendente,3.0
2026-08-28,249,0541140-1,C,BACG,2727,Pendente,1.0
2026-08-28,250,644-04303416,C,BANT,2719,Pendente,1.0
2026-08-28,251,C668050-1108,C,BABR,2721,Pendente,1.0
2026-08-28,252,2641012-14,T,BABE,2731,Pendente,1.0
2026-08-28,253,S2495-12B0600,C,BACG,2727,Pendente,1.0
2026-08-28,254,2641014-9,T,BABE,2731,Pendente,1.0
2026-08-28,255,S1985-1,C,CLA,2723,Pendente,1.0
2026-08-28,256,S1985-1,C,CLA,2723,Pendente,1.0
2026-08-28,257,200SGL153Q,R,BACO,2743,OK,1.0
2026-08-28,258,9910338-8RX,R,BABR,2721,Pendente,1.0
2026-08-28,259,162-11800,R,BANT,2703,Pendente,2.0
2026-08-28,260,200SGL119Q-2,R,BANT,2722,OK,1.0
2026-08-28,261,2641011-5,T,BANT,2719,Pendente,1.0
2026-08-28,262,452-0133,T,BANT,2728,Pendente,1.0
2026-08-28,263,C352TS,R,BANT,2728,OK,1.0
2026-08-28,264,S3326-2,R,BABE,2731,Pendente,1.0
2026-08-28,265,S2502-3,C,BABE,2731,Pendente,2.0
2026-08-28,266,P860037,C,BABE,2733,Pendente,2.0
2026-08-28,267,AE3663231B0160,C,BAMN,2736 / 2738 / 2741,Pendente,3.0
2026-08-28,268,8210-002-01,R,BABR,2721,Pendente,1.0
2026-08-28,269,DCN4-3807,C,BABR,2721,Pendente,2.0
2026-08-28,270,MS28773-05,C,BABR,2721,Pendente,2.0
2026-08-28,271,1215073-28,C,BABR,2721,Pendente,2.0
2026-08-28,272,9910573-21,C,BABR,2721,Pendente,1.0
2026-08-28,273,3121248-03,R,BABR,2721,Pendente,1.0
2026-08-28,274,5040033933,R,BABR,2709,Pendente,1.0
2026-08-28,275,R581559,C,BABR,2709,Pendente,4.0
2026-08-28,276,S3413-104,C,BABR,2709,Pendente,10.0
2026-08-28,277,S3413-105,C,BABR,2709,Pendente,10.0
2026-08-28,278,S3413-107,C,BABR,2709,Pendente,10.0
2026-08-28,279,S3413-109,C,BABR,2709,Pendente,5.0
2026-08-28,280,S3413-110,C,BABR,2709,Pendente,10.0
2026-08-28,281,S2319-64,C,BABR,2709,Pendente,50.0
2026-08-28,282,S2319-50,C,BABR,2709,Pendente,50.0
2026-08-28,283,B4864,C,BABR,2709,Pendente,1.0
2026-08-28,284,B4940-1,C,BABR,2709,Pendente,1.0
2026-08-28,285,B4940-2,C,BABR,2709,Pendente,10.0
2026-08-28,286,2654012-2,C,BABR,2709,Pendente,1.0
2026-08-28,287,5111602-16,C,BABE,2731,Pendente,67.0
2026-08-28,288,2641032-202,C,BAMN,2741,Pendente,1.0
2026-08-28,289,850C86-2,C,BABR,2709,Pendente,2.0
2026-08-28,290,302-120-402,C,BABR,2709,Pendente,1.0
2026-08-28,291,MS28778-3,C,BAMN,2736,Pendente,6.0
2026-08-28,292,AE3663161E0113,C,BAMN,2736,Pendente,1.0
2026-08-28,293,1414116-7,C,BABE,2739,Pendente,4.0
2026-08-28,294,S1985-1,C,BANT,2708,Pendente,1.0
2026-08-28,295,2270030-12,C,BANT,2708,Pendente,1.0
2026-08-28,296,066-4010-12,R,BANT,2708,Pendente,1.0
2026-08-28,297,3034792,R,DACTA II,2742,Pendente,1.0
2026-08-28,298,3024973,C,DACTA II,2742,Pendente,1.0
2026-08-28,299,M83461/1-012,C,DACTA II,2742,Pendente,1.0
2026-08-28,300,3039937,C,DACTA II,2742,Pendente,1.0
2026-08-28,301,3014227,C,DACTA II,2742,Pendente,1.0
2026-08-28,302,C668050-1108,C,BABE,2723,Pendente,1.0
2026-08-28,303,2522275-1,C,BABE,2723,Pendente,2.0
2026-08-28,304,S2870-1,C,BABE,2723,Pendente,2.0
2026-08-28,305,NSL 1422 B2,C,BABE,2723,Pendente,6.0
2026-08-28,306,AN320-3,C,BABR,2709,Pendente,4.0
2026-08-28,307,2613419-1,C,BABR,2709,Pendente,1.0
2026-08-28,308,AN565B428H4,C,BABR,2709,Pendente,2.0
2026-08-28,309,2662007-4,C,BABR,2709,Pendente,2.0
2026-08-28,310,2662022-1,C,BABR,2709,Pendente,2.0
2026-08-28,311,AN315-3L,C,BABR,2709,Pendente,2.0
2026-08-28,312,B145-78-7,C,BABR,2709,Pendente,1.0
2026-08-28,313,AS5174D1210,C,BAMN,2732,Pendente,1.0
2026-08-28,314,MS24392-10,C,BAMN,2732,Pendente,1.0
2026-08-28,315,An4-17,C,BANT,2729,Pendente,1.0
2026-08-28,316,S1450-6B12-032,C,BANT,2729,Pendente,2.0
2026-08-28,317,065-0059-01,C,BANT,2722,Pendente,1.0
2026-08-28,318,065-0059-01,C,BANT,2708,Pendente,1.0
2026-08-28,319,050-1518-00,C,BANT,2719,Pendente,1.0
2026-08-28,320,MS21025-24,C,BANT,2729,Pendente,1.0
2026-08-28,321,S51-14,C,BANT,2703,Pendente,1.0
2026-08-28,322,065-0042-03,C,BANT,2719,Pendente,1.0
2026-08-28,323,A1639-32,C,CLA,2723,Pendente,8.0
2026-08-28,324,B-5096,C,CLA,2723,Pendente,8.0
2026-08-28,325,A1633-72,C,CLA,2723,Pendente,2.0
2026-08-28,326,S3326-2RX,R,BACO,2743,Pendente,1.0
2026-08-28,327,799-1,R,BACO,2743,Pendente,1.0
2026-08-28,328,060-0017-00,R,BANT,2703,Pendente,1.0
2026-08-28,329,060-0017-00,R,BANT,2708,Pendente,1.0
2026-08-28,330,4002HS,C,BABR,2709,Pendente,10.0
2026-08-28,331,83-0057,C,BACG,2727,Pendente,1.0
2026-08-28,332,060-0015-00,C,BANT,2729,Pendente,1.0
2026-08-28,333,065-0042-15,C,BANT,2702,Pendente,1.0
2026-08-28,334,99-223-6B23284,C,BANT,2702,Pendente,1.0
2026-08-28,335,065-0042-15,C,BANT,2703,Pendente,1.0
2026-08-28,336,2610014-1,C,BANT,2719,Pendente,1.0
2026-08-28,337,NAS464P4A10,C,BANT,2719,Pendente,5.0
2026-08-28,338,A4513-1,C,BANT,2729,Pendente,1.0
2026-08-28,339,S1104-3,C,BANT,2719,Pendente,1.0
2026-08-28,340,011-00870-00,R,BAMN,2730,Pendente,1.0
2026-08-28,341,MS3116F8-3S,C,BANT,2729,Pendente,1.0
2026-08-28,342,2611024-1,C,BANT,2703,Pendente,2.0
2026-08-28,343,S2527-1,C,BACO,2743,Pendente,2.0
2026-08-28,344,24RB/EWC,C,BACO,2743,Pendente,3.0
2026-08-28,345,1308,C,BACO,2743,Pendente,1.0
2026-08-28,346,011-00870-00,R,BABE,2739,Pendente,1.0
2026-08-28,347,324843-W020,T,BAMN,2736,Pendente,1.0
2026-08-28,348,011-00870-00,R,BABE,2733,Pendente,1.0
2026-08-28,349,300048-200,T,DACTA II,2742,Pendente,1.0
2026-08-28,350,C668050-1103,C,BABR,2720,Pendente,2.0
2026-08-28,351,C668050-1104,C,BABR,2720,Pendente,1.0
2026-08-28,352,MS21044N9,C,BABE,2731,Pendente,8.0
2026-08-28,353,B3-5-1,C,BABR,2709 / 2720 / 2721,Pendente,3.0
2026-08-28,354,011-00870-10,C,BABE,2733,Pendente,1.0
2026-08-28,355,1633-114,C,CLA,2723,Pendente,3.0
2026-08-28,356,B-5477,C,CLA,2723,Pendente,3.0
2026-08-28,357,A1633-82,C,CLA,2723,Pendente,3.0
2026-08-28,358,MS21044N9,C,CLA,2723,Pendente,16.0
2026-08-28,359,A1639-32,C,BABR,2721,Pendente,9.0
2026-08-28,360,A1633-72,C,BABR,2721,Pendente,3.0
2026-08-28,361,2641010-3,R,BANT,2729,Pendente,1.0
2026-08-28,362,LM350K,C,BABE,2733,Pendente,4.0
2026-08-28,363,S3060-3H,C,BABE,2733,Pendente,8.0
2026-08-28,364,060-0015-00,R,BANT,2729,Pendente,1.0
2026-08-28,365,060-0015-00,R,BANT,2708,Pendente,1.0
2026-08-28,366,C662504-0101,R,BABR,2720,Pendente,1.0
2026-08-28,367,S1232-505,C,BABR,2721,Pendente,1.0
2026-08-28,368,2641010-3,T,BANT,2729,Pendente,1.0
2026-08-28,369,C662504-0101,T,BABR,2709,Pendente,1.0
2026-08-28,370,4626,C,BABE,2731,Pendente,1.0
2026-08-28,371,162-10700,R,BANT,2729,Pendente,1.0
