data_snapshot,linha,situacao_consolidada,aprovado,tramite,valor,executora,pacote,para_contrato,para_motores
2026-07-09,13181,Atendido,SIM,ATENDIDO,350000.0,CELOG,A,SOB DEMANDA,SIM
2026-07-09,14161,Atendido,SIM,ATENDIDO,1000.0,CELOG,A,SOB DEMANDA,SIM
2026-07-09,15421,Atendido,SIM,ATENDIDO,324166.14,CELOG,A,SOB DEMANDA,Não
2026-07-09,15681,Atendido,SIM,ATENDIDO,207789.52,CELOG,A,HORA DE VOO,Não
2026-07-09,15961,Atendido,SIM,ATENDIDO,800000.0,CELOG,A,SOB DEMANDA,SIM
2026-07-09,15962,"Aprovado, aguardando atendimento",SIM,,1530656.62,CELOG,A,SOB DEMANDA,SIM
2026-07-09,15963,Atendido,SIM,ATENDIDO,72958.08,CELOG,A,SOB DEMANDA,SIM
2026-07-09,15964,Atendido,SIM,ATENDIDO,8916.0,CELOG,A,SOB DEMANDA,SIM
2026-07-09,15965,Atendido,SIM,ATENDIDO,425178.5,CELOG,A,SOB DEMANDA,SIM
2026-07-09,16001,Atendido,SIM,ATENDIDO,400000.0,CELOG,A,SOB DEMANDA,SIM
2026-07-09,16561,Atendido,SIM,ATENDIDO,1530656.62,CELOG,A,HORA DE VOO,Não
2026-07-09,17201,Atendido,SIM,ATENDIDO,41730.64,CABW,A,REQUISIÇÃO,Não
2026-07-09,19241,Não aprovado,NÃO,BLOQUEIO,5000000.0,CELOG,D,PARCELA FIXA,Não
2026-07-09,23080,Não aprovado,NÃO,,4064.54,CELOG,C,REQUISIÇÃO,Não
2026-07-09,23100,Não aprovado,NÃO,,4227.84,CABW,C,REQUISIÇÃO,Não
2026-07-09,23120,Não aprovado,NÃO,,9389.96,CABW,C,REQUISIÇÃO,Não
2026-07-09,23140,Não aprovado,NÃO,,1163.64,FMS,C,REQUISIÇÃO,Não
2026-07-09,23160,Não aprovado,NÃO,,7204.82,CABW,C,REQUISIÇÃO,Não
2026-07-09,23180,Não aprovado,NÃO,,3662.66,CABW,C,REQUISIÇÃO,Não
2026-07-09,25900,Atendido,SIM,ATENDIDO,1704503.0,CELOG,RAP,HORA DE VOO,Não
2026-07-09,25920,Atendido,SIM,ATENDIDO,1638125.5,CELOG,RAP,HORA DE VOO,Não
2026-07-09,12740,Atendido,SIM,ATENDIDO,1770880.5,CELOG,A,HORA DE VOO,Não
2026-07-09,13760,Atendido,SIM,ATENDIDO,1704503.0,CELOG,A,HORA DE VOO,Não
2026-07-09,15680,Atendido,SIM,ATENDIDO,1496713.48,CELOG,A,HORA DE VOO,Não
2026-07-09,16560,"Aprovado, aguardando atendimento",SIM,,173846.38,CELOG,A,HORA DE VOO,Não
2026-07-09,17760,"Aprovado, aguardando atendimento",SIM,,1704503.0,CELOG,A,HORA DE VOO,Não
2026-07-09,17761,"Aprovado, aguardando atendimento",SIM,,1704503.0,CELOG,A,HORA DE VOO,Não
2026-07-09,17762,"Aprovado, aguardando atendimento",SIM,,1704503.0,CELOG,A,HORA DE VOO,Não
2026-07-09,18140,"Aprovado, aguardando atendimento",SIM,,1295422.28,CELOG,A,HORA DE VOO,Não
2026-07-09,15440,"Aprovado, aguardando atendimento",SIM,,30000.0,CELOG,A,SOB DEMANDA,Não
2026-07-09,15380,Atendido,SIM,ATENDIDO,150000.0,CELOG,A,SOB DEMANDA,Não
2026-07-09,15400,Atendido,SIM,ATENDIDO,150000.0,CELOG,A,SOB DEMANDA,Não
2026-07-09,15420,Atendido,SIM,ATENDIDO,18462.36,CELOG,A,SOB DEMANDA,Não
2026-07-09,25940,Atendido,SIM,ATENDIDO,3800000.0,CELOG,RAP,SOB DEMANDA,SIM
2026-07-09,25960,Atendido,SIM,ATENDIDO,3800000.0,CELOG,RAP,SOB DEMANDA,SIM
2026-07-09,11700,Atendido,SIM,ATENDIDO,3799999.6,CELOG,A,SOB DEMANDA,SIM
2026-07-09,13180,Atendido,SIM,ATENDIDO,350000.0,CELOG,A,SOB DEMANDA,SIM
2026-07-09,16000,Atendido,SIM,ATENDIDO,400000.0,CELOG,A,SOB DEMANDA,SIM
2026-07-09,13200,"Aprovado, aguardando atendimento",SIM,,1000000.0,CELOG,A,SOB DEMANDA,SIM
2026-07-09,16700,"Aprovado, aguardando atendimento",SIM,,1000000.0,CELOG,A,SOB DEMANDA,SIM
2026-07-09,25180,"Aprovado, aguardando atendimento",SIM,,1000000.0,CELOG,A,SOB DEMANDA,SIM
2026-07-09,14160,Atendido,SIM,ATENDIDO,3799000.0,CELOG,A,SOB DEMANDA,SIM
2026-07-09,15960,"Aprovado, aguardando atendimento",SIM,,962290.8,CELOG,A,SOB DEMANDA,SIM
2026-07-09,15980,Não aprovado,NÃO,CANCELADO,,CELOG,C,SOB DEMANDA,SIM
2026-07-09,10300,"Aprovado, aguardando atendimento",SIM,,135000.0,CABW,A,REQUISIÇÃO,Não
2026-07-09,10760,"Aprovado, aguardando atendimento",SIM,,400000.0,FMS,A,REQUISIÇÃO,SIM
2026-07-09,13220,"Aprovado, aguardando atendimento",SIM,,400000.0,FMS,A,REQUISIÇÃO,SIM
2026-07-09,23740,"Aprovado, aguardando atendimento",SIM,,400000.0,FMS,A,REQUISIÇÃO,SIM
2026-07-09,11800,Atendido,SIM,ATENDIDO,1187433.02,CABW,A,REQUISIÇÃO,Não
2026-07-09,17200,"Aprovado, aguardando atendimento",SIM,,958040.0,CABW,A,REQUISIÇÃO,Não
2026-07-09,11820,"Aprovado, aguardando atendimento",SIM,,1000000.0,CABW,A,REQUISIÇÃO,Não
2026-07-09,24660,Não aprovado,NÃO,,835000.0,CABW,C,REQUISIÇÃO,Não
2026-07-09,11840,"Aprovado, aguardando atendimento",SIM,,1000000.0,CABW,A,REQUISIÇÃO,Não
2026-07-09,24680,Não aprovado,NÃO,,1000000.0,CABW,C,REQUISIÇÃO,Não
2026-07-09,11860,"Aprovado, aguardando atendimento",SIM,,1000000.0,CABW,A,REQUISIÇÃO,Não
2026-07-09,24700,Não aprovado,NÃO,,1000000.0,CABW,C,REQUISIÇÃO,Não
2026-07-09,11880,"Aprovado, aguardando atendimento",SIM,,100000.0,FMS,A,REQUISIÇÃO,Não
2026-07-09,14180,"Aprovado, aguardando atendimento",SIM,,100000.0,FMS,A,REQUISIÇÃO,Não
2026-07-09,24180,"Aprovado, aguardando atendimento",SIM,,100000.0,FMS,A,REQUISIÇÃO,Não
2026-07-09,24720,Não aprovado,NÃO,,100000.0,FMS,C,REQUISIÇÃO,Não
2026-07-09,11760,"Aprovado, aguardando atendimento",SIM,,200000.0,CABW,A,REQUISIÇÃO,SIM
2026-07-09,11680,"Aprovado, aguardando atendimento",SIM,,563000.0,CABW,A,REQUISIÇÃO,SIM
2026-07-09,11780,"Aprovado, aguardando atendimento",SIM,,320000.0,CABW,A,REQUISIÇÃO,SIM
2026-07-09,13240,"Aprovado, aguardando atendimento",SIM,,120000.0,CABW,A,REQUISIÇÃO,SIM
2026-07-09,23640,Não aprovado,NÃO,,120000.0,CABW,C,REQUISIÇÃO,SIM
2026-07-09,13260,"Aprovado, aguardando atendimento",SIM,,80000.0,CABW,A,REQUISIÇÃO,SIM
2026-07-09,24380,Não aprovado,NÃO,,80000.0,CABW,C,REQUISIÇÃO,SIM
2026-07-09,10780,"Aprovado, aguardando atendimento",SIM,,430000.0,CABW,A,REQUISIÇÃO,SIM
2026-07-09,11720,"Aprovado, aguardando atendimento",SIM,,430000.0,CABW,A,REQUISIÇÃO,SIM
2026-07-09,10800,"Aprovado, aguardando atendimento",SIM,,425000.0,CABW,A,REQUISIÇÃO,SIM
2026-07-09,11740,"Aprovado, aguardando atendimento",SIM,,60000.0,CABW,A,REQUISIÇÃO,SIM
2026-07-09,19240,"Aprovado, aguardando atendimento",SIM,,500000.0,CELOG,D,PARCELA FIXA,Não
2026-07-09,19260,"Aprovado, aguardando atendimento",SIM,,4000000.0,CELOG,D,PARCELA FIXA,Não
2026-07-09,19600,Não aprovado,NÃO,,5500000.0,CELOG,D,PARCELA FIXA,Não
2026-07-09,19620,Não aprovado,NÃO,,5500000.0,CELOG,D,PARCELA FIXA,Não
2026-07-09,24661,Não aprovado,NÃO,,165000.0,CABW,C,REQUISIÇÃO,Não
2026-07-09,63120,Não aprovado,NÃO,,3800000.0,CELOG,C,SOB DEMANDA,SIM
2026-07-09,63140,"Aprovado, aguardando atendimento",SIM,,4394700.0,CABW,C,SOB DEMANDA,SIM
2026-07-09,63940,"Aprovado, aguardando atendimento",SIM,,528395.93,CELOG,A,HORA DE VOO,Não
2026-07-09,63960,Não aprovado,NÃO,,1000000.0,CELOG,B,SOB DEMANDA,SIM
2026-07-09,64340,"Aprovado, aguardando atendimento",SIM,,4394700.0,CABW,C,SOB DEMANDA,SIM
2026-07-10,13181,Atendido,SIM,ATENDIDO,350000.0,CELOG,A,SOB DEMANDA,SIM
2026-07-10,14161,Atendido,SIM,ATENDIDO,1000.0,CELOG,A,SOB DEMANDA,SIM
2026-07-10,15421,Atendido,SIM,ATENDIDO,324166.14,CELOG,A,SOB DEMANDA,Não
2026-07-10,15681,Atendido,SIM,ATENDIDO,207789.52,CELOG,A,HORA DE VOO,Não
2026-07-10,15961,Atendido,SIM,ATENDIDO,800000.0,CELOG,A,SOB DEMANDA,SIM
2026-07-10,15962,"Aprovado, aguardando atendimento",SIM,,1530656.62,CELOG,A,SOB DEMANDA,SIM
2026-07-10,15963,Atendido,SIM,ATENDIDO,72958.08,CELOG,A,SOB DEMANDA,SIM
2026-07-10,15964,Atendido,SIM,ATENDIDO,8916.0,CELOG,A,SOB DEMANDA,SIM
2026-07-10,15965,Atendido,SIM,ATENDIDO,425178.5,CELOG,A,SOB DEMANDA,SIM
2026-07-10,16001,Atendido,SIM,ATENDIDO,400000.0,CELOG,A,SOB DEMANDA,SIM
2026-07-10,16561,Atendido,SIM,ATENDIDO,1530656.62,CELOG,A,HORA DE VOO,Não
2026-07-10,17201,Atendido,SIM,ATENDIDO,41730.64,CABW,A,REQUISIÇÃO,Não
2026-07-10,19241,Não aprovado,NÃO,BLOQUEIO,5000000.0,CELOG,D,PARCELA FIXA,Não
2026-07-10,23080,Não aprovado,NÃO,,4064.54,CELOG,C,REQUISIÇÃO,Não
2026-07-10,23100,Não aprovado,NÃO,,4227.84,CABW,C,REQUISIÇÃO,Não
2026-07-10,23120,Não aprovado,NÃO,,9389.96,CABW,C,REQUISIÇÃO,Não
2026-07-10,23140,Não aprovado,NÃO,,1163.64,FMS,C,REQUISIÇÃO,Não
2026-07-10,23160,Não aprovado,NÃO,,7204.82,CABW,C,REQUISIÇÃO,Não
2026-07-10,23180,Não aprovado,NÃO,,3662.66,CABW,C,REQUISIÇÃO,Não
2026-07-10,25900,Atendido,SIM,ATENDIDO,1704503.0,CELOG,RAP,HORA DE VOO,Não
2026-07-10,25920,Atendido,SIM,ATENDIDO,1638125.5,CELOG,RAP,HORA DE VOO,Não
2026-07-10,12740,Atendido,SIM,ATENDIDO,1770880.5,CELOG,A,HORA DE VOO,Não
2026-07-10,13760,Atendido,SIM,ATENDIDO,1704503.0,CELOG,A,HORA DE VOO,Não
2026-07-10,15680,Atendido,SIM,ATENDIDO,1496713.48,CELOG,A,HORA DE VOO,Não
2026-07-10,16560,"Aprovado, aguardando atendimento",SIM,,173846.38,CELOG,A,HORA DE VOO,Não
2026-07-10,17760,"Aprovado, aguardando atendimento",SIM,,1704503.0,CELOG,A,HORA DE VOO,Não
2026-07-10,17761,"Aprovado, aguardando atendimento",SIM,,1704503.0,CELOG,A,HORA DE VOO,Não
2026-07-10,17762,"Aprovado, aguardando atendimento",SIM,,1704503.0,CELOG,A,HORA DE VOO,Não
2026-07-10,18140,"Aprovado, aguardando atendimento",SIM,,1295422.28,CELOG,A,HORA DE VOO,Não
2026-07-10,15440,"Aprovado, aguardando atendimento",SIM,,30000.0,CELOG,A,SOB DEMANDA,Não
2026-07-10,15380,Atendido,SIM,ATENDIDO,150000.0,CELOG,A,SOB DEMANDA,Não
2026-07-10,15400,Atendido,SIM,ATENDIDO,150000.0,CELOG,A,SOB DEMANDA,Não
2026-07-10,15420,Atendido,SIM,ATENDIDO,18462.36,CELOG,A,SOB DEMANDA,Não
2026-07-10,25940,Atendido,SIM,ATENDIDO,3800000.0,CELOG,RAP,SOB DEMANDA,SIM
2026-07-10,25960,Atendido,SIM,ATENDIDO,3800000.0,CELOG,RAP,SOB DEMANDA,SIM
2026-07-10,11700,Atendido,SIM,ATENDIDO,3799999.6,CELOG,A,SOB DEMANDA,SIM
2026-07-10,13180,Atendido,SIM,ATENDIDO,350000.0,CELOG,A,SOB DEMANDA,SIM
2026-07-10,16000,Atendido,SIM,ATENDIDO,400000.0,CELOG,A,SOB DEMANDA,SIM
2026-07-10,13200,"Aprovado, aguardando atendimento",SIM,,1000000.0,CELOG,A,SOB DEMANDA,SIM
2026-07-10,16700,"Aprovado, aguardando atendimento",SIM,,1000000.0,CELOG,A,SOB DEMANDA,SIM
2026-07-10,25180,"Aprovado, aguardando atendimento",SIM,,1000000.0,CELOG,A,SOB DEMANDA,SIM
2026-07-10,14160,Atendido,SIM,ATENDIDO,3799000.0,CELOG,A,SOB DEMANDA,SIM
2026-07-10,15960,"Aprovado, aguardando atendimento",SIM,,962290.8,CELOG,A,SOB DEMANDA,SIM
2026-07-10,15980,Não aprovado,NÃO,CANCELADO,,CELOG,C,SOB DEMANDA,SIM
2026-07-10,10300,"Aprovado, aguardando atendimento",SIM,,135000.0,CABW,A,REQUISIÇÃO,Não
2026-07-10,10760,"Aprovado, aguardando atendimento",SIM,,400000.0,FMS,A,REQUISIÇÃO,SIM
2026-07-10,13220,"Aprovado, aguardando atendimento",SIM,,400000.0,FMS,A,REQUISIÇÃO,SIM
2026-07-10,23740,"Aprovado, aguardando atendimento",SIM,,400000.0,FMS,A,REQUISIÇÃO,SIM
2026-07-10,11800,Atendido,SIM,ATENDIDO,1187433.02,CABW,A,REQUISIÇÃO,Não
2026-07-10,17200,"Aprovado, aguardando atendimento",SIM,,958040.0,CABW,A,REQUISIÇÃO,Não
2026-07-10,11820,"Aprovado, aguardando atendimento",SIM,,1000000.0,CABW,A,REQUISIÇÃO,Não
2026-07-10,24660,Não aprovado,NÃO,,835000.0,CABW,C,REQUISIÇÃO,Não
2026-07-10,11840,"Aprovado, aguardando atendimento",SIM,,1000000.0,CABW,A,REQUISIÇÃO,Não
2026-07-10,24680,Não aprovado,NÃO,,1000000.0,CABW,C,REQUISIÇÃO,Não
2026-07-10,11860,"Aprovado, aguardando atendimento",SIM,,1000000.0,CABW,A,REQUISIÇÃO,Não
2026-07-10,24700,Não aprovado,NÃO,,1000000.0,CABW,C,REQUISIÇÃO,Não
2026-07-10,11880,"Aprovado, aguardando atendimento",SIM,,100000.0,FMS,A,REQUISIÇÃO,Não
2026-07-10,14180,"Aprovado, aguardando atendimento",SIM,,100000.0,FMS,A,REQUISIÇÃO,Não
2026-07-10,24180,"Aprovado, aguardando atendimento",SIM,,100000.0,FMS,A,REQUISIÇÃO,Não
2026-07-10,24720,Não aprovado,NÃO,,100000.0,FMS,C,REQUISIÇÃO,Não
2026-07-10,11760,"Aprovado, aguardando atendimento",SIM,,200000.0,CABW,A,REQUISIÇÃO,SIM
2026-07-10,11680,"Aprovado, aguardando atendimento",SIM,,563000.0,CABW,A,REQUISIÇÃO,SIM
2026-07-10,11780,"Aprovado, aguardando atendimento",SIM,,320000.0,CABW,A,REQUISIÇÃO,SIM
2026-07-10,13240,"Aprovado, aguardando atendimento",SIM,,120000.0,CABW,A,REQUISIÇÃO,SIM
2026-07-10,23640,Não aprovado,NÃO,,120000.0,CABW,C,REQUISIÇÃO,SIM
2026-07-10,13260,"Aprovado, aguardando atendimento",SIM,,80000.0,CABW,A,REQUISIÇÃO,SIM
2026-07-10,24380,Não aprovado,NÃO,,80000.0,CABW,C,REQUISIÇÃO,SIM
2026-07-10,10780,"Aprovado, aguardando atendimento",SIM,,430000.0,CABW,A,REQUISIÇÃO,SIM
2026-07-10,11720,"Aprovado, aguardando atendimento",SIM,,430000.0,CABW,A,REQUISIÇÃO,SIM
2026-07-10,10800,"Aprovado, aguardando atendimento",SIM,,425000.0,CABW,A,REQUISIÇÃO,SIM
2026-07-10,11740,"Aprovado, aguardando atendimento",SIM,,60000.0,CABW,A,REQUISIÇÃO,SIM
2026-07-10,19240,"Aprovado, aguardando atendimento",SIM,,500000.0,CELOG,D,PARCELA FIXA,Não
2026-07-10,19260,"Aprovado, aguardando atendimento",SIM,,4000000.0,CELOG,D,PARCELA FIXA,Não
2026-07-10,19600,Não aprovado,NÃO,,5500000.0,CELOG,D,PARCELA FIXA,Não
2026-07-10,19620,Não aprovado,NÃO,,5500000.0,CELOG,D,PARCELA FIXA,Não
2026-07-10,24661,Não aprovado,NÃO,,165000.0,CABW,C,REQUISIÇÃO,Não
2026-07-10,63120,Não aprovado,NÃO,,3800000.0,CELOG,C,SOB DEMANDA,SIM
2026-07-10,63140,"Aprovado, aguardando atendimento",SIM,,4394700.0,CABW,C,SOB DEMANDA,SIM
2026-07-10,63940,"Aprovado, aguardando atendimento",SIM,,528395.93,CELOG,A,HORA DE VOO,Não
2026-07-10,63960,Não aprovado,NÃO,,1000000.0,CELOG,B,SOB DEMANDA,SIM
2026-07-10,64340,"Aprovado, aguardando atendimento",SIM,,4394700.0,CABW,C,SOB DEMANDA,SIM
2026-07-11,13181,Atendido,SIM,ATENDIDO,350000.0,CELOG,A,SOB DEMANDA,SIM
2026-07-11,14161,Atendido,SIM,ATENDIDO,1000.0,CELOG,A,SOB DEMANDA,SIM
2026-07-11,15421,Atendido,SIM,ATENDIDO,324166.14,CELOG,A,SOB DEMANDA,Não
2026-07-11,15681,Atendido,SIM,ATENDIDO,207789.52,CELOG,A,HORA DE VOO,Não
2026-07-11,15961,Atendido,SIM,ATENDIDO,800000.0,CELOG,A,SOB DEMANDA,SIM
2026-07-11,15962,"Aprovado, aguardando atendimento",SIM,,1530656.62,CELOG,A,SOB DEMANDA,SIM
2026-07-11,15963,Atendido,SIM,ATENDIDO,72958.08,CELOG,A,SOB DEMANDA,SIM
2026-07-11,15964,Atendido,SIM,ATENDIDO,8916.0,CELOG,A,SOB DEMANDA,SIM
2026-07-11,15965,Atendido,SIM,ATENDIDO,425178.5,CELOG,A,SOB DEMANDA,SIM
2026-07-11,16001,Atendido,SIM,ATENDIDO,400000.0,CELOG,A,SOB DEMANDA,SIM
2026-07-11,16561,Atendido,SIM,ATENDIDO,1530656.62,CELOG,A,HORA DE VOO,Não
2026-07-11,17201,Atendido,SIM,ATENDIDO,41730.64,CABW,A,REQUISIÇÃO,Não
2026-07-11,19241,Não aprovado,NÃO,BLOQUEIO,5000000.0,CELOG,D,PARCELA FIXA,Não
2026-07-11,23080,Não aprovado,NÃO,,4064.54,CELOG,C,REQUISIÇÃO,Não
2026-07-11,23100,Não aprovado,NÃO,,4227.84,CABW,C,REQUISIÇÃO,Não
2026-07-11,23120,Não aprovado,NÃO,,9389.96,CABW,C,REQUISIÇÃO,Não
2026-07-11,23140,Não aprovado,NÃO,,1163.64,FMS,C,REQUISIÇÃO,Não
2026-07-11,23160,Não aprovado,NÃO,,7204.82,CABW,C,REQUISIÇÃO,Não
2026-07-11,23180,Não aprovado,NÃO,,3662.66,CABW,C,REQUISIÇÃO,Não
2026-07-11,25900,Atendido,SIM,ATENDIDO,1704503.0,CELOG,RAP,HORA DE VOO,Não
2026-07-11,25920,Atendido,SIM,ATENDIDO,1638125.5,CELOG,RAP,HORA DE VOO,Não
2026-07-11,12740,Atendido,SIM,ATENDIDO,1770880.5,CELOG,A,HORA DE VOO,Não
2026-07-11,13760,Atendido,SIM,ATENDIDO,1704503.0,CELOG,A,HORA DE VOO,Não
2026-07-11,15680,Atendido,SIM,ATENDIDO,1496713.48,CELOG,A,HORA DE VOO,Não
2026-07-11,16560,"Aprovado, aguardando atendimento",SIM,,173846.38,CELOG,A,HORA DE VOO,Não
2026-07-11,17760,"Aprovado, aguardando atendimento",SIM,,1704503.0,CELOG,A,HORA DE VOO,Não
2026-07-11,17761,"Aprovado, aguardando atendimento",SIM,,1704503.0,CELOG,A,HORA DE VOO,Não
2026-07-11,17762,"Aprovado, aguardando atendimento",SIM,,1704503.0,CELOG,A,HORA DE VOO,Não
2026-07-11,18140,"Aprovado, aguardando atendimento",SIM,,1295422.28,CELOG,A,HORA DE VOO,Não
2026-07-11,15440,"Aprovado, aguardando atendimento",SIM,,30000.0,CELOG,A,SOB DEMANDA,Não
2026-07-11,15380,Atendido,SIM,ATENDIDO,150000.0,CELOG,A,SOB DEMANDA,Não
2026-07-11,15400,Atendido,SIM,ATENDIDO,150000.0,CELOG,A,SOB DEMANDA,Não
2026-07-11,15420,Atendido,SIM,ATENDIDO,18462.36,CELOG,A,SOB DEMANDA,Não
2026-07-11,25940,Atendido,SIM,ATENDIDO,3800000.0,CELOG,RAP,SOB DEMANDA,SIM
2026-07-11,25960,Atendido,SIM,ATENDIDO,3800000.0,CELOG,RAP,SOB DEMANDA,SIM
2026-07-11,11700,Atendido,SIM,ATENDIDO,3799999.6,CELOG,A,SOB DEMANDA,SIM
2026-07-11,13180,Atendido,SIM,ATENDIDO,350000.0,CELOG,A,SOB DEMANDA,SIM
2026-07-11,16000,Atendido,SIM,ATENDIDO,400000.0,CELOG,A,SOB DEMANDA,SIM
2026-07-11,13200,"Aprovado, aguardando atendimento",SIM,,1000000.0,CELOG,A,SOB DEMANDA,SIM
2026-07-11,16700,"Aprovado, aguardando atendimento",SIM,,1000000.0,CELOG,A,SOB DEMANDA,SIM
2026-07-11,25180,"Aprovado, aguardando atendimento",SIM,,1000000.0,CELOG,A,SOB DEMANDA,SIM
2026-07-11,14160,Atendido,SIM,ATENDIDO,3799000.0,CELOG,A,SOB DEMANDA,SIM
2026-07-11,15960,"Aprovado, aguardando atendimento",SIM,,962290.8,CELOG,A,SOB DEMANDA,SIM
2026-07-11,15980,Não aprovado,NÃO,CANCELADO,,CELOG,C,SOB DEMANDA,SIM
2026-07-11,10300,"Aprovado, aguardando atendimento",SIM,,135000.0,CABW,A,REQUISIÇÃO,Não
2026-07-11,10760,"Aprovado, aguardando atendimento",SIM,,400000.0,FMS,A,REQUISIÇÃO,SIM
2026-07-11,13220,"Aprovado, aguardando atendimento",SIM,,400000.0,FMS,A,REQUISIÇÃO,SIM
2026-07-11,23740,"Aprovado, aguardando atendimento",SIM,,400000.0,FMS,A,REQUISIÇÃO,SIM
2026-07-11,11800,Atendido,SIM,ATENDIDO,1187433.02,CABW,A,REQUISIÇÃO,Não
2026-07-11,17200,"Aprovado, aguardando atendimento",SIM,,958040.0,CABW,A,REQUISIÇÃO,Não
2026-07-11,11820,"Aprovado, aguardando atendimento",SIM,,1000000.0,CABW,A,REQUISIÇÃO,Não
2026-07-11,24660,Não aprovado,NÃO,,835000.0,CABW,C,REQUISIÇÃO,Não
2026-07-11,11840,"Aprovado, aguardando atendimento",SIM,,1000000.0,CABW,A,REQUISIÇÃO,Não
2026-07-11,24680,Não aprovado,NÃO,,1000000.0,CABW,C,REQUISIÇÃO,Não
2026-07-11,11860,"Aprovado, aguardando atendimento",SIM,,1000000.0,CABW,A,REQUISIÇÃO,Não
2026-07-11,24700,Não aprovado,NÃO,,1000000.0,CABW,C,REQUISIÇÃO,Não
2026-07-11,11880,"Aprovado, aguardando atendimento",SIM,,100000.0,FMS,A,REQUISIÇÃO,Não
2026-07-11,14180,"Aprovado, aguardando atendimento",SIM,,100000.0,FMS,A,REQUISIÇÃO,Não
2026-07-11,24180,"Aprovado, aguardando atendimento",SIM,,100000.0,FMS,A,REQUISIÇÃO,Não
2026-07-11,24720,Não aprovado,NÃO,,100000.0,FMS,C,REQUISIÇÃO,Não
2026-07-11,11760,"Aprovado, aguardando atendimento",SIM,,200000.0,CABW,A,REQUISIÇÃO,SIM
2026-07-11,11680,"Aprovado, aguardando atendimento",SIM,,563000.0,CABW,A,REQUISIÇÃO,SIM
2026-07-11,11780,"Aprovado, aguardando atendimento",SIM,,320000.0,CABW,A,REQUISIÇÃO,SIM
2026-07-11,13240,"Aprovado, aguardando atendimento",SIM,,120000.0,CABW,A,REQUISIÇÃO,SIM
2026-07-11,23640,Não aprovado,NÃO,,120000.0,CABW,C,REQUISIÇÃO,SIM
2026-07-11,13260,"Aprovado, aguardando atendimento",SIM,,80000.0,CABW,A,REQUISIÇÃO,SIM
2026-07-11,24380,Não aprovado,NÃO,,80000.0,CABW,C,REQUISIÇÃO,SIM
2026-07-11,10780,"Aprovado, aguardando atendimento",SIM,,430000.0,CABW,A,REQUISIÇÃO,SIM
2026-07-11,11720,"Aprovado, aguardando atendimento",SIM,,430000.0,CABW,A,REQUISIÇÃO,SIM
2026-07-11,10800,"Aprovado, aguardando atendimento",SIM,,425000.0,CABW,A,REQUISIÇÃO,SIM
2026-07-11,11740,"Aprovado, aguardando atendimento",SIM,,60000.0,CABW,A,REQUISIÇÃO,SIM
2026-07-11,19240,"Aprovado, aguardando atendimento",SIM,,500000.0,CELOG,D,PARCELA FIXA,Não
2026-07-11,19260,"Aprovado, aguardando atendimento",SIM,,4000000.0,CELOG,D,PARCELA FIXA,Não
2026-07-11,19600,Não aprovado,NÃO,,5500000.0,CELOG,D,PARCELA FIXA,Não
2026-07-11,19620,Não aprovado,NÃO,,5500000.0,CELOG,D,PARCELA FIXA,Não
2026-07-11,24661,Não aprovado,NÃO,,165000.0,CABW,C,REQUISIÇÃO,Não
2026-07-11,63120,Não aprovado,NÃO,,3800000.0,CELOG,C,SOB DEMANDA,SIM
2026-07-11,63140,"Aprovado, aguardando atendimento",SIM,,4394700.0,CABW,C,SOB DEMANDA,SIM
2026-07-11,63940,"Aprovado, aguardando atendimento",SIM,,528395.93,CELOG,A,HORA DE VOO,Não
2026-07-11,63960,Não aprovado,NÃO,,1000000.0,CELOG,B,SOB DEMANDA,SIM
2026-07-11,64340,"Aprovado, aguardando atendimento",SIM,,4394700.0,CABW,C,SOB DEMANDA,SIM
2026-07-13,13181,Atendido,SIM,ATENDIDO,350000.0,CELOG,A,SOB DEMANDA,SIM
2026-07-13,14161,Atendido,SIM,ATENDIDO,1000.0,CELOG,A,SOB DEMANDA,SIM
2026-07-13,15421,Atendido,SIM,ATENDIDO,324166.14,CELOG,A,SOB DEMANDA,Não
2026-07-13,15681,Atendido,SIM,ATENDIDO,207789.52,CELOG,A,HORA DE VOO,Não
2026-07-13,15961,Atendido,SIM,ATENDIDO,800000.0,CELOG,A,SOB DEMANDA,SIM
2026-07-13,15962,"Aprovado, aguardando atendimento",SIM,,1530656.62,CELOG,A,SOB DEMANDA,SIM
2026-07-13,15963,Atendido,SIM,ATENDIDO,72958.08,CELOG,A,SOB DEMANDA,SIM
2026-07-13,15964,Atendido,SIM,ATENDIDO,8916.0,CELOG,A,SOB DEMANDA,SIM
2026-07-13,15965,Atendido,SIM,ATENDIDO,425178.5,CELOG,A,SOB DEMANDA,SIM
2026-07-13,16001,Atendido,SIM,ATENDIDO,400000.0,CELOG,A,SOB DEMANDA,SIM
2026-07-13,16561,Atendido,SIM,ATENDIDO,1530656.62,CELOG,A,HORA DE VOO,Não
2026-07-13,17201,Atendido,SIM,ATENDIDO,41730.64,CABW,A,REQUISIÇÃO,Não
2026-07-13,19241,Não aprovado,NÃO,BLOQUEIO,5000000.0,CELOG,D,PARCELA FIXA,Não
2026-07-13,23080,Não aprovado,NÃO,,4064.54,CELOG,C,REQUISIÇÃO,Não
2026-07-13,23100,Não aprovado,NÃO,,4227.84,CABW,C,REQUISIÇÃO,Não
2026-07-13,23120,Não aprovado,NÃO,,9389.96,CABW,C,REQUISIÇÃO,Não
2026-07-13,23140,Não aprovado,NÃO,,1163.64,FMS,C,REQUISIÇÃO,Não
2026-07-13,23160,Não aprovado,NÃO,,7204.82,CABW,C,REQUISIÇÃO,Não
2026-07-13,23180,Não aprovado,NÃO,,3662.66,CABW,C,REQUISIÇÃO,Não
2026-07-13,25900,Atendido,SIM,ATENDIDO,1704503.0,CELOG,RAP,HORA DE VOO,Não
2026-07-13,25920,Atendido,SIM,ATENDIDO,1638125.5,CELOG,RAP,HORA DE VOO,Não
2026-07-13,12740,Atendido,SIM,ATENDIDO,1770880.5,CELOG,A,HORA DE VOO,Não
2026-07-13,13760,Atendido,SIM,ATENDIDO,1704503.0,CELOG,A,HORA DE VOO,Não
2026-07-13,15680,Atendido,SIM,ATENDIDO,1496713.48,CELOG,A,HORA DE VOO,Não
2026-07-13,16560,"Aprovado, aguardando atendimento",SIM,,173846.38,CELOG,A,HORA DE VOO,Não
2026-07-13,17760,"Aprovado, aguardando atendimento",SIM,,1704503.0,CELOG,A,HORA DE VOO,Não
2026-07-13,17761,"Aprovado, aguardando atendimento",SIM,,1704503.0,CELOG,A,HORA DE VOO,Não
2026-07-13,17762,"Aprovado, aguardando atendimento",SIM,,1704503.0,CELOG,A,HORA DE VOO,Não
2026-07-13,18140,"Aprovado, aguardando atendimento",SIM,,1295422.28,CELOG,A,HORA DE VOO,Não
2026-07-13,15440,"Aprovado, aguardando atendimento",SIM,,30000.0,CELOG,A,SOB DEMANDA,Não
2026-07-13,15380,Atendido,SIM,ATENDIDO,150000.0,CELOG,A,SOB DEMANDA,Não
2026-07-13,15400,Atendido,SIM,ATENDIDO,150000.0,CELOG,A,SOB DEMANDA,Não
2026-07-13,15420,Atendido,SIM,ATENDIDO,18462.36,CELOG,A,SOB DEMANDA,Não
2026-07-13,25940,Atendido,SIM,ATENDIDO,3800000.0,CELOG,RAP,SOB DEMANDA,SIM
2026-07-13,25960,Atendido,SIM,ATENDIDO,3800000.0,CELOG,RAP,SOB DEMANDA,SIM
2026-07-13,11700,Atendido,SIM,ATENDIDO,3799999.6,CELOG,A,SOB DEMANDA,SIM
2026-07-13,13180,Atendido,SIM,ATENDIDO,350000.0,CELOG,A,SOB DEMANDA,SIM
2026-07-13,16000,Atendido,SIM,ATENDIDO,400000.0,CELOG,A,SOB DEMANDA,SIM
2026-07-13,13200,"Aprovado, aguardando atendimento",SIM,,1000000.0,CELOG,A,SOB DEMANDA,SIM
2026-07-13,16700,"Aprovado, aguardando atendimento",SIM,,1000000.0,CELOG,A,SOB DEMANDA,SIM
2026-07-13,25180,"Aprovado, aguardando atendimento",SIM,,1000000.0,CELOG,A,SOB DEMANDA,SIM
2026-07-13,14160,Atendido,SIM,ATENDIDO,3799000.0,CELOG,A,SOB DEMANDA,SIM
2026-07-13,15960,"Aprovado, aguardando atendimento",SIM,,962290.8,CELOG,A,SOB DEMANDA,SIM
2026-07-13,15980,Não aprovado,NÃO,CANCELADO,,CELOG,C,SOB DEMANDA,SIM
2026-07-13,10300,"Aprovado, aguardando atendimento",SIM,,135000.0,CABW,A,REQUISIÇÃO,Não
2026-07-13,10760,"Aprovado, aguardando atendimento",SIM,,400000.0,FMS,A,REQUISIÇÃO,SIM
2026-07-13,13220,"Aprovado, aguardando atendimento",SIM,,400000.0,FMS,A,REQUISIÇÃO,SIM
2026-07-13,23740,"Aprovado, aguardando atendimento",SIM,,400000.0,FMS,A,REQUISIÇÃO,SIM
2026-07-13,11800,Atendido,SIM,ATENDIDO,1187433.02,CABW,A,REQUISIÇÃO,Não
2026-07-13,17200,"Aprovado, aguardando atendimento",SIM,,958040.0,CABW,A,REQUISIÇÃO,Não
2026-07-13,11820,"Aprovado, aguardando atendimento",SIM,,1000000.0,CABW,A,REQUISIÇÃO,Não
2026-07-13,24660,Não aprovado,NÃO,,835000.0,CABW,C,REQUISIÇÃO,Não
2026-07-13,11840,"Aprovado, aguardando atendimento",SIM,,1000000.0,CABW,A,REQUISIÇÃO,Não
2026-07-13,24680,Não aprovado,NÃO,,1000000.0,CABW,C,REQUISIÇÃO,Não
2026-07-13,11860,"Aprovado, aguardando atendimento",SIM,,1000000.0,CABW,A,REQUISIÇÃO,Não
2026-07-13,24700,Não aprovado,NÃO,,1000000.0,CABW,C,REQUISIÇÃO,Não
2026-07-13,11880,"Aprovado, aguardando atendimento",SIM,,100000.0,FMS,A,REQUISIÇÃO,Não
2026-07-13,14180,"Aprovado, aguardando atendimento",SIM,,100000.0,FMS,A,REQUISIÇÃO,Não
2026-07-13,24180,"Aprovado, aguardando atendimento",SIM,,100000.0,FMS,A,REQUISIÇÃO,Não
2026-07-13,24720,Não aprovado,NÃO,,100000.0,FMS,C,REQUISIÇÃO,Não
2026-07-13,11760,"Aprovado, aguardando atendimento",SIM,,200000.0,CABW,A,REQUISIÇÃO,SIM
2026-07-13,11680,"Aprovado, aguardando atendimento",SIM,,563000.0,CABW,A,REQUISIÇÃO,SIM
2026-07-13,11780,"Aprovado, aguardando atendimento",SIM,,320000.0,CABW,A,REQUISIÇÃO,SIM
2026-07-13,13240,"Aprovado, aguardando atendimento",SIM,,120000.0,CABW,A,REQUISIÇÃO,SIM
2026-07-13,23640,Não aprovado,NÃO,,120000.0,CABW,C,REQUISIÇÃO,SIM
2026-07-13,13260,"Aprovado, aguardando atendimento",SIM,,80000.0,CABW,A,REQUISIÇÃO,SIM
2026-07-13,24380,Não aprovado,NÃO,,80000.0,CABW,C,REQUISIÇÃO,SIM
2026-07-13,10780,"Aprovado, aguardando atendimento",SIM,,430000.0,CABW,A,REQUISIÇÃO,SIM
2026-07-13,11720,"Aprovado, aguardando atendimento",SIM,,430000.0,CABW,A,REQUISIÇÃO,SIM
2026-07-13,10800,"Aprovado, aguardando atendimento",SIM,,425000.0,CABW,A,REQUISIÇÃO,SIM
2026-07-13,11740,"Aprovado, aguardando atendimento",SIM,,60000.0,CABW,A,REQUISIÇÃO,SIM
2026-07-13,19240,"Aprovado, aguardando atendimento",SIM,,500000.0,CELOG,D,PARCELA FIXA,Não
2026-07-13,19260,"Aprovado, aguardando atendimento",SIM,,4000000.0,CELOG,D,PARCELA FIXA,Não
2026-07-13,19600,Não aprovado,NÃO,,5500000.0,CELOG,D,PARCELA FIXA,Não
2026-07-13,19620,Não aprovado,NÃO,,5500000.0,CELOG,D,PARCELA FIXA,Não
2026-07-13,24661,Não aprovado,NÃO,,165000.0,CABW,C,REQUISIÇÃO,Não
2026-07-13,63120,Não aprovado,NÃO,,3800000.0,CELOG,C,SOB DEMANDA,SIM
2026-07-13,63140,"Aprovado, aguardando atendimento",SIM,,4394700.0,CABW,C,SOB DEMANDA,SIM
2026-07-13,63940,"Aprovado, aguardando atendimento",SIM,,528395.93,CELOG,A,HORA DE VOO,Não
2026-07-13,63960,Não aprovado,NÃO,,1000000.0,CELOG,B,SOB DEMANDA,SIM
2026-07-13,64340,"Aprovado, aguardando atendimento",SIM,,4394700.0,CABW,C,SOB DEMANDA,SIM
2026-07-14,13181,Atendido,SIM,ATENDIDO,350000.0,CELOG,A,SOB DEMANDA,SIM
2026-07-14,14161,Atendido,SIM,ATENDIDO,1000.0,CELOG,A,SOB DEMANDA,SIM
2026-07-14,15421,Atendido,SIM,ATENDIDO,324166.14,CELOG,A,SOB DEMANDA,Não
2026-07-14,15681,Atendido,SIM,ATENDIDO,207789.52,CELOG,A,HORA DE VOO,Não
2026-07-14,15961,Atendido,SIM,ATENDIDO,800000.0,CELOG,A,SOB DEMANDA,SIM
2026-07-14,15962,Em trâmite,SIM,EM TRÂMITE,1530656.62,CELOG,A,SOB DEMANDA,SIM
2026-07-14,15963,Atendido,SIM,ATENDIDO,72958.08,CELOG,A,SOB DEMANDA,SIM
2026-07-14,15964,Atendido,SIM,ATENDIDO,8916.0,CELOG,A,SOB DEMANDA,SIM
2026-07-14,15965,Atendido,SIM,ATENDIDO,425178.5,CELOG,A,SOB DEMANDA,SIM
2026-07-14,16001,Atendido,SIM,ATENDIDO,400000.0,CELOG,A,SOB DEMANDA,SIM
2026-07-14,16561,Atendido,SIM,ATENDIDO,1530656.62,CELOG,A,HORA DE VOO,Não
2026-07-14,17201,Atendido,SIM,ATENDIDO,41730.64,CABW,A,REQUISIÇÃO,Não
2026-07-14,19241,Não aprovado,NÃO,BLOQUEIO,5000000.0,CELOG,D,PARCELA FIXA,Não
2026-07-14,23080,Não aprovado,NÃO,,4064.54,CELOG,C,REQUISIÇÃO,Não
2026-07-14,23100,Não aprovado,NÃO,,4227.84,CABW,C,REQUISIÇÃO,Não
2026-07-14,23120,Não aprovado,NÃO,,9389.96,CABW,C,REQUISIÇÃO,Não
2026-07-14,23140,Não aprovado,NÃO,,1163.64,FMS,C,REQUISIÇÃO,Não
2026-07-14,23160,Não aprovado,NÃO,,7204.82,CABW,C,REQUISIÇÃO,Não
2026-07-14,23180,Não aprovado,NÃO,,3662.66,CABW,C,REQUISIÇÃO,Não
2026-07-14,25900,Atendido,SIM,ATENDIDO,1704503.0,CELOG,RAP,HORA DE VOO,Não
2026-07-14,25920,Atendido,SIM,ATENDIDO,1638125.5,CELOG,RAP,HORA DE VOO,Não
2026-07-14,12740,Atendido,SIM,ATENDIDO,1770880.5,CELOG,A,HORA DE VOO,Não
2026-07-14,13760,Atendido,SIM,ATENDIDO,1704503.0,CELOG,A,HORA DE VOO,Não
2026-07-14,15680,Atendido,SIM,ATENDIDO,1496713.48,CELOG,A,HORA DE VOO,Não
2026-07-14,16560,Em trâmite,SIM,EM TRÂMITE,173846.38,CELOG,A,HORA DE VOO,Não
2026-07-14,17760,"Aprovado, aguardando atendimento",SIM,,1704503.0,CELOG,A,HORA DE VOO,Não
2026-07-14,17761,"Aprovado, aguardando atendimento",SIM,,1704503.0,CELOG,A,HORA DE VOO,Não
2026-07-14,17762,"Aprovado, aguardando atendimento",SIM,,1704503.0,CELOG,A,HORA DE VOO,Não
2026-07-14,18140,"Aprovado, aguardando atendimento",SIM,,1295422.28,CELOG,A,HORA DE VOO,Não
2026-07-14,15440,"Aprovado, aguardando atendimento",SIM,,30000.0,CELOG,A,SOB DEMANDA,Não
2026-07-14,15380,Atendido,SIM,ATENDIDO,150000.0,CELOG,A,SOB DEMANDA,Não
2026-07-14,15400,Atendido,SIM,ATENDIDO,150000.0,CELOG,A,SOB DEMANDA,Não
2026-07-14,15420,Atendido,SIM,ATENDIDO,18462.36,CELOG,A,SOB DEMANDA,Não
2026-07-14,25940,Atendido,SIM,ATENDIDO,3800000.0,CELOG,RAP,SOB DEMANDA,SIM
2026-07-14,25960,Atendido,SIM,ATENDIDO,3800000.0,CELOG,RAP,SOB DEMANDA,SIM
2026-07-14,11700,Atendido,SIM,ATENDIDO,3799999.6,CELOG,A,SOB DEMANDA,SIM
2026-07-14,13180,Atendido,SIM,ATENDIDO,350000.0,CELOG,A,SOB DEMANDA,SIM
2026-07-14,16000,Atendido,SIM,ATENDIDO,400000.0,CELOG,A,SOB DEMANDA,SIM
2026-07-14,13200,"Aprovado, aguardando atendimento",SIM,,1000000.0,CELOG,A,SOB DEMANDA,SIM
2026-07-14,16700,"Aprovado, aguardando atendimento",SIM,,1000000.0,CELOG,A,SOB DEMANDA,SIM
2026-07-14,25180,"Aprovado, aguardando atendimento",SIM,,1000000.0,CELOG,A,SOB DEMANDA,SIM
2026-07-14,14160,Atendido,SIM,ATENDIDO,3799000.0,CELOG,A,SOB DEMANDA,SIM
2026-07-14,15960,Em trâmite,SIM,EM TRÂMITE,962290.8,CELOG,A,SOB DEMANDA,SIM
2026-07-14,15980,Não aprovado,NÃO,CANCELADO,,CELOG,C,SOB DEMANDA,SIM
2026-07-14,10300,"Aprovado, aguardando atendimento",SIM,,135000.0,CABW,A,REQUISIÇÃO,Não
2026-07-14,10760,"Aprovado, aguardando atendimento",SIM,,400000.0,FMS,A,REQUISIÇÃO,SIM
2026-07-14,13220,"Aprovado, aguardando atendimento",SIM,,400000.0,FMS,A,REQUISIÇÃO,SIM
2026-07-14,23740,"Aprovado, aguardando atendimento",SIM,,400000.0,FMS,A,REQUISIÇÃO,SIM
2026-07-14,11800,Atendido,SIM,ATENDIDO,1187433.02,CABW,A,REQUISIÇÃO,Não
2026-07-14,17200,"Aprovado, aguardando atendimento",SIM,,958040.0,CABW,A,REQUISIÇÃO,Não
2026-07-14,11820,"Aprovado, aguardando atendimento",SIM,,1000000.0,CABW,A,REQUISIÇÃO,Não
2026-07-14,24660,Não aprovado,NÃO,,835000.0,CABW,C,REQUISIÇÃO,Não
2026-07-14,11840,"Aprovado, aguardando atendimento",SIM,,1000000.0,CABW,A,REQUISIÇÃO,Não
2026-07-14,24680,Não aprovado,NÃO,,1000000.0,CABW,C,REQUISIÇÃO,Não
2026-07-14,11860,"Aprovado, aguardando atendimento",SIM,,1000000.0,CABW,A,REQUISIÇÃO,Não
2026-07-14,24700,Não aprovado,NÃO,,1000000.0,CABW,C,REQUISIÇÃO,Não
2026-07-14,11880,"Aprovado, aguardando atendimento",SIM,,100000.0,FMS,A,REQUISIÇÃO,Não
2026-07-14,14180,"Aprovado, aguardando atendimento",SIM,,100000.0,FMS,A,REQUISIÇÃO,Não
2026-07-14,24180,"Aprovado, aguardando atendimento",SIM,,100000.0,FMS,A,REQUISIÇÃO,Não
2026-07-14,24720,Não aprovado,NÃO,,100000.0,FMS,C,REQUISIÇÃO,Não
2026-07-14,11760,"Aprovado, aguardando atendimento",SIM,,200000.0,CABW,A,REQUISIÇÃO,SIM
2026-07-14,11680,"Aprovado, aguardando atendimento",SIM,,563000.0,CABW,A,REQUISIÇÃO,SIM
2026-07-14,11780,"Aprovado, aguardando atendimento",SIM,,320000.0,CABW,A,REQUISIÇÃO,SIM
2026-07-14,13240,"Aprovado, aguardando atendimento",SIM,,120000.0,CABW,A,REQUISIÇÃO,SIM
2026-07-14,23640,Não aprovado,NÃO,,120000.0,CABW,C,REQUISIÇÃO,SIM
2026-07-14,13260,"Aprovado, aguardando atendimento",SIM,,80000.0,CABW,A,REQUISIÇÃO,SIM
2026-07-14,24380,Não aprovado,NÃO,,80000.0,CABW,C,REQUISIÇÃO,SIM
2026-07-14,10780,"Aprovado, aguardando atendimento",SIM,,430000.0,CABW,A,REQUISIÇÃO,SIM
2026-07-14,11720,"Aprovado, aguardando atendimento",SIM,,430000.0,CABW,A,REQUISIÇÃO,SIM
2026-07-14,10800,"Aprovado, aguardando atendimento",SIM,,425000.0,CABW,A,REQUISIÇÃO,SIM
2026-07-14,11740,"Aprovado, aguardando atendimento",SIM,,60000.0,CABW,A,REQUISIÇÃO,SIM
2026-07-14,19240,"Aprovado, aguardando atendimento",SIM,,500000.0,CELOG,D,PARCELA FIXA,Não
2026-07-14,19260,"Aprovado, aguardando atendimento",SIM,,4000000.0,CELOG,D,PARCELA FIXA,Não
2026-07-14,19600,Não aprovado,NÃO,,5500000.0,CELOG,D,PARCELA FIXA,Não
2026-07-14,19620,Não aprovado,NÃO,,5500000.0,CELOG,D,PARCELA FIXA,Não
2026-07-14,24661,Não aprovado,NÃO,,165000.0,CABW,C,REQUISIÇÃO,Não
2026-07-14,63120,Não aprovado,NÃO,,3800000.0,CELOG,C,SOB DEMANDA,SIM
2026-07-14,63140,"Aprovado, aguardando atendimento",SIM,,4394700.0,CABW,C,SOB DEMANDA,SIM
2026-07-14,63940,"Aprovado, aguardando atendimento",SIM,,528395.93,CELOG,A,HORA DE VOO,Não
2026-07-14,63960,Não aprovado,NÃO,,1000000.0,CELOG,B,SOB DEMANDA,SIM
2026-07-14,64340,"Aprovado, aguardando atendimento",SIM,,4394700.0,CABW,C,SOB DEMANDA,SIM
2026-07-15,13181,Atendido,SIM,ATENDIDO,350000.0,CELOG,A,SOB DEMANDA,SIM
2026-07-15,14161,Atendido,SIM,ATENDIDO,1000.0,CELOG,A,SOB DEMANDA,SIM
2026-07-15,15421,Atendido,SIM,ATENDIDO,324166.14,CELOG,A,SOB DEMANDA,Não
2026-07-15,15681,Atendido,SIM,ATENDIDO,207789.52,CELOG,A,HORA DE VOO,Não
2026-07-15,15961,Atendido,SIM,ATENDIDO,800000.0,CELOG,A,SOB DEMANDA,SIM
2026-07-15,15962,Em trâmite,SIM,EM TRÂMITE,1530656.62,CELOG,A,SOB DEMANDA,SIM
2026-07-15,15963,Atendido,SIM,ATENDIDO,72958.08,CELOG,A,SOB DEMANDA,SIM
2026-07-15,15964,Atendido,SIM,ATENDIDO,8916.0,CELOG,A,SOB DEMANDA,SIM
2026-07-15,15965,Atendido,SIM,ATENDIDO,425178.5,CELOG,A,SOB DEMANDA,SIM
2026-07-15,16001,Atendido,SIM,ATENDIDO,400000.0,CELOG,A,SOB DEMANDA,SIM
2026-07-15,16561,Atendido,SIM,ATENDIDO,1530656.62,CELOG,A,HORA DE VOO,Não
2026-07-15,17201,Atendido,SIM,ATENDIDO,41730.64,CABW,A,REQUISIÇÃO,Não
2026-07-15,19241,Não aprovado,NÃO,BLOQUEIO,5000000.0,CELOG,D,PARCELA FIXA,Não
2026-07-15,23080,Não aprovado,NÃO,,4064.54,CELOG,C,REQUISIÇÃO,Não
2026-07-15,23100,Não aprovado,NÃO,,4227.84,CABW,C,REQUISIÇÃO,Não
2026-07-15,23120,Não aprovado,NÃO,,9389.96,CABW,C,REQUISIÇÃO,Não
2026-07-15,23140,Não aprovado,NÃO,,1163.64,FMS,C,REQUISIÇÃO,Não
2026-07-15,23160,Não aprovado,NÃO,,7204.82,CABW,C,REQUISIÇÃO,Não
2026-07-15,23180,Não aprovado,NÃO,,3662.66,CABW,C,REQUISIÇÃO,Não
2026-07-15,25900,Atendido,SIM,ATENDIDO,1704503.0,CELOG,RAP,HORA DE VOO,Não
2026-07-15,25920,Atendido,SIM,ATENDIDO,1638125.5,CELOG,RAP,HORA DE VOO,Não
2026-07-15,12740,Atendido,SIM,ATENDIDO,1770880.5,CELOG,A,HORA DE VOO,Não
2026-07-15,13760,Atendido,SIM,ATENDIDO,1704503.0,CELOG,A,HORA DE VOO,Não
2026-07-15,15680,Atendido,SIM,ATENDIDO,1496713.48,CELOG,A,HORA DE VOO,Não
2026-07-15,16560,Em trâmite,SIM,EM TRÂMITE,173846.38,CELOG,A,HORA DE VOO,Não
2026-07-15,17760,"Aprovado, aguardando atendimento",SIM,,1704503.0,CELOG,A,HORA DE VOO,Não
2026-07-15,17761,"Aprovado, aguardando atendimento",SIM,,1704503.0,CELOG,A,HORA DE VOO,Não
2026-07-15,17762,"Aprovado, aguardando atendimento",SIM,,1704503.0,CELOG,A,HORA DE VOO,Não
2026-07-15,18140,"Aprovado, aguardando atendimento",SIM,,1295422.28,CELOG,A,HORA DE VOO,Não
2026-07-15,15440,"Aprovado, aguardando atendimento",SIM,,30000.0,CELOG,A,SOB DEMANDA,Não
2026-07-15,15380,Atendido,SIM,ATENDIDO,150000.0,CELOG,A,SOB DEMANDA,Não
2026-07-15,15400,Atendido,SIM,ATENDIDO,150000.0,CELOG,A,SOB DEMANDA,Não
2026-07-15,15420,Atendido,SIM,ATENDIDO,18462.36,CELOG,A,SOB DEMANDA,Não
2026-07-15,25940,Atendido,SIM,ATENDIDO,3800000.0,CELOG,RAP,SOB DEMANDA,SIM
2026-07-15,25960,Atendido,SIM,ATENDIDO,3800000.0,CELOG,RAP,SOB DEMANDA,SIM
2026-07-15,11700,Atendido,SIM,ATENDIDO,3799999.6,CELOG,A,SOB DEMANDA,SIM
2026-07-15,13180,Atendido,SIM,ATENDIDO,350000.0,CELOG,A,SOB DEMANDA,SIM
2026-07-15,16000,Atendido,SIM,ATENDIDO,400000.0,CELOG,A,SOB DEMANDA,SIM
2026-07-15,13200,"Aprovado, aguardando atendimento",SIM,,1000000.0,CELOG,A,SOB DEMANDA,SIM
2026-07-15,16700,"Aprovado, aguardando atendimento",SIM,,1000000.0,CELOG,A,SOB DEMANDA,SIM
2026-07-15,25180,"Aprovado, aguardando atendimento",SIM,,1000000.0,CELOG,A,SOB DEMANDA,SIM
2026-07-15,14160,Atendido,SIM,ATENDIDO,3799000.0,CELOG,A,SOB DEMANDA,SIM
2026-07-15,15960,Em trâmite,SIM,EM TRÂMITE,962290.8,CELOG,A,SOB DEMANDA,SIM
2026-07-15,15980,Não aprovado,NÃO,CANCELADO,,CELOG,C,SOB DEMANDA,SIM
2026-07-15,10300,"Aprovado, aguardando atendimento",SIM,,135000.0,CABW,A,REQUISIÇÃO,Não
2026-07-15,10760,"Aprovado, aguardando atendimento",SIM,,400000.0,FMS,A,REQUISIÇÃO,SIM
2026-07-15,13220,"Aprovado, aguardando atendimento",SIM,,400000.0,FMS,A,REQUISIÇÃO,SIM
2026-07-15,23740,"Aprovado, aguardando atendimento",SIM,,400000.0,FMS,A,REQUISIÇÃO,SIM
2026-07-15,11800,Atendido,SIM,ATENDIDO,1187433.02,CABW,A,REQUISIÇÃO,Não
2026-07-15,17200,"Aprovado, aguardando atendimento",SIM,,958040.0,CABW,A,REQUISIÇÃO,Não
2026-07-15,11820,"Aprovado, aguardando atendimento",SIM,,1000000.0,CABW,A,REQUISIÇÃO,Não
2026-07-15,24660,Não aprovado,NÃO,,835000.0,CABW,C,REQUISIÇÃO,Não
2026-07-15,11840,"Aprovado, aguardando atendimento",SIM,,1000000.0,CABW,A,REQUISIÇÃO,Não
2026-07-15,24680,Não aprovado,NÃO,,1000000.0,CABW,C,REQUISIÇÃO,Não
2026-07-15,11860,"Aprovado, aguardando atendimento",SIM,,1000000.0,CABW,A,REQUISIÇÃO,Não
2026-07-15,24700,Não aprovado,NÃO,,1000000.0,CABW,C,REQUISIÇÃO,Não
2026-07-15,11880,"Aprovado, aguardando atendimento",SIM,,100000.0,FMS,A,REQUISIÇÃO,Não
2026-07-15,14180,"Aprovado, aguardando atendimento",SIM,,100000.0,FMS,A,REQUISIÇÃO,Não
2026-07-15,24180,"Aprovado, aguardando atendimento",SIM,,100000.0,FMS,A,REQUISIÇÃO,Não
2026-07-15,24720,Não aprovado,NÃO,,100000.0,FMS,C,REQUISIÇÃO,Não
2026-07-15,11760,"Aprovado, aguardando atendimento",SIM,,200000.0,CABW,A,REQUISIÇÃO,SIM
2026-07-15,11680,"Aprovado, aguardando atendimento",SIM,,563000.0,CABW,A,REQUISIÇÃO,SIM
2026-07-15,11780,"Aprovado, aguardando atendimento",SIM,,320000.0,CABW,A,REQUISIÇÃO,SIM
2026-07-15,13240,"Aprovado, aguardando atendimento",SIM,,120000.0,CABW,A,REQUISIÇÃO,SIM
2026-07-15,23640,Não aprovado,NÃO,,120000.0,CABW,C,REQUISIÇÃO,SIM
2026-07-15,13260,"Aprovado, aguardando atendimento",SIM,,80000.0,CABW,A,REQUISIÇÃO,SIM
2026-07-15,24380,Não aprovado,NÃO,,80000.0,CABW,C,REQUISIÇÃO,SIM
2026-07-15,10780,"Aprovado, aguardando atendimento",SIM,,430000.0,CABW,A,REQUISIÇÃO,SIM
2026-07-15,11720,"Aprovado, aguardando atendimento",SIM,,430000.0,CABW,A,REQUISIÇÃO,SIM
2026-07-15,10800,"Aprovado, aguardando atendimento",SIM,,425000.0,CABW,A,REQUISIÇÃO,SIM
2026-07-15,11740,"Aprovado, aguardando atendimento",SIM,,60000.0,CABW,A,REQUISIÇÃO,SIM
2026-07-15,19240,"Aprovado, aguardando atendimento",SIM,,500000.0,CELOG,D,PARCELA FIXA,Não
2026-07-15,19260,"Aprovado, aguardando atendimento",SIM,,4000000.0,CELOG,D,PARCELA FIXA,Não
2026-07-15,19600,Não aprovado,NÃO,,5500000.0,CELOG,D,PARCELA FIXA,Não
2026-07-15,19620,Não aprovado,NÃO,,5500000.0,CELOG,D,PARCELA FIXA,Não
2026-07-15,24661,Não aprovado,NÃO,,165000.0,CABW,C,REQUISIÇÃO,Não
2026-07-15,63120,Não aprovado,NÃO,,3800000.0,CELOG,C,SOB DEMANDA,SIM
2026-07-15,63140,"Aprovado, aguardando atendimento",SIM,,4394700.0,CABW,C,SOB DEMANDA,SIM
2026-07-15,63940,"Aprovado, aguardando atendimento",SIM,,528395.93,CELOG,A,HORA DE VOO,Não
2026-07-15,63960,Não aprovado,NÃO,,1000000.0,CELOG,B,SOB DEMANDA,SIM
2026-07-15,64340,"Aprovado, aguardando atendimento",SIM,,4394700.0,CABW,C,SOB DEMANDA,SIM
2026-07-16,13181,Atendido,SIM,ATENDIDO,350000.0,CELOG,A,SOB DEMANDA,SIM
2026-07-16,14161,Atendido,SIM,ATENDIDO,1000.0,CELOG,A,SOB DEMANDA,SIM
2026-07-16,15421,Atendido,SIM,ATENDIDO,324166.14,CELOG,A,SOB DEMANDA,Não
2026-07-16,15681,Atendido,SIM,ATENDIDO,207789.52,CELOG,A,HORA DE VOO,Não
2026-07-16,15961,Atendido,SIM,ATENDIDO,800000.0,CELOG,A,SOB DEMANDA,SIM
2026-07-16,15962,Em trâmite,SIM,EM TRÂMITE,1530656.62,CELOG,A,SOB DEMANDA,SIM
2026-07-16,15963,Atendido,SIM,ATENDIDO,72958.08,CELOG,A,SOB DEMANDA,SIM
2026-07-16,15964,Atendido,SIM,ATENDIDO,8916.0,CELOG,A,SOB DEMANDA,SIM
2026-07-16,15965,Atendido,SIM,ATENDIDO,425178.5,CELOG,A,SOB DEMANDA,SIM
2026-07-16,16001,Atendido,SIM,ATENDIDO,400000.0,CELOG,A,SOB DEMANDA,SIM
2026-07-16,16561,Atendido,SIM,ATENDIDO,1530656.62,CELOG,A,HORA DE VOO,Não
2026-07-16,17201,Atendido,SIM,ATENDIDO,41730.64,CABW,A,REQUISIÇÃO,Não
2026-07-16,19241,Não aprovado,NÃO,BLOQUEIO,5000000.0,CELOG,D,PARCELA FIXA,Não
2026-07-16,23080,Não aprovado,NÃO,,4064.54,CELOG,C,REQUISIÇÃO,Não
2026-07-16,23100,Não aprovado,NÃO,,4227.84,CABW,C,REQUISIÇÃO,Não
2026-07-16,23120,Não aprovado,NÃO,,9389.96,CABW,C,REQUISIÇÃO,Não
2026-07-16,23140,Não aprovado,NÃO,,1163.64,FMS,C,REQUISIÇÃO,Não
2026-07-16,23160,Não aprovado,NÃO,,7204.82,CABW,C,REQUISIÇÃO,Não
2026-07-16,23180,Não aprovado,NÃO,,3662.66,CABW,C,REQUISIÇÃO,Não
2026-07-16,25900,Atendido,SIM,ATENDIDO,1704503.0,CELOG,RAP,HORA DE VOO,Não
2026-07-16,25920,Atendido,SIM,ATENDIDO,1638125.5,CELOG,RAP,HORA DE VOO,Não
2026-07-16,12740,Atendido,SIM,ATENDIDO,1770880.5,CELOG,A,HORA DE VOO,Não
2026-07-16,13760,Atendido,SIM,ATENDIDO,1704503.0,CELOG,A,HORA DE VOO,Não
2026-07-16,15680,Atendido,SIM,ATENDIDO,1496713.48,CELOG,A,HORA DE VOO,Não
2026-07-16,16560,Em trâmite,SIM,EM TRÂMITE,173846.38,CELOG,A,HORA DE VOO,Não
2026-07-16,17760,"Aprovado, aguardando atendimento",SIM,,1704503.0,CELOG,A,HORA DE VOO,Não
2026-07-16,17761,"Aprovado, aguardando atendimento",SIM,,1704503.0,CELOG,A,HORA DE VOO,Não
2026-07-16,17762,"Aprovado, aguardando atendimento",SIM,,1704503.0,CELOG,A,HORA DE VOO,Não
2026-07-16,18140,"Aprovado, aguardando atendimento",SIM,,1295422.28,CELOG,A,HORA DE VOO,Não
2026-07-16,15440,"Aprovado, aguardando atendimento",SIM,,30000.0,CELOG,A,SOB DEMANDA,Não
2026-07-16,15380,Atendido,SIM,ATENDIDO,150000.0,CELOG,A,SOB DEMANDA,Não
2026-07-16,15400,Atendido,SIM,ATENDIDO,150000.0,CELOG,A,SOB DEMANDA,Não
2026-07-16,15420,Atendido,SIM,ATENDIDO,18462.36,CELOG,A,SOB DEMANDA,Não
2026-07-16,25940,Atendido,SIM,ATENDIDO,3800000.0,CELOG,RAP,SOB DEMANDA,SIM
2026-07-16,25960,Atendido,SIM,ATENDIDO,3800000.0,CELOG,RAP,SOB DEMANDA,SIM
2026-07-16,11700,Atendido,SIM,ATENDIDO,3799999.6,CELOG,A,SOB DEMANDA,SIM
2026-07-16,13180,Atendido,SIM,ATENDIDO,350000.0,CELOG,A,SOB DEMANDA,SIM
2026-07-16,16000,Atendido,SIM,ATENDIDO,400000.0,CELOG,A,SOB DEMANDA,SIM
2026-07-16,13200,"Aprovado, aguardando atendimento",SIM,,1000000.0,CELOG,A,SOB DEMANDA,SIM
2026-07-16,16700,"Aprovado, aguardando atendimento",SIM,,1000000.0,CELOG,A,SOB DEMANDA,SIM
2026-07-16,25180,"Aprovado, aguardando atendimento",SIM,,1000000.0,CELOG,A,SOB DEMANDA,SIM
2026-07-16,14160,Atendido,SIM,ATENDIDO,3799000.0,CELOG,A,SOB DEMANDA,SIM
2026-07-16,15960,Em trâmite,SIM,EM TRÂMITE,962290.8,CELOG,A,SOB DEMANDA,SIM
2026-07-16,15980,Não aprovado,NÃO,CANCELADO,,CELOG,C,SOB DEMANDA,SIM
2026-07-16,10300,"Aprovado, aguardando atendimento",SIM,,135000.0,CABW,A,REQUISIÇÃO,Não
2026-07-16,10760,"Aprovado, aguardando atendimento",SIM,,400000.0,FMS,A,REQUISIÇÃO,SIM
2026-07-16,13220,"Aprovado, aguardando atendimento",SIM,,400000.0,FMS,A,REQUISIÇÃO,SIM
2026-07-16,23740,"Aprovado, aguardando atendimento",SIM,,400000.0,FMS,A,REQUISIÇÃO,SIM
2026-07-16,11800,Atendido,SIM,ATENDIDO,1187433.02,CABW,A,REQUISIÇÃO,Não
2026-07-16,17200,"Aprovado, aguardando atendimento",SIM,,958040.0,CABW,A,REQUISIÇÃO,Não
2026-07-16,11820,"Aprovado, aguardando atendimento",SIM,,1000000.0,CABW,A,REQUISIÇÃO,Não
2026-07-16,24660,Não aprovado,NÃO,,835000.0,CABW,C,REQUISIÇÃO,Não
2026-07-16,11840,"Aprovado, aguardando atendimento",SIM,,1000000.0,CABW,A,REQUISIÇÃO,Não
2026-07-16,24680,Não aprovado,NÃO,,1000000.0,CABW,C,REQUISIÇÃO,Não
2026-07-16,11860,"Aprovado, aguardando atendimento",SIM,,1000000.0,CABW,A,REQUISIÇÃO,Não
2026-07-16,24700,Não aprovado,NÃO,,1000000.0,CABW,C,REQUISIÇÃO,Não
2026-07-16,11880,"Aprovado, aguardando atendimento",SIM,,100000.0,FMS,A,REQUISIÇÃO,Não
2026-07-16,14180,"Aprovado, aguardando atendimento",SIM,,100000.0,FMS,A,REQUISIÇÃO,Não
2026-07-16,24180,"Aprovado, aguardando atendimento",SIM,,100000.0,FMS,A,REQUISIÇÃO,Não
2026-07-16,24720,Não aprovado,NÃO,,100000.0,FMS,C,REQUISIÇÃO,Não
2026-07-16,11760,"Aprovado, aguardando atendimento",SIM,,200000.0,CABW,A,REQUISIÇÃO,SIM
2026-07-16,11680,"Aprovado, aguardando atendimento",SIM,,563000.0,CABW,A,REQUISIÇÃO,SIM
2026-07-16,11780,"Aprovado, aguardando atendimento",SIM,,320000.0,CABW,A,REQUISIÇÃO,SIM
2026-07-16,13240,"Aprovado, aguardando atendimento",SIM,,120000.0,CABW,A,REQUISIÇÃO,SIM
2026-07-16,23640,Não aprovado,NÃO,,120000.0,CABW,C,REQUISIÇÃO,SIM
2026-07-16,13260,"Aprovado, aguardando atendimento",SIM,,80000.0,CABW,A,REQUISIÇÃO,SIM
2026-07-16,24380,Não aprovado,NÃO,,80000.0,CABW,C,REQUISIÇÃO,SIM
2026-07-16,10780,"Aprovado, aguardando atendimento",SIM,,430000.0,CABW,A,REQUISIÇÃO,SIM
2026-07-16,11720,"Aprovado, aguardando atendimento",SIM,,430000.0,CABW,A,REQUISIÇÃO,SIM
2026-07-16,10800,"Aprovado, aguardando atendimento",SIM,,425000.0,CABW,A,REQUISIÇÃO,SIM
2026-07-16,11740,"Aprovado, aguardando atendimento",SIM,,60000.0,CABW,A,REQUISIÇÃO,SIM
2026-07-16,19240,"Aprovado, aguardando atendimento",SIM,,500000.0,CELOG,D,PARCELA FIXA,Não
2026-07-16,19260,"Aprovado, aguardando atendimento",SIM,,4000000.0,CELOG,D,PARCELA FIXA,Não
2026-07-16,19600,Não aprovado,NÃO,,5500000.0,CELOG,D,PARCELA FIXA,Não
2026-07-16,19620,Não aprovado,NÃO,,5500000.0,CELOG,D,PARCELA FIXA,Não
2026-07-16,24661,Não aprovado,NÃO,,165000.0,CABW,C,REQUISIÇÃO,Não
2026-07-16,63120,Não aprovado,NÃO,,3800000.0,CELOG,C,SOB DEMANDA,SIM
2026-07-16,63140,"Aprovado, aguardando atendimento",SIM,,4394700.0,CABW,C,SOB DEMANDA,SIM
2026-07-16,63940,"Aprovado, aguardando atendimento",SIM,,528395.93,CELOG,A,HORA DE VOO,Não
2026-07-16,63960,Não aprovado,NÃO,,1000000.0,CELOG,B,SOB DEMANDA,SIM
2026-07-16,64340,"Aprovado, aguardando atendimento",SIM,,4394700.0,CABW,C,SOB DEMANDA,SIM
2026-07-17,13181,Atendido,SIM,ATENDIDO,350000.0,CELOG,A,SOB DEMANDA,SIM
2026-07-17,14161,Atendido,SIM,ATENDIDO,1000.0,CELOG,A,SOB DEMANDA,SIM
2026-07-17,15421,Atendido,SIM,ATENDIDO,324166.14,CELOG,A,SOB DEMANDA,Não
2026-07-17,15681,Atendido,SIM,ATENDIDO,207789.52,CELOG,A,HORA DE VOO,Não
2026-07-17,15961,Atendido,SIM,ATENDIDO,800000.0,CELOG,A,SOB DEMANDA,SIM
2026-07-17,15962,Em trâmite,SIM,EM TRÂMITE,1530656.62,CELOG,A,SOB DEMANDA,SIM
2026-07-17,15963,Atendido,SIM,ATENDIDO,72958.08,CELOG,A,SOB DEMANDA,SIM
2026-07-17,15964,Atendido,SIM,ATENDIDO,8916.0,CELOG,A,SOB DEMANDA,SIM
2026-07-17,15965,Atendido,SIM,ATENDIDO,425178.5,CELOG,A,SOB DEMANDA,SIM
2026-07-17,16001,Atendido,SIM,ATENDIDO,400000.0,CELOG,A,SOB DEMANDA,SIM
2026-07-17,16561,Atendido,SIM,ATENDIDO,1530656.62,CELOG,A,HORA DE VOO,Não
2026-07-17,17201,Atendido,SIM,ATENDIDO,41730.64,CABW,A,REQUISIÇÃO,Não
2026-07-17,19241,Não aprovado,NÃO,BLOQUEIO,5000000.0,CELOG,D,PARCELA FIXA,Não
2026-07-17,23080,Não aprovado,NÃO,,4064.54,CELOG,C,REQUISIÇÃO,Não
2026-07-17,23100,Não aprovado,NÃO,,4227.84,CABW,C,REQUISIÇÃO,Não
2026-07-17,23120,Não aprovado,NÃO,,9389.96,CABW,C,REQUISIÇÃO,Não
2026-07-17,23140,Não aprovado,NÃO,,1163.64,FMS,C,REQUISIÇÃO,Não
2026-07-17,23160,Não aprovado,NÃO,,7204.82,CABW,C,REQUISIÇÃO,Não
2026-07-17,23180,Não aprovado,NÃO,,3662.66,CABW,C,REQUISIÇÃO,Não
2026-07-17,25900,Atendido,SIM,ATENDIDO,1704503.0,CELOG,RAP,HORA DE VOO,Não
2026-07-17,25920,Atendido,SIM,ATENDIDO,1638125.5,CELOG,RAP,HORA DE VOO,Não
2026-07-17,12740,Atendido,SIM,ATENDIDO,1770880.5,CELOG,A,HORA DE VOO,Não
2026-07-17,13760,Atendido,SIM,ATENDIDO,1704503.0,CELOG,A,HORA DE VOO,Não
2026-07-17,15680,Atendido,SIM,ATENDIDO,1496713.48,CELOG,A,HORA DE VOO,Não
2026-07-17,16560,Em trâmite,SIM,EM TRÂMITE,173846.38,CELOG,A,HORA DE VOO,Não
2026-07-17,17760,"Aprovado, aguardando atendimento",SIM,,1704503.0,CELOG,A,HORA DE VOO,Não
2026-07-17,17761,"Aprovado, aguardando atendimento",SIM,,1704503.0,CELOG,A,HORA DE VOO,Não
2026-07-17,17762,"Aprovado, aguardando atendimento",SIM,,1704503.0,CELOG,A,HORA DE VOO,Não
2026-07-17,18140,"Aprovado, aguardando atendimento",SIM,,1295422.28,CELOG,A,HORA DE VOO,Não
2026-07-17,15440,"Aprovado, aguardando atendimento",SIM,,30000.0,CELOG,A,SOB DEMANDA,Não
2026-07-17,15380,Atendido,SIM,ATENDIDO,150000.0,CELOG,A,SOB DEMANDA,Não
2026-07-17,15400,Atendido,SIM,ATENDIDO,150000.0,CELOG,A,SOB DEMANDA,Não
2026-07-17,15420,Atendido,SIM,ATENDIDO,18462.36,CELOG,A,SOB DEMANDA,Não
2026-07-17,25940,Atendido,SIM,ATENDIDO,3800000.0,CELOG,RAP,SOB DEMANDA,SIM
2026-07-17,25960,Atendido,SIM,ATENDIDO,3800000.0,CELOG,RAP,SOB DEMANDA,SIM
2026-07-17,11700,Atendido,SIM,ATENDIDO,3799999.6,CELOG,A,SOB DEMANDA,SIM
2026-07-17,13180,Atendido,SIM,ATENDIDO,350000.0,CELOG,A,SOB DEMANDA,SIM
2026-07-17,16000,Atendido,SIM,ATENDIDO,400000.0,CELOG,A,SOB DEMANDA,SIM
2026-07-17,13200,"Aprovado, aguardando atendimento",SIM,,1000000.0,CELOG,A,SOB DEMANDA,SIM
2026-07-17,16700,"Aprovado, aguardando atendimento",SIM,,1000000.0,CELOG,A,SOB DEMANDA,SIM
2026-07-17,25180,"Aprovado, aguardando atendimento",SIM,,1000000.0,CELOG,A,SOB DEMANDA,SIM
2026-07-17,14160,Atendido,SIM,ATENDIDO,3799000.0,CELOG,A,SOB DEMANDA,SIM
2026-07-17,15960,Em trâmite,SIM,EM TRÂMITE,962290.8,CELOG,A,SOB DEMANDA,SIM
2026-07-17,15980,Não aprovado,NÃO,CANCELADO,,CELOG,C,SOB DEMANDA,SIM
2026-07-17,10300,"Aprovado, aguardando atendimento",SIM,,135000.0,CABW,A,REQUISIÇÃO,Não
2026-07-17,10760,"Aprovado, aguardando atendimento",SIM,,400000.0,FMS,A,REQUISIÇÃO,SIM
2026-07-17,13220,"Aprovado, aguardando atendimento",SIM,,400000.0,FMS,A,REQUISIÇÃO,SIM
2026-07-17,23740,"Aprovado, aguardando atendimento",SIM,,400000.0,FMS,A,REQUISIÇÃO,SIM
2026-07-17,11800,Atendido,SIM,ATENDIDO,1187433.02,CABW,A,REQUISIÇÃO,Não
2026-07-17,17200,"Aprovado, aguardando atendimento",SIM,,958040.0,CABW,A,REQUISIÇÃO,Não
2026-07-17,11820,"Aprovado, aguardando atendimento",SIM,,1000000.0,CABW,A,REQUISIÇÃO,Não
2026-07-17,24660,Não aprovado,NÃO,,835000.0,CABW,C,REQUISIÇÃO,Não
2026-07-17,11840,"Aprovado, aguardando atendimento",SIM,,1000000.0,CABW,A,REQUISIÇÃO,Não
2026-07-17,24680,Não aprovado,NÃO,,1000000.0,CABW,C,REQUISIÇÃO,Não
2026-07-17,11860,"Aprovado, aguardando atendimento",SIM,,1000000.0,CABW,A,REQUISIÇÃO,Não
2026-07-17,24700,Não aprovado,NÃO,,1000000.0,CABW,C,REQUISIÇÃO,Não
2026-07-17,11880,"Aprovado, aguardando atendimento",SIM,,100000.0,FMS,A,REQUISIÇÃO,Não
2026-07-17,14180,"Aprovado, aguardando atendimento",SIM,,100000.0,FMS,A,REQUISIÇÃO,Não
2026-07-17,24180,"Aprovado, aguardando atendimento",SIM,,100000.0,FMS,A,REQUISIÇÃO,Não
2026-07-17,24720,Não aprovado,NÃO,,100000.0,FMS,C,REQUISIÇÃO,Não
2026-07-17,11760,"Aprovado, aguardando atendimento",SIM,,200000.0,CABW,A,REQUISIÇÃO,SIM
2026-07-17,11680,"Aprovado, aguardando atendimento",SIM,,563000.0,CABW,A,REQUISIÇÃO,SIM
2026-07-17,11780,"Aprovado, aguardando atendimento",SIM,,320000.0,CABW,A,REQUISIÇÃO,SIM
2026-07-17,13240,"Aprovado, aguardando atendimento",SIM,,120000.0,CABW,A,REQUISIÇÃO,SIM
2026-07-17,23640,Não aprovado,NÃO,,120000.0,CABW,C,REQUISIÇÃO,SIM
2026-07-17,13260,"Aprovado, aguardando atendimento",SIM,,80000.0,CABW,A,REQUISIÇÃO,SIM
2026-07-17,24380,Não aprovado,NÃO,,80000.0,CABW,C,REQUISIÇÃO,SIM
2026-07-17,10780,"Aprovado, aguardando atendimento",SIM,,430000.0,CABW,A,REQUISIÇÃO,SIM
2026-07-17,11720,"Aprovado, aguardando atendimento",SIM,,430000.0,CABW,A,REQUISIÇÃO,SIM
2026-07-17,10800,"Aprovado, aguardando atendimento",SIM,,425000.0,CABW,A,REQUISIÇÃO,SIM
2026-07-17,11740,"Aprovado, aguardando atendimento",SIM,,60000.0,CABW,A,REQUISIÇÃO,SIM
2026-07-17,19240,"Aprovado, aguardando atendimento",SIM,,500000.0,CELOG,D,PARCELA FIXA,Não
2026-07-17,19260,"Aprovado, aguardando atendimento",SIM,,4000000.0,CELOG,D,PARCELA FIXA,Não
2026-07-17,19600,Não aprovado,NÃO,,5500000.0,CELOG,D,PARCELA FIXA,Não
2026-07-17,19620,Não aprovado,NÃO,,5500000.0,CELOG,D,PARCELA FIXA,Não
2026-07-17,24661,Não aprovado,NÃO,,165000.0,CABW,C,REQUISIÇÃO,Não
2026-07-17,63120,Não aprovado,NÃO,,3800000.0,CELOG,C,SOB DEMANDA,SIM
2026-07-17,63140,"Aprovado, aguardando atendimento",SIM,,4394700.0,CABW,C,SOB DEMANDA,SIM
2026-07-17,63940,"Aprovado, aguardando atendimento",SIM,,528395.93,CELOG,A,HORA DE VOO,Não
2026-07-17,63960,Não aprovado,NÃO,,1000000.0,CELOG,B,SOB DEMANDA,SIM
2026-07-17,64340,"Aprovado, aguardando atendimento",SIM,,4394700.0,CABW,C,SOB DEMANDA,SIM
2026-07-18,13181,Atendido,SIM,ATENDIDO,350000.0,CELOG,A,SOB DEMANDA,SIM
2026-07-18,14161,Atendido,SIM,ATENDIDO,1000.0,CELOG,A,SOB DEMANDA,SIM
2026-07-18,15421,Atendido,SIM,ATENDIDO,324166.14,CELOG,A,SOB DEMANDA,Não
2026-07-18,15681,Atendido,SIM,ATENDIDO,207789.52,CELOG,A,HORA DE VOO,Não
2026-07-18,15961,Atendido,SIM,ATENDIDO,800000.0,CELOG,A,SOB DEMANDA,SIM
2026-07-18,15962,Em trâmite,SIM,EM TRÂMITE,1530656.62,CELOG,A,SOB DEMANDA,SIM
2026-07-18,15963,Atendido,SIM,ATENDIDO,72958.08,CELOG,A,SOB DEMANDA,SIM
2026-07-18,15964,Atendido,SIM,ATENDIDO,8916.0,CELOG,A,SOB DEMANDA,SIM
2026-07-18,15965,Atendido,SIM,ATENDIDO,425178.5,CELOG,A,SOB DEMANDA,SIM
2026-07-18,16001,Atendido,SIM,ATENDIDO,400000.0,CELOG,A,SOB DEMANDA,SIM
2026-07-18,16561,Atendido,SIM,ATENDIDO,1530656.62,CELOG,A,HORA DE VOO,Não
2026-07-18,17201,Atendido,SIM,ATENDIDO,41730.64,CABW,A,REQUISIÇÃO,Não
2026-07-18,19241,Não aprovado,NÃO,BLOQUEIO,5000000.0,CELOG,D,PARCELA FIXA,Não
2026-07-18,23080,Não aprovado,NÃO,,4064.54,CELOG,C,REQUISIÇÃO,Não
2026-07-18,23100,Não aprovado,NÃO,,4227.84,CABW,C,REQUISIÇÃO,Não
2026-07-18,23120,Não aprovado,NÃO,,9389.96,CABW,C,REQUISIÇÃO,Não
2026-07-18,23140,Não aprovado,NÃO,,1163.64,FMS,C,REQUISIÇÃO,Não
2026-07-18,23160,Não aprovado,NÃO,,7204.82,CABW,C,REQUISIÇÃO,Não
2026-07-18,23180,Não aprovado,NÃO,,3662.66,CABW,C,REQUISIÇÃO,Não
2026-07-18,25900,Atendido,SIM,ATENDIDO,1704503.0,CELOG,RAP,HORA DE VOO,Não
2026-07-18,25920,Atendido,SIM,ATENDIDO,1638125.5,CELOG,RAP,HORA DE VOO,Não
2026-07-18,12740,Atendido,SIM,ATENDIDO,1770880.5,CELOG,A,HORA DE VOO,Não
2026-07-18,13760,Atendido,SIM,ATENDIDO,1704503.0,CELOG,A,HORA DE VOO,Não
2026-07-18,15680,Atendido,SIM,ATENDIDO,1496713.48,CELOG,A,HORA DE VOO,Não
2026-07-18,16560,Em trâmite,SIM,EM TRÂMITE,173846.38,CELOG,A,HORA DE VOO,Não
2026-07-18,17760,"Aprovado, aguardando atendimento",SIM,,1704503.0,CELOG,A,HORA DE VOO,Não
2026-07-18,17761,"Aprovado, aguardando atendimento",SIM,,1704503.0,CELOG,A,HORA DE VOO,Não
2026-07-18,17762,"Aprovado, aguardando atendimento",SIM,,1704503.0,CELOG,A,HORA DE VOO,Não
2026-07-18,18140,"Aprovado, aguardando atendimento",SIM,,1295422.28,CELOG,A,HORA DE VOO,Não
2026-07-18,15440,"Aprovado, aguardando atendimento",SIM,,30000.0,CELOG,A,SOB DEMANDA,Não
2026-07-18,15380,Atendido,SIM,ATENDIDO,150000.0,CELOG,A,SOB DEMANDA,Não
2026-07-18,15400,Atendido,SIM,ATENDIDO,150000.0,CELOG,A,SOB DEMANDA,Não
2026-07-18,15420,Atendido,SIM,ATENDIDO,18462.36,CELOG,A,SOB DEMANDA,Não
2026-07-18,25940,Atendido,SIM,ATENDIDO,3800000.0,CELOG,RAP,SOB DEMANDA,SIM
2026-07-18,25960,Atendido,SIM,ATENDIDO,3800000.0,CELOG,RAP,SOB DEMANDA,SIM
2026-07-18,11700,Atendido,SIM,ATENDIDO,3799999.6,CELOG,A,SOB DEMANDA,SIM
2026-07-18,13180,Atendido,SIM,ATENDIDO,350000.0,CELOG,A,SOB DEMANDA,SIM
2026-07-18,16000,Atendido,SIM,ATENDIDO,400000.0,CELOG,A,SOB DEMANDA,SIM
2026-07-18,13200,"Aprovado, aguardando atendimento",SIM,,1000000.0,CELOG,A,SOB DEMANDA,SIM
2026-07-18,16700,"Aprovado, aguardando atendimento",SIM,,1000000.0,CELOG,A,SOB DEMANDA,SIM
2026-07-18,25180,"Aprovado, aguardando atendimento",SIM,,1000000.0,CELOG,A,SOB DEMANDA,SIM
2026-07-18,14160,Atendido,SIM,ATENDIDO,3799000.0,CELOG,A,SOB DEMANDA,SIM
2026-07-18,15960,Em trâmite,SIM,EM TRÂMITE,962290.8,CELOG,A,SOB DEMANDA,SIM
2026-07-18,15980,Não aprovado,NÃO,CANCELADO,,CELOG,C,SOB DEMANDA,SIM
2026-07-18,10300,"Aprovado, aguardando atendimento",SIM,,135000.0,CABW,A,REQUISIÇÃO,Não
2026-07-18,10760,"Aprovado, aguardando atendimento",SIM,,400000.0,FMS,A,REQUISIÇÃO,SIM
2026-07-18,13220,"Aprovado, aguardando atendimento",SIM,,400000.0,FMS,A,REQUISIÇÃO,SIM
2026-07-18,23740,"Aprovado, aguardando atendimento",SIM,,400000.0,FMS,A,REQUISIÇÃO,SIM
2026-07-18,11800,Atendido,SIM,ATENDIDO,1187433.02,CABW,A,REQUISIÇÃO,Não
2026-07-18,17200,"Aprovado, aguardando atendimento",SIM,,958040.0,CABW,A,REQUISIÇÃO,Não
2026-07-18,11820,"Aprovado, aguardando atendimento",SIM,,1000000.0,CABW,A,REQUISIÇÃO,Não
2026-07-18,24660,Não aprovado,NÃO,,835000.0,CABW,C,REQUISIÇÃO,Não
2026-07-18,11840,"Aprovado, aguardando atendimento",SIM,,1000000.0,CABW,A,REQUISIÇÃO,Não
2026-07-18,24680,Não aprovado,NÃO,,1000000.0,CABW,C,REQUISIÇÃO,Não
2026-07-18,11860,"Aprovado, aguardando atendimento",SIM,,1000000.0,CABW,A,REQUISIÇÃO,Não
2026-07-18,24700,Não aprovado,NÃO,,1000000.0,CABW,C,REQUISIÇÃO,Não
2026-07-18,11880,"Aprovado, aguardando atendimento",SIM,,100000.0,FMS,A,REQUISIÇÃO,Não
2026-07-18,14180,"Aprovado, aguardando atendimento",SIM,,100000.0,FMS,A,REQUISIÇÃO,Não
2026-07-18,24180,"Aprovado, aguardando atendimento",SIM,,100000.0,FMS,A,REQUISIÇÃO,Não
2026-07-18,24720,Não aprovado,NÃO,,100000.0,FMS,C,REQUISIÇÃO,Não
2026-07-18,11760,"Aprovado, aguardando atendimento",SIM,,200000.0,CABW,A,REQUISIÇÃO,SIM
2026-07-18,11680,"Aprovado, aguardando atendimento",SIM,,563000.0,CABW,A,REQUISIÇÃO,SIM
2026-07-18,11780,"Aprovado, aguardando atendimento",SIM,,320000.0,CABW,A,REQUISIÇÃO,SIM
2026-07-18,13240,"Aprovado, aguardando atendimento",SIM,,120000.0,CABW,A,REQUISIÇÃO,SIM
2026-07-18,23640,Não aprovado,NÃO,,120000.0,CABW,C,REQUISIÇÃO,SIM
2026-07-18,13260,"Aprovado, aguardando atendimento",SIM,,80000.0,CABW,A,REQUISIÇÃO,SIM
2026-07-18,24380,Não aprovado,NÃO,,80000.0,CABW,C,REQUISIÇÃO,SIM
2026-07-18,10780,"Aprovado, aguardando atendimento",SIM,,430000.0,CABW,A,REQUISIÇÃO,SIM
2026-07-18,11720,"Aprovado, aguardando atendimento",SIM,,430000.0,CABW,A,REQUISIÇÃO,SIM
2026-07-18,10800,"Aprovado, aguardando atendimento",SIM,,425000.0,CABW,A,REQUISIÇÃO,SIM
2026-07-18,11740,"Aprovado, aguardando atendimento",SIM,,60000.0,CABW,A,REQUISIÇÃO,SIM
2026-07-18,19240,"Aprovado, aguardando atendimento",SIM,,500000.0,CELOG,D,PARCELA FIXA,Não
2026-07-18,19260,"Aprovado, aguardando atendimento",SIM,,4000000.0,CELOG,D,PARCELA FIXA,Não
2026-07-18,19600,Não aprovado,NÃO,,5500000.0,CELOG,D,PARCELA FIXA,Não
2026-07-18,19620,Não aprovado,NÃO,,5500000.0,CELOG,D,PARCELA FIXA,Não
2026-07-18,24661,Não aprovado,NÃO,,165000.0,CABW,C,REQUISIÇÃO,Não
2026-07-18,63120,Não aprovado,NÃO,,3800000.0,CELOG,C,SOB DEMANDA,SIM
2026-07-18,63140,"Aprovado, aguardando atendimento",SIM,,4394700.0,CABW,C,SOB DEMANDA,SIM
2026-07-18,63940,"Aprovado, aguardando atendimento",SIM,,528395.93,CELOG,A,HORA DE VOO,Não
2026-07-18,63960,Não aprovado,NÃO,,1000000.0,CELOG,B,SOB DEMANDA,SIM
2026-07-18,64340,"Aprovado, aguardando atendimento",SIM,,4394700.0,CABW,C,SOB DEMANDA,SIM
2026-07-20,13181,Atendido,SIM,ATENDIDO,350000.0,CELOG,A,SOB DEMANDA,SIM
2026-07-20,14161,Atendido,SIM,ATENDIDO,1000.0,CELOG,A,SOB DEMANDA,SIM
2026-07-20,15421,Atendido,SIM,ATENDIDO,324166.14,CELOG,A,SOB DEMANDA,Não
2026-07-20,15681,Atendido,SIM,ATENDIDO,207789.52,CELOG,A,HORA DE VOO,Não
2026-07-20,15961,Atendido,SIM,ATENDIDO,800000.0,CELOG,A,SOB DEMANDA,SIM
2026-07-20,15962,Em trâmite,SIM,EM TRÂMITE,1530656.62,CELOG,A,SOB DEMANDA,SIM
2026-07-20,15963,Atendido,SIM,ATENDIDO,72958.08,CELOG,A,SOB DEMANDA,SIM
2026-07-20,15964,Atendido,SIM,ATENDIDO,8916.0,CELOG,A,SOB DEMANDA,SIM
2026-07-20,15965,Atendido,SIM,ATENDIDO,425178.5,CELOG,A,SOB DEMANDA,SIM
2026-07-20,16001,Atendido,SIM,ATENDIDO,400000.0,CELOG,A,SOB DEMANDA,SIM
2026-07-20,16561,Atendido,SIM,ATENDIDO,1530656.62,CELOG,A,HORA DE VOO,Não
2026-07-20,17201,Atendido,SIM,ATENDIDO,41730.64,CABW,A,REQUISIÇÃO,Não
2026-07-20,19241,Não aprovado,NÃO,BLOQUEIO,5000000.0,CELOG,D,PARCELA FIXA,Não
2026-07-20,23080,Não aprovado,NÃO,,4064.54,CELOG,C,REQUISIÇÃO,Não
2026-07-20,23100,Não aprovado,NÃO,,4227.84,CABW,C,REQUISIÇÃO,Não
2026-07-20,23120,Não aprovado,NÃO,,9389.96,CABW,C,REQUISIÇÃO,Não
2026-07-20,23140,Não aprovado,NÃO,,1163.64,FMS,C,REQUISIÇÃO,Não
2026-07-20,23160,Não aprovado,NÃO,,7204.82,CABW,C,REQUISIÇÃO,Não
2026-07-20,23180,Não aprovado,NÃO,,3662.66,CABW,C,REQUISIÇÃO,Não
2026-07-20,25900,Atendido,SIM,ATENDIDO,1704503.0,CELOG,RAP,HORA DE VOO,Não
2026-07-20,25920,Atendido,SIM,ATENDIDO,1638125.5,CELOG,RAP,HORA DE VOO,Não
2026-07-20,12740,Atendido,SIM,ATENDIDO,1770880.5,CELOG,A,HORA DE VOO,Não
2026-07-20,13760,Atendido,SIM,ATENDIDO,1704503.0,CELOG,A,HORA DE VOO,Não
2026-07-20,15680,Atendido,SIM,ATENDIDO,1496713.48,CELOG,A,HORA DE VOO,Não
2026-07-20,16560,Em trâmite,SIM,EM TRÂMITE,173846.38,CELOG,A,HORA DE VOO,Não
2026-07-20,17760,"Aprovado, aguardando atendimento",SIM,,1704503.0,CELOG,A,HORA DE VOO,Não
2026-07-20,17761,"Aprovado, aguardando atendimento",SIM,,1704503.0,CELOG,A,HORA DE VOO,Não
2026-07-20,17762,"Aprovado, aguardando atendimento",SIM,,1704503.0,CELOG,A,HORA DE VOO,Não
2026-07-20,18140,"Aprovado, aguardando atendimento",SIM,,1295422.28,CELOG,A,HORA DE VOO,Não
2026-07-20,15440,"Aprovado, aguardando atendimento",SIM,,30000.0,CELOG,A,SOB DEMANDA,Não
2026-07-20,15380,Atendido,SIM,ATENDIDO,150000.0,CELOG,A,SOB DEMANDA,Não
2026-07-20,15400,Atendido,SIM,ATENDIDO,150000.0,CELOG,A,SOB DEMANDA,Não
2026-07-20,15420,Atendido,SIM,ATENDIDO,18462.36,CELOG,A,SOB DEMANDA,Não
2026-07-20,25940,Atendido,SIM,ATENDIDO,3800000.0,CELOG,RAP,SOB DEMANDA,SIM
2026-07-20,25960,Atendido,SIM,ATENDIDO,3800000.0,CELOG,RAP,SOB DEMANDA,SIM
2026-07-20,11700,Atendido,SIM,ATENDIDO,3799999.6,CELOG,A,SOB DEMANDA,SIM
2026-07-20,13180,Atendido,SIM,ATENDIDO,350000.0,CELOG,A,SOB DEMANDA,SIM
2026-07-20,16000,Atendido,SIM,ATENDIDO,400000.0,CELOG,A,SOB DEMANDA,SIM
2026-07-20,13200,"Aprovado, aguardando atendimento",SIM,,1000000.0,CELOG,A,SOB DEMANDA,SIM
2026-07-20,16700,"Aprovado, aguardando atendimento",SIM,,1000000.0,CELOG,A,SOB DEMANDA,SIM
2026-07-20,25180,"Aprovado, aguardando atendimento",SIM,,1000000.0,CELOG,A,SOB DEMANDA,SIM
2026-07-20,14160,Atendido,SIM,ATENDIDO,3799000.0,CELOG,A,SOB DEMANDA,SIM
2026-07-20,15960,Em trâmite,SIM,EM TRÂMITE,962290.8,CELOG,A,SOB DEMANDA,SIM
2026-07-20,15980,Não aprovado,NÃO,CANCELADO,,CELOG,C,SOB DEMANDA,SIM
2026-07-20,10300,"Aprovado, aguardando atendimento",SIM,,135000.0,CABW,A,REQUISIÇÃO,Não
2026-07-20,10760,"Aprovado, aguardando atendimento",SIM,,400000.0,FMS,A,REQUISIÇÃO,SIM
2026-07-20,13220,"Aprovado, aguardando atendimento",SIM,,400000.0,FMS,A,REQUISIÇÃO,SIM
2026-07-20,23740,"Aprovado, aguardando atendimento",SIM,,400000.0,FMS,A,REQUISIÇÃO,SIM
2026-07-20,11800,Atendido,SIM,ATENDIDO,1187433.02,CABW,A,REQUISIÇÃO,Não
2026-07-20,17200,"Aprovado, aguardando atendimento",SIM,,958040.0,CABW,A,REQUISIÇÃO,Não
2026-07-20,11820,"Aprovado, aguardando atendimento",SIM,,1000000.0,CABW,A,REQUISIÇÃO,Não
2026-07-20,24660,Não aprovado,NÃO,,835000.0,CABW,C,REQUISIÇÃO,Não
2026-07-20,11840,"Aprovado, aguardando atendimento",SIM,,1000000.0,CABW,A,REQUISIÇÃO,Não
2026-07-20,24680,Não aprovado,NÃO,,1000000.0,CABW,C,REQUISIÇÃO,Não
2026-07-20,11860,"Aprovado, aguardando atendimento",SIM,,1000000.0,CABW,A,REQUISIÇÃO,Não
2026-07-20,24700,Não aprovado,NÃO,,1000000.0,CABW,C,REQUISIÇÃO,Não
2026-07-20,11880,"Aprovado, aguardando atendimento",SIM,,100000.0,FMS,A,REQUISIÇÃO,Não
2026-07-20,14180,"Aprovado, aguardando atendimento",SIM,,100000.0,FMS,A,REQUISIÇÃO,Não
2026-07-20,24180,"Aprovado, aguardando atendimento",SIM,,100000.0,FMS,A,REQUISIÇÃO,Não
2026-07-20,24720,Não aprovado,NÃO,,100000.0,FMS,C,REQUISIÇÃO,Não
2026-07-20,11760,"Aprovado, aguardando atendimento",SIM,,200000.0,CABW,A,REQUISIÇÃO,SIM
2026-07-20,11680,"Aprovado, aguardando atendimento",SIM,,563000.0,CABW,A,REQUISIÇÃO,SIM
2026-07-20,11780,"Aprovado, aguardando atendimento",SIM,,320000.0,CABW,A,REQUISIÇÃO,SIM
2026-07-20,13240,"Aprovado, aguardando atendimento",SIM,,120000.0,CABW,A,REQUISIÇÃO,SIM
2026-07-20,23640,Não aprovado,NÃO,,120000.0,CABW,C,REQUISIÇÃO,SIM
2026-07-20,13260,"Aprovado, aguardando atendimento",SIM,,80000.0,CABW,A,REQUISIÇÃO,SIM
2026-07-20,24380,Não aprovado,NÃO,,80000.0,CABW,C,REQUISIÇÃO,SIM
2026-07-20,10780,"Aprovado, aguardando atendimento",SIM,,430000.0,CABW,A,REQUISIÇÃO,SIM
2026-07-20,11720,"Aprovado, aguardando atendimento",SIM,,430000.0,CABW,A,REQUISIÇÃO,SIM
2026-07-20,10800,"Aprovado, aguardando atendimento",SIM,,425000.0,CABW,A,REQUISIÇÃO,SIM
2026-07-20,11740,"Aprovado, aguardando atendimento",SIM,,60000.0,CABW,A,REQUISIÇÃO,SIM
2026-07-20,19240,"Aprovado, aguardando atendimento",SIM,,500000.0,CELOG,D,PARCELA FIXA,Não
2026-07-20,19260,"Aprovado, aguardando atendimento",SIM,,4000000.0,CELOG,D,PARCELA FIXA,Não
2026-07-20,19600,Não aprovado,NÃO,,5500000.0,CELOG,D,PARCELA FIXA,Não
2026-07-20,19620,Não aprovado,NÃO,,5500000.0,CELOG,D,PARCELA FIXA,Não
2026-07-20,24661,Não aprovado,NÃO,,165000.0,CABW,C,REQUISIÇÃO,Não
2026-07-20,63120,Não aprovado,NÃO,,3800000.0,CELOG,C,SOB DEMANDA,SIM
2026-07-20,63140,"Aprovado, aguardando atendimento",SIM,,4394700.0,CABW,C,SOB DEMANDA,SIM
2026-07-20,63940,"Aprovado, aguardando atendimento",SIM,,528395.93,CELOG,A,HORA DE VOO,Não
2026-07-20,63960,Não aprovado,NÃO,,1000000.0,CELOG,B,SOB DEMANDA,SIM
2026-07-20,64340,"Aprovado, aguardando atendimento",SIM,,4394700.0,CABW,C,SOB DEMANDA,SIM
2026-07-21,13181,Atendido,SIM,ATENDIDO,350000.0,CELOG,A,SOB DEMANDA,SIM
2026-07-21,14161,Atendido,SIM,ATENDIDO,1000.0,CELOG,A,SOB DEMANDA,SIM
2026-07-21,15421,Atendido,SIM,ATENDIDO,324166.14,CELOG,A,SOB DEMANDA,Não
2026-07-21,15681,Atendido,SIM,ATENDIDO,207789.52,CELOG,A,HORA DE VOO,Não
2026-07-21,15961,Atendido,SIM,ATENDIDO,800000.0,CELOG,A,SOB DEMANDA,SIM
2026-07-21,15962,Em trâmite,SIM,EM TRÂMITE,1530656.62,CELOG,A,SOB DEMANDA,SIM
2026-07-21,15963,Atendido,SIM,ATENDIDO,72958.08,CELOG,A,SOB DEMANDA,SIM
2026-07-21,15964,Atendido,SIM,ATENDIDO,8916.0,CELOG,A,SOB DEMANDA,SIM
2026-07-21,15965,Atendido,SIM,ATENDIDO,425178.5,CELOG,A,SOB DEMANDA,SIM
2026-07-21,16001,Atendido,SIM,ATENDIDO,400000.0,CELOG,A,SOB DEMANDA,SIM
2026-07-21,16561,Atendido,SIM,ATENDIDO,1530656.62,CELOG,A,HORA DE VOO,Não
2026-07-21,17201,Atendido,SIM,ATENDIDO,41730.64,CABW,A,REQUISIÇÃO,Não
2026-07-21,19241,Não aprovado,NÃO,BLOQUEIO,5000000.0,CELOG,D,PARCELA FIXA,Não
2026-07-21,23080,Não aprovado,NÃO,,4064.54,CELOG,C,REQUISIÇÃO,Não
2026-07-21,23100,Não aprovado,NÃO,,4227.84,CABW,C,REQUISIÇÃO,Não
2026-07-21,23120,Não aprovado,NÃO,,9389.96,CABW,C,REQUISIÇÃO,Não
2026-07-21,23140,Não aprovado,NÃO,,1163.64,FMS,C,REQUISIÇÃO,Não
2026-07-21,23160,Não aprovado,NÃO,,7204.82,CABW,C,REQUISIÇÃO,Não
2026-07-21,23180,Não aprovado,NÃO,,3662.66,CABW,C,REQUISIÇÃO,Não
2026-07-21,25900,Atendido,SIM,ATENDIDO,1704503.0,CELOG,RAP,HORA DE VOO,Não
2026-07-21,25920,Atendido,SIM,ATENDIDO,1638125.5,CELOG,RAP,HORA DE VOO,Não
2026-07-21,12740,Atendido,SIM,ATENDIDO,1770880.5,CELOG,A,HORA DE VOO,Não
2026-07-21,13760,Atendido,SIM,ATENDIDO,1704503.0,CELOG,A,HORA DE VOO,Não
2026-07-21,15680,Atendido,SIM,ATENDIDO,1496713.48,CELOG,A,HORA DE VOO,Não
2026-07-21,16560,Em trâmite,SIM,EM TRÂMITE,173846.38,CELOG,A,HORA DE VOO,Não
2026-07-21,17760,"Aprovado, aguardando atendimento",SIM,,1704503.0,CELOG,A,HORA DE VOO,Não
2026-07-21,17761,"Aprovado, aguardando atendimento",SIM,,1704503.0,CELOG,A,HORA DE VOO,Não
2026-07-21,17762,"Aprovado, aguardando atendimento",SIM,,1704503.0,CELOG,A,HORA DE VOO,Não
2026-07-21,18140,"Aprovado, aguardando atendimento",SIM,,1295422.28,CELOG,A,HORA DE VOO,Não
2026-07-21,15440,"Aprovado, aguardando atendimento",SIM,,30000.0,CELOG,A,SOB DEMANDA,Não
2026-07-21,15380,Atendido,SIM,ATENDIDO,150000.0,CELOG,A,SOB DEMANDA,Não
2026-07-21,15400,Atendido,SIM,ATENDIDO,150000.0,CELOG,A,SOB DEMANDA,Não
2026-07-21,15420,Atendido,SIM,ATENDIDO,18462.36,CELOG,A,SOB DEMANDA,Não
2026-07-21,25940,Atendido,SIM,ATENDIDO,3800000.0,CELOG,RAP,SOB DEMANDA,SIM
2026-07-21,25960,Atendido,SIM,ATENDIDO,3800000.0,CELOG,RAP,SOB DEMANDA,SIM
2026-07-21,11700,Atendido,SIM,ATENDIDO,3799999.6,CELOG,A,SOB DEMANDA,SIM
2026-07-21,13180,Atendido,SIM,ATENDIDO,350000.0,CELOG,A,SOB DEMANDA,SIM
2026-07-21,16000,Atendido,SIM,ATENDIDO,400000.0,CELOG,A,SOB DEMANDA,SIM
2026-07-21,13200,"Aprovado, aguardando atendimento",SIM,,1000000.0,CELOG,A,SOB DEMANDA,SIM
2026-07-21,16700,"Aprovado, aguardando atendimento",SIM,,1000000.0,CELOG,A,SOB DEMANDA,SIM
2026-07-21,25180,"Aprovado, aguardando atendimento",SIM,,1000000.0,CELOG,A,SOB DEMANDA,SIM
2026-07-21,14160,Atendido,SIM,ATENDIDO,3799000.0,CELOG,A,SOB DEMANDA,SIM
2026-07-21,15960,Em trâmite,SIM,EM TRÂMITE,962290.8,CELOG,A,SOB DEMANDA,SIM
2026-07-21,15980,Não aprovado,NÃO,CANCELADO,,CELOG,C,SOB DEMANDA,SIM
2026-07-21,10300,"Aprovado, aguardando atendimento",SIM,,135000.0,CABW,A,REQUISIÇÃO,Não
2026-07-21,10760,"Aprovado, aguardando atendimento",SIM,,400000.0,FMS,A,REQUISIÇÃO,SIM
2026-07-21,13220,"Aprovado, aguardando atendimento",SIM,,400000.0,FMS,A,REQUISIÇÃO,SIM
2026-07-21,23740,"Aprovado, aguardando atendimento",SIM,,400000.0,FMS,A,REQUISIÇÃO,SIM
2026-07-21,11800,Atendido,SIM,ATENDIDO,1187433.02,CABW,A,REQUISIÇÃO,Não
2026-07-21,17200,"Aprovado, aguardando atendimento",SIM,,958040.0,CABW,A,REQUISIÇÃO,Não
2026-07-21,11820,"Aprovado, aguardando atendimento",SIM,,1000000.0,CABW,A,REQUISIÇÃO,Não
2026-07-21,24660,Não aprovado,NÃO,,835000.0,CABW,C,REQUISIÇÃO,Não
2026-07-21,11840,"Aprovado, aguardando atendimento",SIM,,1000000.0,CABW,A,REQUISIÇÃO,Não
2026-07-21,24680,Não aprovado,NÃO,,1000000.0,CABW,C,REQUISIÇÃO,Não
2026-07-21,11860,"Aprovado, aguardando atendimento",SIM,,1000000.0,CABW,A,REQUISIÇÃO,Não
2026-07-21,24700,Não aprovado,NÃO,,1000000.0,CABW,C,REQUISIÇÃO,Não
2026-07-21,11880,"Aprovado, aguardando atendimento",SIM,,100000.0,FMS,A,REQUISIÇÃO,Não
2026-07-21,14180,"Aprovado, aguardando atendimento",SIM,,100000.0,FMS,A,REQUISIÇÃO,Não
2026-07-21,24180,"Aprovado, aguardando atendimento",SIM,,100000.0,FMS,A,REQUISIÇÃO,Não
2026-07-21,24720,Não aprovado,NÃO,,100000.0,FMS,C,REQUISIÇÃO,Não
2026-07-21,11760,"Aprovado, aguardando atendimento",SIM,,200000.0,CABW,A,REQUISIÇÃO,SIM
2026-07-21,11680,"Aprovado, aguardando atendimento",SIM,,563000.0,CABW,A,REQUISIÇÃO,SIM
2026-07-21,11780,"Aprovado, aguardando atendimento",SIM,,320000.0,CABW,A,REQUISIÇÃO,SIM
2026-07-21,13240,"Aprovado, aguardando atendimento",SIM,,120000.0,CABW,A,REQUISIÇÃO,SIM
2026-07-21,23640,Não aprovado,NÃO,,120000.0,CABW,C,REQUISIÇÃO,SIM
2026-07-21,13260,"Aprovado, aguardando atendimento",SIM,,80000.0,CABW,A,REQUISIÇÃO,SIM
2026-07-21,24380,Não aprovado,NÃO,,80000.0,CABW,C,REQUISIÇÃO,SIM
2026-07-21,10780,"Aprovado, aguardando atendimento",SIM,,430000.0,CABW,A,REQUISIÇÃO,SIM
2026-07-21,11720,"Aprovado, aguardando atendimento",SIM,,430000.0,CABW,A,REQUISIÇÃO,SIM
2026-07-21,10800,"Aprovado, aguardando atendimento",SIM,,425000.0,CABW,A,REQUISIÇÃO,SIM
2026-07-21,11740,"Aprovado, aguardando atendimento",SIM,,60000.0,CABW,A,REQUISIÇÃO,SIM
2026-07-21,19240,"Aprovado, aguardando atendimento",SIM,,500000.0,CELOG,D,PARCELA FIXA,Não
2026-07-21,19260,"Aprovado, aguardando atendimento",SIM,,4000000.0,CELOG,D,PARCELA FIXA,Não
2026-07-21,19600,Não aprovado,NÃO,,5500000.0,CELOG,D,PARCELA FIXA,Não
2026-07-21,19620,Não aprovado,NÃO,,5500000.0,CELOG,D,PARCELA FIXA,Não
2026-07-21,24661,Não aprovado,NÃO,,165000.0,CABW,C,REQUISIÇÃO,Não
2026-07-21,63120,Não aprovado,NÃO,,3800000.0,CELOG,C,SOB DEMANDA,SIM
2026-07-21,63140,"Aprovado, aguardando atendimento",SIM,,4394700.0,CABW,C,SOB DEMANDA,SIM
2026-07-21,63940,"Aprovado, aguardando atendimento",SIM,,528395.93,CELOG,A,HORA DE VOO,Não
2026-07-21,63960,Não aprovado,NÃO,,1000000.0,CELOG,B,SOB DEMANDA,SIM
2026-07-21,64340,"Aprovado, aguardando atendimento",SIM,,4394700.0,CABW,C,SOB DEMANDA,SIM
2026-07-22,10300,"Aprovado, aguardando atendimento",SIM,,135000.0,CABW,A,REQUISIÇÃO,Não
2026-07-22,10760,"Aprovado, aguardando atendimento",SIM,,400000.0,FMS,A,REQUISIÇÃO,SIM
2026-07-22,10780,"Aprovado, aguardando atendimento",SIM,,430000.0,CABW,A,REQUISIÇÃO,SIM
2026-07-22,10800,"Aprovado, aguardando atendimento",SIM,,425000.0,CABW,A,REQUISIÇÃO,SIM
2026-07-22,11680,"Aprovado, aguardando atendimento",SIM,,563000.0,CABW,A,REQUISIÇÃO,SIM
2026-07-22,11700,Atendido,SIM,ATENDIDO,3799999.6,CELOG,A,SOB DEMANDA,SIM
2026-07-22,11720,"Aprovado, aguardando atendimento",SIM,,430000.0,CABW,A,REQUISIÇÃO,SIM
2026-07-22,11740,"Aprovado, aguardando atendimento",SIM,,60000.0,CABW,A,REQUISIÇÃO,SIM
2026-07-22,11760,"Aprovado, aguardando atendimento",SIM,,200000.0,CABW,A,REQUISIÇÃO,SIM
2026-07-22,11780,"Aprovado, aguardando atendimento",SIM,,320000.0,CABW,A,REQUISIÇÃO,SIM
2026-07-22,11800,Atendido,SIM,ATENDIDO,1187433.02,CABW,A,REQUISIÇÃO,Não
2026-07-22,11820,"Aprovado, aguardando atendimento",SIM,,1000000.0,CABW,A,REQUISIÇÃO,Não
2026-07-22,11840,"Aprovado, aguardando atendimento",SIM,,1000000.0,CABW,A,REQUISIÇÃO,Não
2026-07-22,11860,"Aprovado, aguardando atendimento",SIM,,1000000.0,CABW,A,REQUISIÇÃO,Não
2026-07-22,11880,"Aprovado, aguardando atendimento",SIM,,100000.0,FMS,A,REQUISIÇÃO,Não
2026-07-22,12740,Atendido,SIM,ATENDIDO,1770880.5,CELOG,A,HORA DE VOO,Não
2026-07-22,13180,Atendido,SIM,ATENDIDO,350000.0,CELOG,A,SOB DEMANDA,SIM
2026-07-22,13181,Atendido,SIM,ATENDIDO,350000.0,CELOG,A,SOB DEMANDA,SIM
2026-07-22,13200,"Aprovado, aguardando atendimento",SIM,,1000000.0,CELOG,A,SOB DEMANDA,SIM
2026-07-22,13220,"Aprovado, aguardando atendimento",SIM,,400000.0,FMS,A,REQUISIÇÃO,SIM
2026-07-22,13240,"Aprovado, aguardando atendimento",SIM,,120000.0,CABW,A,REQUISIÇÃO,SIM
2026-07-22,13260,"Aprovado, aguardando atendimento",SIM,,80000.0,CABW,A,REQUISIÇÃO,SIM
2026-07-22,13760,Atendido,SIM,ATENDIDO,1704503.0,CELOG,A,HORA DE VOO,Não
2026-07-22,14160,Atendido,SIM,ATENDIDO,3799000.0,CELOG,A,SOB DEMANDA,SIM
2026-07-22,14161,Atendido,SIM,ATENDIDO,1000.0,CELOG,A,SOB DEMANDA,SIM
2026-07-22,14180,"Aprovado, aguardando atendimento",SIM,,100000.0,FMS,A,REQUISIÇÃO,Não
2026-07-22,15380,Atendido,SIM,ATENDIDO,150000.0,CELOG,A,SOB DEMANDA,Não
2026-07-22,15400,Atendido,SIM,ATENDIDO,150000.0,CELOG,A,SOB DEMANDA,Não
2026-07-22,15420,Atendido,SIM,ATENDIDO,18462.36,CELOG,A,SOB DEMANDA,Não
2026-07-22,15421,Atendido,SIM,ATENDIDO,324166.14,CELOG,A,SOB DEMANDA,Não
2026-07-22,15440,"Aprovado, aguardando atendimento",SIM,,30000.0,CELOG,A,SOB DEMANDA,Não
2026-07-22,15680,Atendido,SIM,ATENDIDO,1496713.48,CELOG,A,HORA DE VOO,Não
2026-07-22,15681,Atendido,SIM,ATENDIDO,207789.52,CELOG,A,HORA DE VOO,Não
2026-07-22,15960,Em trâmite,SIM,EM TRÂMITE,962290.8,CELOG,A,SOB DEMANDA,SIM
2026-07-22,15961,Atendido,SIM,ATENDIDO,800000.0,CELOG,A,SOB DEMANDA,SIM
2026-07-22,15962,Em trâmite,SIM,EM TRÂMITE,1530656.62,CELOG,A,SOB DEMANDA,SIM
2026-07-22,15963,Atendido,SIM,ATENDIDO,72958.08,CELOG,A,SOB DEMANDA,SIM
2026-07-22,15964,Atendido,SIM,ATENDIDO,8916.0,CELOG,A,SOB DEMANDA,SIM
2026-07-22,15965,Atendido,SIM,ATENDIDO,425178.5,CELOG,A,SOB DEMANDA,SIM
2026-07-22,15980,Não aprovado,NÃO,CANCELADO,,CELOG,C,SOB DEMANDA,SIM
2026-07-22,16000,Atendido,SIM,ATENDIDO,400000.0,CELOG,A,SOB DEMANDA,SIM
2026-07-22,16001,Atendido,SIM,ATENDIDO,400000.0,CELOG,A,SOB DEMANDA,SIM
2026-07-22,16560,Em trâmite,SIM,EM TRÂMITE,173846.38,CELOG,A,HORA DE VOO,Não
2026-07-22,16561,Atendido,SIM,ATENDIDO,1530656.62,CELOG,A,HORA DE VOO,Não
2026-07-22,16700,"Aprovado, aguardando atendimento",SIM,,1000000.0,CELOG,A,SOB DEMANDA,SIM
2026-07-22,17200,"Aprovado, aguardando atendimento",SIM,,958040.0,CABW,A,REQUISIÇÃO,Não
2026-07-22,17201,Atendido,SIM,ATENDIDO,41730.64,CABW,A,REQUISIÇÃO,Não
2026-07-22,17760,"Aprovado, aguardando atendimento",SIM,,1704503.0,CELOG,A,HORA DE VOO,Não
2026-07-22,17761,"Aprovado, aguardando atendimento",SIM,,1704503.0,CELOG,A,HORA DE VOO,Não
2026-07-22,17762,"Aprovado, aguardando atendimento",SIM,,1704503.0,CELOG,A,HORA DE VOO,Não
2026-07-22,18140,"Aprovado, aguardando atendimento",SIM,,1295422.28,CELOG,A,HORA DE VOO,Não
2026-07-22,19240,"Aprovado, aguardando atendimento",SIM,,500000.0,CELOG,D,PARCELA FIXA,Não
2026-07-22,19241,Não aprovado,NÃO,BLOQUEIO,5000000.0,CELOG,D,PARCELA FIXA,Não
2026-07-22,19260,"Aprovado, aguardando atendimento",SIM,,4000000.0,CELOG,D,PARCELA FIXA,Não
2026-07-22,19600,Não aprovado,NÃO,,5500000.0,CELOG,D,PARCELA FIXA,Não
2026-07-22,19620,Não aprovado,NÃO,,5500000.0,CELOG,D,PARCELA FIXA,Não
2026-07-22,23080,Não aprovado,NÃO,,4064.54,CELOG,C,REQUISIÇÃO,Não
2026-07-22,23100,Não aprovado,NÃO,,4227.84,CABW,C,REQUISIÇÃO,Não
2026-07-22,23120,Não aprovado,NÃO,,9389.96,CABW,C,REQUISIÇÃO,Não
2026-07-22,23140,Não aprovado,NÃO,,1163.64,FMS,C,REQUISIÇÃO,Não
2026-07-22,23160,Não aprovado,NÃO,,7204.82,CABW,C,REQUISIÇÃO,Não
2026-07-22,23180,Não aprovado,NÃO,,3662.66,CABW,C,REQUISIÇÃO,Não
2026-07-22,23640,Não aprovado,NÃO,,120000.0,CABW,C,REQUISIÇÃO,SIM
2026-07-22,23740,"Aprovado, aguardando atendimento",SIM,,400000.0,FMS,A,REQUISIÇÃO,SIM
2026-07-22,24180,"Aprovado, aguardando atendimento",SIM,,100000.0,FMS,A,REQUISIÇÃO,Não
2026-07-22,24380,Não aprovado,NÃO,,80000.0,CABW,C,REQUISIÇÃO,SIM
2026-07-22,24660,Não aprovado,NÃO,,835000.0,CABW,C,REQUISIÇÃO,Não
2026-07-22,24661,Não aprovado,NÃO,,165000.0,CABW,C,REQUISIÇÃO,Não
2026-07-22,24680,Não aprovado,NÃO,,1000000.0,CABW,C,REQUISIÇÃO,Não
2026-07-22,24700,Não aprovado,NÃO,,1000000.0,CABW,C,REQUISIÇÃO,Não
2026-07-22,24720,Não aprovado,NÃO,,100000.0,FMS,C,REQUISIÇÃO,Não
2026-07-22,25180,"Aprovado, aguardando atendimento",SIM,,1000000.0,CELOG,A,SOB DEMANDA,SIM
2026-07-22,25900,Atendido,SIM,ATENDIDO,1704503.0,CELOG,RAP,HORA DE VOO,Não
2026-07-22,25920,Atendido,SIM,ATENDIDO,1638125.5,CELOG,RAP,HORA DE VOO,Não
2026-07-22,25940,Atendido,SIM,ATENDIDO,3800000.0,CELOG,RAP,SOB DEMANDA,SIM
2026-07-22,25960,Atendido,SIM,ATENDIDO,3800000.0,CELOG,RAP,SOB DEMANDA,SIM
2026-07-22,63120,Não aprovado,NÃO,,3800000.0,CELOG,C,SOB DEMANDA,SIM
2026-07-22,63140,"Aprovado, aguardando atendimento",SIM,,4394700.0,CABW,C,SOB DEMANDA,SIM
2026-07-22,63940,"Aprovado, aguardando atendimento",SIM,,528395.93,CELOG,A,HORA DE VOO,Não
2026-07-22,63960,Não aprovado,NÃO,,1000000.0,CELOG,B,SOB DEMANDA,SIM
2026-07-22,64340,"Aprovado, aguardando atendimento",SIM,,4394700.0,CABW,C,SOB DEMANDA,SIM
2026-07-23,10300,"Aprovado, aguardando atendimento",SIM,,135000.0,CABW,A,REQUISIÇÃO,Não
2026-07-23,10760,"Aprovado, aguardando atendimento",SIM,,400000.0,FMS,A,REQUISIÇÃO,SIM
2026-07-23,10780,"Aprovado, aguardando atendimento",SIM,,430000.0,CABW,A,REQUISIÇÃO,SIM
2026-07-23,10800,"Aprovado, aguardando atendimento",SIM,,425000.0,CABW,A,REQUISIÇÃO,SIM
2026-07-23,11680,"Aprovado, aguardando atendimento",SIM,,563000.0,CABW,A,REQUISIÇÃO,SIM
2026-07-23,11700,Atendido,SIM,ATENDIDO,3799999.6,CELOG,A,SOB DEMANDA,SIM
2026-07-23,11720,"Aprovado, aguardando atendimento",SIM,,430000.0,CABW,A,REQUISIÇÃO,SIM
2026-07-23,11740,"Aprovado, aguardando atendimento",SIM,,60000.0,CABW,A,REQUISIÇÃO,SIM
2026-07-23,11760,"Aprovado, aguardando atendimento",SIM,,200000.0,CABW,A,REQUISIÇÃO,SIM
2026-07-23,11780,"Aprovado, aguardando atendimento",SIM,,320000.0,CABW,A,REQUISIÇÃO,SIM
2026-07-23,11800,Atendido,SIM,ATENDIDO,1187433.02,CABW,A,REQUISIÇÃO,Não
2026-07-23,11820,"Aprovado, aguardando atendimento",SIM,,1000000.0,CABW,A,REQUISIÇÃO,Não
2026-07-23,11840,"Aprovado, aguardando atendimento",SIM,,1000000.0,CABW,A,REQUISIÇÃO,Não
2026-07-23,11860,"Aprovado, aguardando atendimento",SIM,,1000000.0,CABW,A,REQUISIÇÃO,Não
2026-07-23,11880,"Aprovado, aguardando atendimento",SIM,,100000.0,FMS,A,REQUISIÇÃO,Não
2026-07-23,12740,Atendido,SIM,ATENDIDO,1770880.5,CELOG,A,HORA DE VOO,Não
2026-07-23,13180,Atendido,SIM,ATENDIDO,350000.0,CELOG,A,SOB DEMANDA,SIM
2026-07-23,13181,Atendido,SIM,ATENDIDO,350000.0,CELOG,A,SOB DEMANDA,SIM
2026-07-23,13200,"Aprovado, aguardando atendimento",SIM,,1000000.0,CELOG,A,SOB DEMANDA,SIM
2026-07-23,13220,"Aprovado, aguardando atendimento",SIM,,400000.0,FMS,A,REQUISIÇÃO,SIM
2026-07-23,13240,"Aprovado, aguardando atendimento",SIM,,120000.0,CABW,A,REQUISIÇÃO,SIM
2026-07-23,13260,"Aprovado, aguardando atendimento",SIM,,80000.0,CABW,A,REQUISIÇÃO,SIM
2026-07-23,16560,Em trâmite,SIM,EM TRÂMITE,173846.38,CELOG,A,HORA DE VOO,Não
2026-07-23,63960,Não aprovado,NÃO,,1000000.0,CELOG,B,SOB DEMANDA,SIM
2026-07-23,13760,Atendido,SIM,ATENDIDO,1704503.0,CELOG,A,HORA DE VOO,Não
2026-07-23,14160,Atendido,SIM,ATENDIDO,3799000.0,CELOG,A,SOB DEMANDA,SIM
2026-07-23,14161,Atendido,SIM,ATENDIDO,1000.0,CELOG,A,SOB DEMANDA,SIM
2026-07-23,14180,"Aprovado, aguardando atendimento",SIM,,100000.0,FMS,A,REQUISIÇÃO,Não
2026-07-23,15380,Atendido,SIM,ATENDIDO,150000.0,CELOG,A,SOB DEMANDA,Não
2026-07-23,15400,Atendido,SIM,ATENDIDO,150000.0,CELOG,A,SOB DEMANDA,Não
2026-07-23,15420,Atendido,SIM,ATENDIDO,18462.36,CELOG,A,SOB DEMANDA,Não
2026-07-23,15421,Atendido,SIM,ATENDIDO,324166.14,CELOG,A,SOB DEMANDA,Não
2026-07-23,15440,"Aprovado, aguardando atendimento",SIM,,30000.0,CELOG,A,SOB DEMANDA,Não
2026-07-23,15680,Atendido,SIM,ATENDIDO,1496713.48,CELOG,A,HORA DE VOO,Não
2026-07-23,15681,Atendido,SIM,ATENDIDO,207789.52,CELOG,A,HORA DE VOO,Não
2026-07-23,15960,Em trâmite,SIM,EM TRÂMITE,962290.8,CELOG,A,SOB DEMANDA,SIM
2026-07-23,15961,Atendido,SIM,ATENDIDO,800000.0,CELOG,A,SOB DEMANDA,SIM
2026-07-23,15962,Em trâmite,SIM,EM TRÂMITE,1530656.62,CELOG,A,SOB DEMANDA,SIM
2026-07-23,15963,Atendido,SIM,ATENDIDO,72958.08,CELOG,A,SOB DEMANDA,SIM
2026-07-23,15964,Atendido,SIM,ATENDIDO,8916.0,CELOG,A,SOB DEMANDA,SIM
2026-07-23,15965,Atendido,SIM,ATENDIDO,425178.5,CELOG,A,SOB DEMANDA,SIM
2026-07-23,15980,Não aprovado,NÃO,CANCELADO,,CELOG,C,SOB DEMANDA,SIM
2026-07-23,16000,Atendido,SIM,ATENDIDO,400000.0,CELOG,A,SOB DEMANDA,SIM
2026-07-23,16001,Atendido,SIM,ATENDIDO,400000.0,CELOG,A,SOB DEMANDA,SIM
2026-07-23,17760,"Aprovado, aguardando atendimento",SIM,,1704503.0,CELOG,A,HORA DE VOO,Não
2026-07-23,16561,Atendido,SIM,ATENDIDO,1530656.62,CELOG,A,HORA DE VOO,Não
2026-07-23,16700,"Aprovado, aguardando atendimento",SIM,,1000000.0,CELOG,A,SOB DEMANDA,SIM
2026-07-23,17200,"Aprovado, aguardando atendimento",SIM,,958040.0,CABW,A,REQUISIÇÃO,Não
2026-07-23,17201,Atendido,SIM,ATENDIDO,41730.64,CABW,A,REQUISIÇÃO,Não
2026-07-23,17762,"Aprovado, aguardando atendimento",SIM,,1704503.0,CELOG,A,HORA DE VOO,Não
2026-07-23,18140,"Aprovado, aguardando atendimento",SIM,,1295422.28,CELOG,A,HORA DE VOO,Não
2026-07-23,17761,"Aprovado, aguardando atendimento",SIM,,1704503.0,CELOG,A,HORA DE VOO,Não
2026-07-23,19240,"Aprovado, aguardando atendimento",SIM,,500000.0,CELOG,D,PARCELA FIXA,Não
2026-07-23,19241,Não aprovado,NÃO,BLOQUEIO,5000000.0,CELOG,D,PARCELA FIXA,Não
2026-07-23,19260,"Aprovado, aguardando atendimento",SIM,,4000000.0,CELOG,D,PARCELA FIXA,Não
2026-07-23,19600,Não aprovado,NÃO,,5500000.0,CELOG,D,PARCELA FIXA,Não
2026-07-23,19620,Não aprovado,NÃO,,5500000.0,CELOG,D,PARCELA FIXA,Não
2026-07-23,23080,Não aprovado,NÃO,,4064.54,CELOG,C,REQUISIÇÃO,Não
2026-07-23,23100,Não aprovado,NÃO,,4227.84,CABW,C,REQUISIÇÃO,Não
2026-07-23,23120,Não aprovado,NÃO,,9389.96,CABW,C,REQUISIÇÃO,Não
2026-07-23,23140,Não aprovado,NÃO,,1163.64,FMS,C,REQUISIÇÃO,Não
2026-07-23,23160,Não aprovado,NÃO,,7204.82,CABW,C,REQUISIÇÃO,Não
2026-07-23,23180,Não aprovado,NÃO,,3662.66,CABW,C,REQUISIÇÃO,Não
2026-07-23,23640,Não aprovado,NÃO,,120000.0,CABW,C,REQUISIÇÃO,SIM
2026-07-23,23740,"Aprovado, aguardando atendimento",SIM,,400000.0,FMS,A,REQUISIÇÃO,SIM
2026-07-23,24180,"Aprovado, aguardando atendimento",SIM,,100000.0,FMS,A,REQUISIÇÃO,Não
2026-07-23,24380,Não aprovado,NÃO,,80000.0,CABW,C,REQUISIÇÃO,SIM
2026-07-23,24660,Não aprovado,NÃO,,835000.0,CABW,C,REQUISIÇÃO,Não
2026-07-23,24661,Não aprovado,NÃO,,165000.0,CABW,C,REQUISIÇÃO,Não
2026-07-23,24680,Não aprovado,NÃO,,1000000.0,CABW,C,REQUISIÇÃO,Não
2026-07-23,24700,Não aprovado,NÃO,,1000000.0,CABW,C,REQUISIÇÃO,Não
2026-07-23,24720,Não aprovado,NÃO,,100000.0,FMS,C,REQUISIÇÃO,Não
2026-07-23,25180,"Aprovado, aguardando atendimento",SIM,,1000000.0,CELOG,A,SOB DEMANDA,SIM
2026-07-23,25900,Atendido,SIM,ATENDIDO,1704503.0,CELOG,RAP,HORA DE VOO,Não
2026-07-23,25920,Atendido,SIM,ATENDIDO,1638125.5,CELOG,RAP,HORA DE VOO,Não
2026-07-23,25940,Atendido,SIM,ATENDIDO,3800000.0,CELOG,RAP,SOB DEMANDA,SIM
2026-07-23,25960,Atendido,SIM,ATENDIDO,3800000.0,CELOG,RAP,SOB DEMANDA,SIM
2026-07-23,63120,Não aprovado,NÃO,,3800000.0,CELOG,C,SOB DEMANDA,SIM
2026-07-23,63140,"Aprovado, aguardando atendimento",SIM,,4394700.0,CABW,C,SOB DEMANDA,SIM
2026-07-23,63940,"Aprovado, aguardando atendimento",SIM,,528395.93,CELOG,A,HORA DE VOO,Não
2026-07-23,64340,"Aprovado, aguardando atendimento",SIM,,4394700.0,CABW,C,SOB DEMANDA,SIM
2026-07-24,10300,"Aprovado, aguardando atendimento",SIM,,135000.0,CABW,A,REQUISIÇÃO,Não
2026-07-24,10760,"Aprovado, aguardando atendimento",SIM,,400000.0,FMS,A,REQUISIÇÃO,SIM
2026-07-24,10780,"Aprovado, aguardando atendimento",SIM,,430000.0,CABW,A,REQUISIÇÃO,SIM
2026-07-24,10800,"Aprovado, aguardando atendimento",SIM,,425000.0,CABW,A,REQUISIÇÃO,SIM
2026-07-24,11680,"Aprovado, aguardando atendimento",SIM,,563000.0,CABW,A,REQUISIÇÃO,SIM
2026-07-24,11700,Atendido,SIM,ATENDIDO,3799999.6,CELOG,A,SOB DEMANDA,SIM
2026-07-24,11720,"Aprovado, aguardando atendimento",SIM,,430000.0,CABW,A,REQUISIÇÃO,SIM
2026-07-24,11740,"Aprovado, aguardando atendimento",SIM,,60000.0,CABW,A,REQUISIÇÃO,SIM
2026-07-24,11760,"Aprovado, aguardando atendimento",SIM,,200000.0,CABW,A,REQUISIÇÃO,SIM
2026-07-24,11780,"Aprovado, aguardando atendimento",SIM,,320000.0,CABW,A,REQUISIÇÃO,SIM
2026-07-24,11800,Atendido,SIM,ATENDIDO,1187433.02,CABW,A,REQUISIÇÃO,Não
2026-07-24,11820,"Aprovado, aguardando atendimento",SIM,,1000000.0,CABW,A,REQUISIÇÃO,Não
2026-07-24,11840,"Aprovado, aguardando atendimento",SIM,,1000000.0,CABW,A,REQUISIÇÃO,Não
2026-07-24,11860,"Aprovado, aguardando atendimento",SIM,,1000000.0,CABW,A,REQUISIÇÃO,Não
2026-07-24,11880,"Aprovado, aguardando atendimento",SIM,,100000.0,FMS,A,REQUISIÇÃO,Não
2026-07-24,12740,Atendido,SIM,ATENDIDO,1770880.5,CELOG,A,HORA DE VOO,Não
2026-07-24,13180,Atendido,SIM,ATENDIDO,350000.0,CELOG,A,SOB DEMANDA,SIM
2026-07-24,13181,Atendido,SIM,ATENDIDO,350000.0,CELOG,A,SOB DEMANDA,SIM
2026-07-24,13200,"Aprovado, aguardando atendimento",SIM,,1000000.0,CELOG,A,SOB DEMANDA,SIM
2026-07-24,13220,"Aprovado, aguardando atendimento",SIM,,400000.0,FMS,A,REQUISIÇÃO,SIM
2026-07-24,13240,"Aprovado, aguardando atendimento",SIM,,120000.0,CABW,A,REQUISIÇÃO,SIM
2026-07-24,13260,"Aprovado, aguardando atendimento",SIM,,80000.0,CABW,A,REQUISIÇÃO,SIM
2026-07-24,16560,Atendido,SIM,ATENDIDO,173846.38,CELOG,A,HORA DE VOO,Não
2026-07-24,63960,Não aprovado,NÃO,,1000000.0,CELOG,B,SOB DEMANDA,SIM
2026-07-24,13760,Atendido,SIM,ATENDIDO,1704503.0,CELOG,A,HORA DE VOO,Não
2026-07-24,14160,Atendido,SIM,ATENDIDO,3799000.0,CELOG,A,SOB DEMANDA,SIM
2026-07-24,14161,Atendido,SIM,ATENDIDO,1000.0,CELOG,A,SOB DEMANDA,SIM
2026-07-24,14180,"Aprovado, aguardando atendimento",SIM,,100000.0,FMS,A,REQUISIÇÃO,Não
2026-07-24,15380,Atendido,SIM,ATENDIDO,150000.0,CELOG,A,SOB DEMANDA,Não
2026-07-24,15400,Atendido,SIM,ATENDIDO,150000.0,CELOG,A,SOB DEMANDA,Não
2026-07-24,15420,Atendido,SIM,ATENDIDO,18462.36,CELOG,A,SOB DEMANDA,Não
2026-07-24,15421,Atendido,SIM,ATENDIDO,324166.14,CELOG,A,SOB DEMANDA,Não
2026-07-24,15440,"Aprovado, aguardando atendimento",SIM,,30000.0,CELOG,A,SOB DEMANDA,Não
2026-07-24,15680,Atendido,SIM,ATENDIDO,1496713.48,CELOG,A,HORA DE VOO,Não
2026-07-24,15681,Atendido,SIM,ATENDIDO,207789.52,CELOG,A,HORA DE VOO,Não
2026-07-24,15960,Atendido,SIM,ATENDIDO,962290.8,CELOG,A,SOB DEMANDA,SIM
2026-07-24,15961,Atendido,SIM,ATENDIDO,800000.0,CELOG,A,SOB DEMANDA,SIM
2026-07-24,15962,Atendido,SIM,ATENDIDO,1530656.62,CELOG,A,SOB DEMANDA,SIM
2026-07-24,15963,Atendido,SIM,ATENDIDO,72958.08,CELOG,A,SOB DEMANDA,SIM
2026-07-24,15964,Atendido,SIM,ATENDIDO,8916.0,CELOG,A,SOB DEMANDA,SIM
2026-07-24,15965,Atendido,SIM,ATENDIDO,425178.5,CELOG,A,SOB DEMANDA,SIM
2026-07-24,15980,Não aprovado,NÃO,CANCELADO,,CELOG,C,SOB DEMANDA,SIM
2026-07-24,16000,Atendido,SIM,ATENDIDO,400000.0,CELOG,A,SOB DEMANDA,SIM
2026-07-24,16001,Atendido,SIM,ATENDIDO,400000.0,CELOG,A,SOB DEMANDA,SIM
2026-07-24,17760,"Aprovado, aguardando atendimento",SIM,,1704503.0,CELOG,A,HORA DE VOO,Não
2026-07-24,16561,Atendido,SIM,ATENDIDO,1530656.62,CELOG,A,HORA DE VOO,Não
2026-07-24,16700,"Aprovado, aguardando atendimento",SIM,,1000000.0,CELOG,A,SOB DEMANDA,SIM
2026-07-24,17200,"Aprovado, aguardando atendimento",SIM,,958040.0,CABW,A,REQUISIÇÃO,Não
2026-07-24,17201,Atendido,SIM,ATENDIDO,41730.64,CABW,A,REQUISIÇÃO,Não
2026-07-24,17762,"Aprovado, aguardando atendimento",SIM,,1704503.0,CELOG,A,HORA DE VOO,Não
2026-07-24,18140,"Aprovado, aguardando atendimento",SIM,,1295422.28,CELOG,A,HORA DE VOO,Não
2026-07-24,17761,"Aprovado, aguardando atendimento",SIM,,1704503.0,CELOG,A,HORA DE VOO,Não
2026-07-24,19240,"Aprovado, aguardando atendimento",SIM,,500000.0,CELOG,D,PARCELA FIXA,Não
2026-07-24,19241,Não aprovado,NÃO,BLOQUEIO,5000000.0,CELOG,D,PARCELA FIXA,Não
2026-07-24,19260,"Aprovado, aguardando atendimento",SIM,,4000000.0,CELOG,D,PARCELA FIXA,Não
2026-07-24,19600,Não aprovado,NÃO,,5500000.0,CELOG,D,PARCELA FIXA,Não
2026-07-24,19620,Não aprovado,NÃO,,5500000.0,CELOG,D,PARCELA FIXA,Não
2026-07-24,23080,Não aprovado,NÃO,,4064.54,CELOG,C,REQUISIÇÃO,Não
2026-07-24,23100,Não aprovado,NÃO,,4227.84,CABW,C,REQUISIÇÃO,Não
2026-07-24,23120,Não aprovado,NÃO,,9389.96,CABW,C,REQUISIÇÃO,Não
2026-07-24,23140,Não aprovado,NÃO,,1163.64,FMS,C,REQUISIÇÃO,Não
2026-07-24,23160,Não aprovado,NÃO,,7204.82,CABW,C,REQUISIÇÃO,Não
2026-07-24,23180,Não aprovado,NÃO,,3662.66,CABW,C,REQUISIÇÃO,Não
2026-07-24,23640,Não aprovado,NÃO,,120000.0,CABW,C,REQUISIÇÃO,SIM
2026-07-24,23740,"Aprovado, aguardando atendimento",SIM,,400000.0,FMS,A,REQUISIÇÃO,SIM
2026-07-24,24180,"Aprovado, aguardando atendimento",SIM,,100000.0,FMS,A,REQUISIÇÃO,Não
2026-07-24,24380,Não aprovado,NÃO,,80000.0,CABW,C,REQUISIÇÃO,SIM
2026-07-24,24660,Não aprovado,NÃO,,835000.0,CABW,C,REQUISIÇÃO,Não
2026-07-24,24661,Não aprovado,NÃO,,165000.0,CABW,C,REQUISIÇÃO,Não
2026-07-24,24680,Não aprovado,NÃO,,1000000.0,CABW,C,REQUISIÇÃO,Não
2026-07-24,24700,Não aprovado,NÃO,,1000000.0,CABW,C,REQUISIÇÃO,Não
2026-07-24,24720,Não aprovado,NÃO,,100000.0,FMS,C,REQUISIÇÃO,Não
2026-07-24,25180,"Aprovado, aguardando atendimento",SIM,,1000000.0,CELOG,A,SOB DEMANDA,SIM
2026-07-24,25900,Sem informação,SIM,PROCESSADO,1704503.0,CELOG,RAP,HORA DE VOO,Não
2026-07-24,25920,Sem informação,SIM,PROCESSADO,1638125.5,CELOG,RAP,HORA DE VOO,Não
2026-07-24,25940,Sem informação,SIM,PROCESSADO,3800000.0,CELOG,RAP,SOB DEMANDA,SIM
2026-07-24,25960,Sem informação,SIM,PROCESSADO,3800000.0,CELOG,RAP,SOB DEMANDA,SIM
2026-07-24,63120,Não aprovado,NÃO,,3800000.0,CELOG,C,SOB DEMANDA,SIM
2026-07-24,63140,"Aprovado, aguardando atendimento",SIM,,4394700.0,CABW,C,SOB DEMANDA,SIM
2026-07-24,63940,"Aprovado, aguardando atendimento",SIM,,528395.93,CELOG,A,HORA DE VOO,Não
2026-07-24,64340,"Aprovado, aguardando atendimento",SIM,,4394700.0,CABW,C,SOB DEMANDA,SIM
2026-07-25,10300,"Aprovado, aguardando atendimento",SIM,,135000.0,CABW,A,REQUISIÇÃO,Não
2026-07-25,10760,"Aprovado, aguardando atendimento",SIM,,400000.0,FMS,A,REQUISIÇÃO,SIM
2026-07-25,10780,"Aprovado, aguardando atendimento",SIM,,430000.0,CABW,A,REQUISIÇÃO,SIM
2026-07-25,10800,"Aprovado, aguardando atendimento",SIM,,425000.0,CABW,A,REQUISIÇÃO,SIM
2026-07-25,11680,"Aprovado, aguardando atendimento",SIM,,563000.0,CABW,A,REQUISIÇÃO,SIM
2026-07-25,11700,Atendido,SIM,ATENDIDO,3799999.6,CELOG,A,SOB DEMANDA,SIM
2026-07-25,11720,"Aprovado, aguardando atendimento",SIM,,430000.0,CABW,A,REQUISIÇÃO,SIM
2026-07-25,11740,"Aprovado, aguardando atendimento",SIM,,60000.0,CABW,A,REQUISIÇÃO,SIM
2026-07-25,11760,"Aprovado, aguardando atendimento",SIM,,200000.0,CABW,A,REQUISIÇÃO,SIM
2026-07-25,11780,"Aprovado, aguardando atendimento",SIM,,320000.0,CABW,A,REQUISIÇÃO,SIM
2026-07-25,11800,Atendido,SIM,ATENDIDO,1187433.02,CABW,A,REQUISIÇÃO,Não
2026-07-25,11820,"Aprovado, aguardando atendimento",SIM,,1000000.0,CABW,A,REQUISIÇÃO,Não
2026-07-25,11840,"Aprovado, aguardando atendimento",SIM,,1000000.0,CABW,A,REQUISIÇÃO,Não
2026-07-25,11860,"Aprovado, aguardando atendimento",SIM,,1000000.0,CABW,A,REQUISIÇÃO,Não
2026-07-25,11880,"Aprovado, aguardando atendimento",SIM,,100000.0,FMS,A,REQUISIÇÃO,Não
2026-07-25,12740,Atendido,SIM,ATENDIDO,1770880.5,CELOG,A,HORA DE VOO,Não
2026-07-25,13180,Atendido,SIM,ATENDIDO,350000.0,CELOG,A,SOB DEMANDA,SIM
2026-07-25,13181,Atendido,SIM,ATENDIDO,350000.0,CELOG,A,SOB DEMANDA,SIM
2026-07-25,13200,"Aprovado, aguardando atendimento",SIM,,1000000.0,CELOG,A,SOB DEMANDA,SIM
2026-07-25,13220,"Aprovado, aguardando atendimento",SIM,,400000.0,FMS,A,REQUISIÇÃO,SIM
2026-07-25,13240,"Aprovado, aguardando atendimento",SIM,,120000.0,CABW,A,REQUISIÇÃO,SIM
2026-07-25,13260,"Aprovado, aguardando atendimento",SIM,,80000.0,CABW,A,REQUISIÇÃO,SIM
2026-07-25,16560,Atendido,SIM,ATENDIDO,173846.38,CELOG,A,HORA DE VOO,Não
2026-07-25,63960,Não aprovado,NÃO,,1000000.0,CELOG,B,SOB DEMANDA,SIM
2026-07-25,13760,Atendido,SIM,ATENDIDO,1704503.0,CELOG,A,HORA DE VOO,Não
2026-07-25,14160,Atendido,SIM,ATENDIDO,3799000.0,CELOG,A,SOB DEMANDA,SIM
2026-07-25,14161,Atendido,SIM,ATENDIDO,1000.0,CELOG,A,SOB DEMANDA,SIM
2026-07-25,14180,"Aprovado, aguardando atendimento",SIM,,100000.0,FMS,A,REQUISIÇÃO,Não
2026-07-25,15380,Atendido,SIM,ATENDIDO,150000.0,CELOG,A,SOB DEMANDA,Não
2026-07-25,15400,Atendido,SIM,ATENDIDO,150000.0,CELOG,A,SOB DEMANDA,Não
2026-07-25,15420,Atendido,SIM,ATENDIDO,18462.36,CELOG,A,SOB DEMANDA,Não
2026-07-25,15421,Atendido,SIM,ATENDIDO,324166.14,CELOG,A,SOB DEMANDA,Não
2026-07-25,15440,"Aprovado, aguardando atendimento",SIM,,30000.0,CELOG,A,SOB DEMANDA,Não
2026-07-25,15680,Atendido,SIM,ATENDIDO,1496713.48,CELOG,A,HORA DE VOO,Não
2026-07-25,15681,Atendido,SIM,ATENDIDO,207789.52,CELOG,A,HORA DE VOO,Não
2026-07-25,15960,Atendido,SIM,ATENDIDO,962290.8,CELOG,A,SOB DEMANDA,SIM
2026-07-25,15961,Atendido,SIM,ATENDIDO,800000.0,CELOG,A,SOB DEMANDA,SIM
2026-07-25,15962,Atendido,SIM,ATENDIDO,1530656.62,CELOG,A,SOB DEMANDA,SIM
2026-07-25,15963,Atendido,SIM,ATENDIDO,72958.08,CELOG,A,SOB DEMANDA,SIM
2026-07-25,15964,Atendido,SIM,ATENDIDO,8916.0,CELOG,A,SOB DEMANDA,SIM
2026-07-25,15965,Atendido,SIM,ATENDIDO,425178.5,CELOG,A,SOB DEMANDA,SIM
2026-07-25,15980,Não aprovado,NÃO,CANCELADO,,CELOG,C,SOB DEMANDA,SIM
2026-07-25,16000,Atendido,SIM,ATENDIDO,400000.0,CELOG,A,SOB DEMANDA,SIM
2026-07-25,16001,Atendido,SIM,ATENDIDO,400000.0,CELOG,A,SOB DEMANDA,SIM
2026-07-25,17760,"Aprovado, aguardando atendimento",SIM,,1704503.0,CELOG,A,HORA DE VOO,Não
2026-07-25,16561,Atendido,SIM,ATENDIDO,1530656.62,CELOG,A,HORA DE VOO,Não
2026-07-25,16700,"Aprovado, aguardando atendimento",SIM,,1000000.0,CELOG,A,SOB DEMANDA,SIM
2026-07-25,17200,"Aprovado, aguardando atendimento",SIM,,958040.0,CABW,A,REQUISIÇÃO,Não
2026-07-25,17201,Atendido,SIM,ATENDIDO,41730.64,CABW,A,REQUISIÇÃO,Não
2026-07-25,17762,"Aprovado, aguardando atendimento",SIM,,1704503.0,CELOG,A,HORA DE VOO,Não
2026-07-25,18140,"Aprovado, aguardando atendimento",SIM,,1295422.28,CELOG,A,HORA DE VOO,Não
2026-07-25,17761,"Aprovado, aguardando atendimento",SIM,,1704503.0,CELOG,A,HORA DE VOO,Não
2026-07-25,19240,"Aprovado, aguardando atendimento",SIM,,500000.0,CELOG,D,PARCELA FIXA,Não
2026-07-25,19241,Não aprovado,NÃO,BLOQUEIO,5000000.0,CELOG,D,PARCELA FIXA,Não
2026-07-25,19260,"Aprovado, aguardando atendimento",SIM,,4000000.0,CELOG,D,PARCELA FIXA,Não
2026-07-25,19600,Não aprovado,NÃO,,5500000.0,CELOG,D,PARCELA FIXA,Não
2026-07-25,19620,Não aprovado,NÃO,,5500000.0,CELOG,D,PARCELA FIXA,Não
2026-07-25,23080,Não aprovado,NÃO,,4064.54,CELOG,C,REQUISIÇÃO,Não
2026-07-25,23100,Não aprovado,NÃO,,4227.84,CABW,C,REQUISIÇÃO,Não
2026-07-25,23120,Não aprovado,NÃO,,9389.96,CABW,C,REQUISIÇÃO,Não
2026-07-25,23140,Não aprovado,NÃO,,1163.64,FMS,C,REQUISIÇÃO,Não
2026-07-25,23160,Não aprovado,NÃO,,7204.82,CABW,C,REQUISIÇÃO,Não
2026-07-25,23180,Não aprovado,NÃO,,3662.66,CABW,C,REQUISIÇÃO,Não
2026-07-25,23640,Não aprovado,NÃO,,120000.0,CABW,C,REQUISIÇÃO,SIM
2026-07-25,23740,"Aprovado, aguardando atendimento",SIM,,400000.0,FMS,A,REQUISIÇÃO,SIM
2026-07-25,24180,"Aprovado, aguardando atendimento",SIM,,100000.0,FMS,A,REQUISIÇÃO,Não
2026-07-25,24380,Não aprovado,NÃO,,80000.0,CABW,C,REQUISIÇÃO,SIM
2026-07-25,24660,Não aprovado,NÃO,,835000.0,CABW,C,REQUISIÇÃO,Não
2026-07-25,24661,Não aprovado,NÃO,,165000.0,CABW,C,REQUISIÇÃO,Não
2026-07-25,24680,Não aprovado,NÃO,,1000000.0,CABW,C,REQUISIÇÃO,Não
2026-07-25,24700,Não aprovado,NÃO,,1000000.0,CABW,C,REQUISIÇÃO,Não
2026-07-25,24720,Não aprovado,NÃO,,100000.0,FMS,C,REQUISIÇÃO,Não
2026-07-25,25180,"Aprovado, aguardando atendimento",SIM,,1000000.0,CELOG,A,SOB DEMANDA,SIM
2026-07-25,25900,Sem informação,SIM,PROCESSADO,1704503.0,CELOG,RAP,HORA DE VOO,Não
2026-07-25,25920,Sem informação,SIM,PROCESSADO,1638125.5,CELOG,RAP,HORA DE VOO,Não
2026-07-25,25940,Sem informação,SIM,PROCESSADO,3800000.0,CELOG,RAP,SOB DEMANDA,SIM
2026-07-25,25960,Sem informação,SIM,PROCESSADO,3800000.0,CELOG,RAP,SOB DEMANDA,SIM
2026-07-25,63120,Não aprovado,NÃO,,3800000.0,CELOG,C,SOB DEMANDA,SIM
2026-07-25,63140,"Aprovado, aguardando atendimento",SIM,,4394700.0,CABW,C,SOB DEMANDA,SIM
2026-07-25,63940,"Aprovado, aguardando atendimento",SIM,,528395.93,CELOG,A,HORA DE VOO,Não
2026-07-25,64340,"Aprovado, aguardando atendimento",SIM,,4394700.0,CABW,C,SOB DEMANDA,SIM
2026-07-27,10300,"Aprovado, aguardando atendimento",SIM,,135000.0,CABW,A,REQUISIÇÃO,Não
2026-07-27,10760,"Aprovado, aguardando atendimento",SIM,,400000.0,FMS,A,REQUISIÇÃO,SIM
2026-07-27,10780,"Aprovado, aguardando atendimento",SIM,,430000.0,CABW,A,REQUISIÇÃO,SIM
2026-07-27,10800,"Aprovado, aguardando atendimento",SIM,,425000.0,CABW,A,REQUISIÇÃO,SIM
2026-07-27,11680,"Aprovado, aguardando atendimento",SIM,,563000.0,CABW,A,REQUISIÇÃO,SIM
2026-07-27,11700,Atendido,SIM,ATENDIDO,3799999.6,CELOG,A,SOB DEMANDA,SIM
2026-07-27,11720,"Aprovado, aguardando atendimento",SIM,,430000.0,CABW,A,REQUISIÇÃO,SIM
2026-07-27,11740,"Aprovado, aguardando atendimento",SIM,,60000.0,CABW,A,REQUISIÇÃO,SIM
2026-07-27,11760,"Aprovado, aguardando atendimento",SIM,,200000.0,CABW,A,REQUISIÇÃO,SIM
2026-07-27,11780,"Aprovado, aguardando atendimento",SIM,,320000.0,CABW,A,REQUISIÇÃO,SIM
2026-07-27,11800,Atendido,SIM,ATENDIDO,1187433.02,CABW,A,REQUISIÇÃO,Não
2026-07-27,11820,"Aprovado, aguardando atendimento",SIM,,1000000.0,CABW,A,REQUISIÇÃO,Não
2026-07-27,11840,"Aprovado, aguardando atendimento",SIM,,1000000.0,CABW,A,REQUISIÇÃO,Não
2026-07-27,11860,"Aprovado, aguardando atendimento",SIM,,1000000.0,CABW,A,REQUISIÇÃO,Não
2026-07-27,11880,"Aprovado, aguardando atendimento",SIM,,100000.0,FMS,A,REQUISIÇÃO,Não
2026-07-27,12740,Atendido,SIM,ATENDIDO,1770880.5,CELOG,A,HORA DE VOO,Não
2026-07-27,13180,Atendido,SIM,ATENDIDO,350000.0,CELOG,A,SOB DEMANDA,SIM
2026-07-27,13181,Atendido,SIM,ATENDIDO,350000.0,CELOG,A,SOB DEMANDA,SIM
2026-07-27,13200,"Aprovado, aguardando atendimento",SIM,,1000000.0,CELOG,A,SOB DEMANDA,SIM
2026-07-27,13220,"Aprovado, aguardando atendimento",SIM,,400000.0,FMS,A,REQUISIÇÃO,SIM
2026-07-27,13240,"Aprovado, aguardando atendimento",SIM,,120000.0,CABW,A,REQUISIÇÃO,SIM
2026-07-27,13260,"Aprovado, aguardando atendimento",SIM,,80000.0,CABW,A,REQUISIÇÃO,SIM
2026-07-27,13760,Atendido,SIM,ATENDIDO,1704503.0,CELOG,A,HORA DE VOO,Não
2026-07-27,14160,Atendido,SIM,ATENDIDO,3799000.0,CELOG,A,SOB DEMANDA,SIM
2026-07-27,14161,Atendido,SIM,ATENDIDO,1000.0,CELOG,A,SOB DEMANDA,SIM
2026-07-27,14180,"Aprovado, aguardando atendimento",SIM,,100000.0,FMS,A,REQUISIÇÃO,Não
2026-07-27,15380,Atendido,SIM,ATENDIDO,150000.0,CELOG,A,SOB DEMANDA,Não
2026-07-27,15400,Atendido,SIM,ATENDIDO,150000.0,CELOG,A,SOB DEMANDA,Não
2026-07-27,15420,Atendido,SIM,ATENDIDO,18462.36,CELOG,A,SOB DEMANDA,Não
2026-07-27,15421,Atendido,SIM,ATENDIDO,324166.14,CELOG,A,SOB DEMANDA,Não
2026-07-27,15440,"Aprovado, aguardando atendimento",SIM,,30000.0,CELOG,A,SOB DEMANDA,Não
2026-07-27,15680,Atendido,SIM,ATENDIDO,1496713.48,CELOG,A,HORA DE VOO,Não
2026-07-27,15681,Atendido,SIM,ATENDIDO,207789.52,CELOG,A,HORA DE VOO,Não
2026-07-27,15960,Atendido,SIM,ATENDIDO,962290.8,CELOG,A,SOB DEMANDA,SIM
2026-07-27,15961,Atendido,SIM,ATENDIDO,800000.0,CELOG,A,SOB DEMANDA,SIM
2026-07-27,15962,Atendido,SIM,ATENDIDO,1530656.62,CELOG,A,SOB DEMANDA,SIM
2026-07-27,15963,Atendido,SIM,ATENDIDO,72958.08,CELOG,A,SOB DEMANDA,SIM
2026-07-27,15964,Atendido,SIM,ATENDIDO,8916.0,CELOG,A,SOB DEMANDA,SIM
2026-07-27,15965,Atendido,SIM,ATENDIDO,425178.5,CELOG,A,SOB DEMANDA,SIM
2026-07-27,15980,Não aprovado,NÃO,CANCELADO,,CELOG,C,SOB DEMANDA,SIM
2026-07-27,16000,Atendido,SIM,ATENDIDO,400000.0,CELOG,A,SOB DEMANDA,SIM
2026-07-27,16001,Atendido,SIM,ATENDIDO,400000.0,CELOG,A,SOB DEMANDA,SIM
2026-07-27,16560,Atendido,SIM,ATENDIDO,173846.38,CELOG,A,HORA DE VOO,Não
2026-07-27,16561,Atendido,SIM,ATENDIDO,1530656.62,CELOG,A,HORA DE VOO,Não
2026-07-27,16700,"Aprovado, aguardando atendimento",SIM,,1000000.0,CELOG,A,SOB DEMANDA,SIM
2026-07-27,17200,"Aprovado, aguardando atendimento",SIM,,958040.0,CABW,A,REQUISIÇÃO,Não
2026-07-27,17201,Atendido,SIM,ATENDIDO,41730.64,CABW,A,REQUISIÇÃO,Não
2026-07-27,17760,"Aprovado, aguardando atendimento",SIM,,1468159.32,CELOG,A,HORA DE VOO,Não
2026-07-27,17761,"Aprovado, aguardando atendimento",SIM,,1704503.0,CELOG,A,HORA DE VOO,Não
2026-07-27,17762,"Aprovado, aguardando atendimento",SIM,,1704503.0,CELOG,A,HORA DE VOO,Não
2026-07-27,17763,Em trâmite,SIM,EM TRÂMITE,236343.68,CELOG,A,HORA DE VOO,Não
2026-07-27,18140,"Aprovado, aguardando atendimento",SIM,,1295422.28,CELOG,A,HORA DE VOO,Não
2026-07-27,19240,"Aprovado, aguardando atendimento",SIM,,500000.0,CELOG,D,PARCELA FIXA,Não
2026-07-27,19241,Não aprovado,NÃO,BLOQUEIO,5000000.0,CELOG,D,PARCELA FIXA,Não
2026-07-27,19260,"Aprovado, aguardando atendimento",SIM,,4000000.0,CELOG,D,PARCELA FIXA,Não
2026-07-27,19600,Não aprovado,NÃO,,5500000.0,CELOG,D,PARCELA FIXA,Não
2026-07-27,19620,Não aprovado,NÃO,,5500000.0,CELOG,D,PARCELA FIXA,Não
2026-07-27,23120,Não aprovado,NÃO,,9389.96,CABW,C,REQUISIÇÃO,Não
2026-07-27,23160,Não aprovado,NÃO,,7204.82,CABW,C,REQUISIÇÃO,Não
2026-07-27,23100,Não aprovado,NÃO,,4227.84,CABW,C,REQUISIÇÃO,Não
2026-07-27,23080,Não aprovado,NÃO,,4064.54,CELOG,C,REQUISIÇÃO,Não
2026-07-27,23180,Não aprovado,NÃO,,3662.66,CABW,C,REQUISIÇÃO,Não
2026-07-27,23140,Não aprovado,NÃO,,1163.64,FMS,C,REQUISIÇÃO,Não
2026-07-27,23640,Não aprovado,NÃO,,120000.0,CABW,C,REQUISIÇÃO,SIM
2026-07-27,23740,"Aprovado, aguardando atendimento",SIM,,400000.0,FMS,A,REQUISIÇÃO,SIM
2026-07-27,24180,"Aprovado, aguardando atendimento",SIM,,100000.0,FMS,A,REQUISIÇÃO,Não
2026-07-27,24380,Não aprovado,NÃO,,80000.0,CABW,C,REQUISIÇÃO,SIM
2026-07-27,24660,Não aprovado,NÃO,,835000.0,CABW,C,REQUISIÇÃO,Não
2026-07-27,24661,Não aprovado,NÃO,,165000.0,CABW,C,REQUISIÇÃO,Não
2026-07-27,24680,Não aprovado,NÃO,,1000000.0,CABW,C,REQUISIÇÃO,Não
2026-07-27,24700,Não aprovado,NÃO,,1000000.0,CABW,C,REQUISIÇÃO,Não
2026-07-27,24720,Não aprovado,NÃO,,100000.0,FMS,C,REQUISIÇÃO,Não
2026-07-27,25180,"Aprovado, aguardando atendimento",SIM,,1000000.0,CELOG,A,SOB DEMANDA,SIM
2026-07-27,25900,Sem informação,SIM,PROCESSADO,1704503.0,CELOG,RAP,HORA DE VOO,Não
2026-07-27,25920,Sem informação,SIM,PROCESSADO,1638125.5,CELOG,RAP,HORA DE VOO,Não
2026-07-27,25940,Sem informação,SIM,PROCESSADO,3800000.0,CELOG,RAP,SOB DEMANDA,SIM
2026-07-27,25960,Sem informação,SIM,PROCESSADO,3800000.0,CELOG,RAP,SOB DEMANDA,SIM
2026-07-27,63120,Não aprovado,NÃO,,3800000.0,CELOG,C,SOB DEMANDA,SIM
2026-07-27,63140,"Aprovado, aguardando atendimento",SIM,,4394700.0,CABW,C,SOB DEMANDA,SIM
2026-07-27,63940,"Aprovado, aguardando atendimento",SIM,,528395.93,CELOG,A,HORA DE VOO,Não
2026-07-27,63960,Não aprovado,NÃO,,1000000.0,CELOG,B,SOB DEMANDA,SIM
2026-07-27,64340,"Aprovado, aguardando atendimento",SIM,,4394700.0,CABW,C,SOB DEMANDA,SIM
2026-07-28,10300,"Aprovado, aguardando atendimento",SIM,,135000.0,CABW,A,REQUISIÇÃO,Não
2026-07-28,10760,"Aprovado, aguardando atendimento",SIM,,400000.0,FMS,A,REQUISIÇÃO,SIM
2026-07-28,10780,"Aprovado, aguardando atendimento",SIM,,430000.0,CABW,A,REQUISIÇÃO,SIM
2026-07-28,10800,"Aprovado, aguardando atendimento",SIM,,425000.0,CABW,A,REQUISIÇÃO,SIM
2026-07-28,11680,"Aprovado, aguardando atendimento",SIM,,563000.0,CABW,A,REQUISIÇÃO,SIM
2026-07-28,11700,Atendido,SIM,ATENDIDO,3799999.6,CELOG,A,SOB DEMANDA,SIM
2026-07-28,11720,"Aprovado, aguardando atendimento",SIM,,430000.0,CABW,A,REQUISIÇÃO,SIM
2026-07-28,11740,"Aprovado, aguardando atendimento",SIM,,60000.0,CABW,A,REQUISIÇÃO,SIM
2026-07-28,11760,"Aprovado, aguardando atendimento",SIM,,200000.0,CABW,A,REQUISIÇÃO,SIM
2026-07-28,11780,"Aprovado, aguardando atendimento",SIM,,320000.0,CABW,A,REQUISIÇÃO,SIM
2026-07-28,11800,Atendido,SIM,ATENDIDO,1187433.02,CABW,A,REQUISIÇÃO,Não
2026-07-28,11820,"Aprovado, aguardando atendimento",SIM,,1000000.0,CABW,A,REQUISIÇÃO,Não
2026-07-28,11840,"Aprovado, aguardando atendimento",SIM,,1000000.0,CABW,A,REQUISIÇÃO,Não
2026-07-28,11860,"Aprovado, aguardando atendimento",SIM,,1000000.0,CABW,A,REQUISIÇÃO,Não
2026-07-28,11880,"Aprovado, aguardando atendimento",SIM,,100000.0,FMS,A,REQUISIÇÃO,Não
2026-07-28,12740,Atendido,SIM,ATENDIDO,1770880.5,CELOG,A,HORA DE VOO,Não
2026-07-28,13180,Atendido,SIM,ATENDIDO,350000.0,CELOG,A,SOB DEMANDA,SIM
2026-07-28,13181,Atendido,SIM,ATENDIDO,350000.0,CELOG,A,SOB DEMANDA,SIM
2026-07-28,13200,"Aprovado, aguardando atendimento",SIM,,1000000.0,CELOG,A,SOB DEMANDA,SIM
2026-07-28,13220,"Aprovado, aguardando atendimento",SIM,,400000.0,FMS,A,REQUISIÇÃO,SIM
2026-07-28,13240,"Aprovado, aguardando atendimento",SIM,,120000.0,CABW,A,REQUISIÇÃO,SIM
2026-07-28,13260,"Aprovado, aguardando atendimento",SIM,,80000.0,CABW,A,REQUISIÇÃO,SIM
2026-07-28,13760,Atendido,SIM,ATENDIDO,1704503.0,CELOG,A,HORA DE VOO,Não
2026-07-28,14160,Atendido,SIM,ATENDIDO,3799000.0,CELOG,A,SOB DEMANDA,SIM
2026-07-28,14161,Atendido,SIM,ATENDIDO,1000.0,CELOG,A,SOB DEMANDA,SIM
2026-07-28,14180,"Aprovado, aguardando atendimento",SIM,,100000.0,FMS,A,REQUISIÇÃO,Não
2026-07-28,15380,Atendido,SIM,ATENDIDO,150000.0,CELOG,A,SOB DEMANDA,Não
2026-07-28,15400,Atendido,SIM,ATENDIDO,150000.0,CELOG,A,SOB DEMANDA,Não
2026-07-28,15420,Atendido,SIM,ATENDIDO,18462.36,CELOG,A,SOB DEMANDA,Não
2026-07-28,15421,Atendido,SIM,ATENDIDO,324166.14,CELOG,A,SOB DEMANDA,Não
2026-07-28,15440,"Aprovado, aguardando atendimento",SIM,,30000.0,CELOG,A,SOB DEMANDA,Não
2026-07-28,15680,Atendido,SIM,ATENDIDO,1496713.48,CELOG,A,HORA DE VOO,Não
2026-07-28,15681,Atendido,SIM,ATENDIDO,207789.52,CELOG,A,HORA DE VOO,Não
2026-07-28,15960,Atendido,SIM,ATENDIDO,962290.8,CELOG,A,SOB DEMANDA,SIM
2026-07-28,15961,Atendido,SIM,ATENDIDO,800000.0,CELOG,A,SOB DEMANDA,SIM
2026-07-28,15962,Atendido,SIM,ATENDIDO,1530656.62,CELOG,A,SOB DEMANDA,SIM
2026-07-28,15963,Atendido,SIM,ATENDIDO,72958.08,CELOG,A,SOB DEMANDA,SIM
2026-07-28,15964,Atendido,SIM,ATENDIDO,8916.0,CELOG,A,SOB DEMANDA,SIM
2026-07-28,15965,Atendido,SIM,ATENDIDO,425178.5,CELOG,A,SOB DEMANDA,SIM
2026-07-28,15980,Não aprovado,NÃO,CANCELADO,,CELOG,C,SOB DEMANDA,SIM
2026-07-28,16000,Atendido,SIM,ATENDIDO,400000.0,CELOG,A,SOB DEMANDA,SIM
2026-07-28,16001,Atendido,SIM,ATENDIDO,400000.0,CELOG,A,SOB DEMANDA,SIM
2026-07-28,16560,Atendido,SIM,ATENDIDO,173846.38,CELOG,A,HORA DE VOO,Não
2026-07-28,16561,Atendido,SIM,ATENDIDO,1530656.62,CELOG,A,HORA DE VOO,Não
2026-07-28,16700,"Aprovado, aguardando atendimento",SIM,,1000000.0,CELOG,A,SOB DEMANDA,SIM
2026-07-28,17200,"Aprovado, aguardando atendimento",SIM,,958040.0,CABW,A,REQUISIÇÃO,Não
2026-07-28,17201,Atendido,SIM,ATENDIDO,41730.64,CABW,A,REQUISIÇÃO,Não
2026-07-28,17760,"Aprovado, aguardando atendimento",SIM,,1468159.32,CELOG,A,HORA DE VOO,Não
2026-07-28,17761,"Aprovado, aguardando atendimento",SIM,,1704503.0,CELOG,A,HORA DE VOO,Não
2026-07-28,17762,"Aprovado, aguardando atendimento",SIM,,1704503.0,CELOG,A,HORA DE VOO,Não
2026-07-28,17763,Atendido,SIM,ATENDIDO,236343.68,CELOG,A,HORA DE VOO,Não
2026-07-28,18140,"Aprovado, aguardando atendimento",SIM,,1295422.28,CELOG,A,HORA DE VOO,Não
2026-07-28,19240,"Aprovado, aguardando atendimento",SIM,,500000.0,CELOG,D,PARCELA FIXA,Não
2026-07-28,19241,Não aprovado,NÃO,BLOQUEIO,5000000.0,CELOG,D,PARCELA FIXA,Não
2026-07-28,19260,"Aprovado, aguardando atendimento",SIM,,4000000.0,CELOG,D,PARCELA FIXA,Não
2026-07-28,19600,Não aprovado,NÃO,,5500000.0,CELOG,D,PARCELA FIXA,Não
2026-07-28,19620,Não aprovado,NÃO,,5500000.0,CELOG,D,PARCELA FIXA,Não
2026-07-28,23120,Não aprovado,NÃO,,9389.96,CABW,C,REQUISIÇÃO,Não
2026-07-28,23160,Não aprovado,NÃO,,7204.82,CABW,C,REQUISIÇÃO,Não
2026-07-28,23100,Não aprovado,NÃO,,4227.84,CABW,C,REQUISIÇÃO,Não
2026-07-28,23080,Não aprovado,NÃO,,4064.54,CELOG,C,REQUISIÇÃO,Não
2026-07-28,23180,Não aprovado,NÃO,,3662.66,CABW,C,REQUISIÇÃO,Não
2026-07-28,23140,Não aprovado,NÃO,,1163.64,FMS,C,REQUISIÇÃO,Não
2026-07-28,23640,Não aprovado,NÃO,,120000.0,CABW,C,REQUISIÇÃO,SIM
2026-07-28,23740,"Aprovado, aguardando atendimento",SIM,,400000.0,FMS,A,REQUISIÇÃO,SIM
2026-07-28,24180,"Aprovado, aguardando atendimento",SIM,,100000.0,FMS,A,REQUISIÇÃO,Não
2026-07-28,24380,Não aprovado,NÃO,,80000.0,CABW,C,REQUISIÇÃO,SIM
2026-07-28,24660,Não aprovado,NÃO,,835000.0,CABW,C,REQUISIÇÃO,Não
2026-07-28,24661,Não aprovado,NÃO,,165000.0,CABW,C,REQUISIÇÃO,Não
2026-07-28,24680,Não aprovado,NÃO,,1000000.0,CABW,C,REQUISIÇÃO,Não
2026-07-28,24700,Não aprovado,NÃO,,1000000.0,CABW,C,REQUISIÇÃO,Não
2026-07-28,24720,Não aprovado,NÃO,,100000.0,FMS,C,REQUISIÇÃO,Não
2026-07-28,25180,"Aprovado, aguardando atendimento",SIM,,1000000.0,CELOG,A,SOB DEMANDA,SIM
2026-07-28,25900,Sem informação,SIM,PROCESSADO,1704503.0,CELOG,RAP,HORA DE VOO,Não
2026-07-28,25920,Sem informação,SIM,PROCESSADO,1638125.5,CELOG,RAP,HORA DE VOO,Não
2026-07-28,25940,Sem informação,SIM,PROCESSADO,3800000.0,CELOG,RAP,SOB DEMANDA,SIM
2026-07-28,25960,Sem informação,SIM,PROCESSADO,3800000.0,CELOG,RAP,SOB DEMANDA,SIM
2026-07-28,63120,Não aprovado,NÃO,,3800000.0,CELOG,C,SOB DEMANDA,SIM
2026-07-28,63140,"Aprovado, aguardando atendimento",SIM,,4394700.0,CABW,C,SOB DEMANDA,SIM
2026-07-28,63940,"Aprovado, aguardando atendimento",SIM,,528395.93,CELOG,A,HORA DE VOO,Não
2026-07-28,63960,Não aprovado,NÃO,,1000000.0,CELOG,B,SOB DEMANDA,SIM
2026-07-28,64340,"Aprovado, aguardando atendimento",SIM,,4394700.0,CABW,C,SOB DEMANDA,SIM
2026-07-29,10300,"Aprovado, aguardando atendimento",SIM,,135000.0,CABW,A,REQUISIÇÃO,Não
2026-07-29,10760,"Aprovado, aguardando atendimento",SIM,,400000.0,FMS,A,REQUISIÇÃO,SIM
2026-07-29,10780,"Aprovado, aguardando atendimento",SIM,,430000.0,CABW,A,REQUISIÇÃO,SIM
2026-07-29,10800,"Aprovado, aguardando atendimento",SIM,,425000.0,CABW,A,REQUISIÇÃO,SIM
2026-07-29,11680,"Aprovado, aguardando atendimento",SIM,,563000.0,CABW,A,REQUISIÇÃO,SIM
2026-07-29,11700,Atendido,SIM,ATENDIDO,3799999.6,CELOG,A,SOB DEMANDA,SIM
2026-07-29,11720,"Aprovado, aguardando atendimento",SIM,,430000.0,CABW,A,REQUISIÇÃO,SIM
2026-07-29,11740,"Aprovado, aguardando atendimento",SIM,,60000.0,CABW,A,REQUISIÇÃO,SIM
2026-07-29,11760,"Aprovado, aguardando atendimento",SIM,,200000.0,CABW,A,REQUISIÇÃO,SIM
2026-07-29,11780,"Aprovado, aguardando atendimento",SIM,,320000.0,CABW,A,REQUISIÇÃO,SIM
2026-07-29,11800,Atendido,SIM,ATENDIDO,1187433.02,CABW,A,REQUISIÇÃO,Não
2026-07-29,11820,"Aprovado, aguardando atendimento",SIM,,1000000.0,CABW,A,REQUISIÇÃO,Não
2026-07-29,11840,"Aprovado, aguardando atendimento",SIM,,1000000.0,CABW,A,REQUISIÇÃO,Não
2026-07-29,11860,"Aprovado, aguardando atendimento",SIM,,1000000.0,CABW,A,REQUISIÇÃO,Não
2026-07-29,11880,"Aprovado, aguardando atendimento",SIM,,100000.0,FMS,A,REQUISIÇÃO,Não
2026-07-29,12740,Atendido,SIM,ATENDIDO,1770880.5,CELOG,A,HORA DE VOO,Não
2026-07-29,13180,Atendido,SIM,ATENDIDO,350000.0,CELOG,A,SOB DEMANDA,SIM
2026-07-29,13181,Atendido,SIM,ATENDIDO,350000.0,CELOG,A,SOB DEMANDA,SIM
2026-07-29,13200,"Aprovado, aguardando atendimento",SIM,,1000000.0,CELOG,A,SOB DEMANDA,SIM
2026-07-29,13220,"Aprovado, aguardando atendimento",SIM,,400000.0,FMS,A,REQUISIÇÃO,SIM
2026-07-29,13240,"Aprovado, aguardando atendimento",SIM,,120000.0,CABW,A,REQUISIÇÃO,SIM
2026-07-29,13260,"Aprovado, aguardando atendimento",SIM,,80000.0,CABW,A,REQUISIÇÃO,SIM
2026-07-29,13760,Atendido,SIM,ATENDIDO,1704503.0,CELOG,A,HORA DE VOO,Não
2026-07-29,14160,Atendido,SIM,ATENDIDO,3799000.0,CELOG,A,SOB DEMANDA,SIM
2026-07-29,14161,Atendido,SIM,ATENDIDO,1000.0,CELOG,A,SOB DEMANDA,SIM
2026-07-29,14180,"Aprovado, aguardando atendimento",SIM,,100000.0,FMS,A,REQUISIÇÃO,Não
2026-07-29,15380,Atendido,SIM,ATENDIDO,150000.0,CELOG,A,SOB DEMANDA,Não
2026-07-29,15400,Atendido,SIM,ATENDIDO,150000.0,CELOG,A,SOB DEMANDA,Não
2026-07-29,15420,Atendido,SIM,ATENDIDO,18462.36,CELOG,A,SOB DEMANDA,Não
2026-07-29,15421,Atendido,SIM,ATENDIDO,324166.14,CELOG,A,SOB DEMANDA,Não
2026-07-29,15440,"Aprovado, aguardando atendimento",SIM,,30000.0,CELOG,A,SOB DEMANDA,Não
2026-07-29,15680,Atendido,SIM,ATENDIDO,1496713.48,CELOG,A,HORA DE VOO,Não
2026-07-29,15681,Atendido,SIM,ATENDIDO,207789.52,CELOG,A,HORA DE VOO,Não
2026-07-29,15960,Atendido,SIM,ATENDIDO,962290.8,CELOG,A,SOB DEMANDA,SIM
2026-07-29,15961,Atendido,SIM,ATENDIDO,800000.0,CELOG,A,SOB DEMANDA,SIM
2026-07-29,15962,Atendido,SIM,ATENDIDO,1530656.62,CELOG,A,SOB DEMANDA,SIM
2026-07-29,15963,Atendido,SIM,ATENDIDO,72958.08,CELOG,A,SOB DEMANDA,SIM
2026-07-29,15964,Atendido,SIM,ATENDIDO,8916.0,CELOG,A,SOB DEMANDA,SIM
2026-07-29,15965,Atendido,SIM,ATENDIDO,425178.5,CELOG,A,SOB DEMANDA,SIM
2026-07-29,15980,Não aprovado,NÃO,CANCELADO,,CELOG,C,SOB DEMANDA,SIM
2026-07-29,16000,Atendido,SIM,ATENDIDO,400000.0,CELOG,A,SOB DEMANDA,SIM
2026-07-29,16001,Atendido,SIM,ATENDIDO,400000.0,CELOG,A,SOB DEMANDA,SIM
2026-07-29,16560,Atendido,SIM,ATENDIDO,173846.38,CELOG,A,HORA DE VOO,Não
2026-07-29,16561,Atendido,SIM,ATENDIDO,1530656.62,CELOG,A,HORA DE VOO,Não
2026-07-29,16700,"Aprovado, aguardando atendimento",SIM,,1000000.0,CELOG,A,SOB DEMANDA,SIM
2026-07-29,17200,"Aprovado, aguardando atendimento",SIM,,958040.0,CABW,A,REQUISIÇÃO,Não
2026-07-29,17201,Atendido,SIM,ATENDIDO,41730.64,CABW,A,REQUISIÇÃO,Não
2026-07-29,17760,"Aprovado, aguardando atendimento",SIM,,1468159.32,CELOG,A,HORA DE VOO,Não
2026-07-29,17761,"Aprovado, aguardando atendimento",SIM,,1704503.0,CELOG,A,HORA DE VOO,Não
2026-07-29,17762,"Aprovado, aguardando atendimento",SIM,,1704503.0,CELOG,A,HORA DE VOO,Não
2026-07-29,17763,Atendido,SIM,ATENDIDO,236343.68,CELOG,A,HORA DE VOO,Não
2026-07-29,18140,"Aprovado, aguardando atendimento",SIM,,1295422.28,CELOG,A,HORA DE VOO,Não
2026-07-29,19240,"Aprovado, aguardando atendimento",SIM,,500000.0,CELOG,D,PARCELA FIXA,Não
2026-07-29,19241,Não aprovado,NÃO,BLOQUEIO,5000000.0,CELOG,D,PARCELA FIXA,Não
2026-07-29,19260,"Aprovado, aguardando atendimento",SIM,,4000000.0,CELOG,D,PARCELA FIXA,Não
2026-07-29,19600,Não aprovado,NÃO,,5500000.0,CELOG,D,PARCELA FIXA,Não
2026-07-29,19620,Não aprovado,NÃO,,5500000.0,CELOG,D,PARCELA FIXA,Não
2026-07-29,23120,Não aprovado,NÃO,,9389.96,CABW,C,REQUISIÇÃO,Não
2026-07-29,23160,Não aprovado,NÃO,,7204.82,CABW,C,REQUISIÇÃO,Não
2026-07-29,23100,Não aprovado,NÃO,,4227.84,CABW,C,REQUISIÇÃO,Não
2026-07-29,23080,Não aprovado,NÃO,,4064.54,CELOG,C,REQUISIÇÃO,Não
2026-07-29,23180,Não aprovado,NÃO,,3662.66,CABW,C,REQUISIÇÃO,Não
2026-07-29,23140,Não aprovado,NÃO,,1163.64,FMS,C,REQUISIÇÃO,Não
2026-07-29,23640,Não aprovado,NÃO,,120000.0,CABW,C,REQUISIÇÃO,SIM
2026-07-29,23740,"Aprovado, aguardando atendimento",SIM,,400000.0,FMS,A,REQUISIÇÃO,SIM
2026-07-29,24180,"Aprovado, aguardando atendimento",SIM,,100000.0,FMS,A,REQUISIÇÃO,Não
2026-07-29,24380,Não aprovado,NÃO,,80000.0,CABW,C,REQUISIÇÃO,SIM
2026-07-29,24660,Não aprovado,NÃO,,835000.0,CABW,C,REQUISIÇÃO,Não
2026-07-29,24661,Não aprovado,NÃO,,165000.0,CABW,C,REQUISIÇÃO,Não
2026-07-29,24680,Não aprovado,NÃO,,1000000.0,CABW,C,REQUISIÇÃO,Não
2026-07-29,24700,Não aprovado,NÃO,,1000000.0,CABW,C,REQUISIÇÃO,Não
2026-07-29,24720,Não aprovado,NÃO,,100000.0,FMS,C,REQUISIÇÃO,Não
2026-07-29,25180,"Aprovado, aguardando atendimento",SIM,,1000000.0,CELOG,A,SOB DEMANDA,SIM
2026-07-29,25900,Sem informação,SIM,PROCESSADO,1704503.0,CELOG,RAP,HORA DE VOO,Não
2026-07-29,25920,Sem informação,SIM,PROCESSADO,1638125.5,CELOG,RAP,HORA DE VOO,Não
2026-07-29,25940,Sem informação,SIM,PROCESSADO,3800000.0,CELOG,RAP,SOB DEMANDA,SIM
2026-07-29,25960,Sem informação,SIM,PROCESSADO,3800000.0,CELOG,RAP,SOB DEMANDA,SIM
2026-07-29,63120,Não aprovado,NÃO,,3800000.0,CELOG,C,SOB DEMANDA,SIM
2026-07-29,63140,"Aprovado, aguardando atendimento",SIM,,4394700.0,CABW,C,SOB DEMANDA,SIM
2026-07-29,63940,"Aprovado, aguardando atendimento",SIM,,528395.93,CELOG,A,HORA DE VOO,Não
2026-07-29,63960,Não aprovado,NÃO,,1000000.0,CELOG,B,SOB DEMANDA,SIM
2026-07-29,64340,"Aprovado, aguardando atendimento",SIM,,4394700.0,CABW,C,SOB DEMANDA,SIM
2026-07-30,10300,"Aprovado, aguardando atendimento",SIM,,135000.0,CABW,A,REQUISIÇÃO,Não
2026-07-30,10760,"Aprovado, aguardando atendimento",SIM,,400000.0,FMS,A,REQUISIÇÃO,SIM
2026-07-30,10780,"Aprovado, aguardando atendimento",SIM,,430000.0,CABW,A,REQUISIÇÃO,SIM
2026-07-30,10800,"Aprovado, aguardando atendimento",SIM,,425000.0,CABW,A,REQUISIÇÃO,SIM
2026-07-30,11680,"Aprovado, aguardando atendimento",SIM,,563000.0,CABW,A,REQUISIÇÃO,SIM
2026-07-30,11700,Atendido,SIM,ATENDIDO,3799999.6,CELOG,A,SOB DEMANDA,SIM
2026-07-30,11720,"Aprovado, aguardando atendimento",SIM,,430000.0,CABW,A,REQUISIÇÃO,SIM
2026-07-30,11740,"Aprovado, aguardando atendimento",SIM,,60000.0,CABW,A,REQUISIÇÃO,SIM
2026-07-30,11760,"Aprovado, aguardando atendimento",SIM,,200000.0,CABW,A,REQUISIÇÃO,SIM
2026-07-30,11780,"Aprovado, aguardando atendimento",SIM,,320000.0,CABW,A,REQUISIÇÃO,SIM
2026-07-30,11800,Atendido,SIM,ATENDIDO,1187433.02,CABW,A,REQUISIÇÃO,Não
2026-07-30,11820,"Aprovado, aguardando atendimento",SIM,,1000000.0,CABW,A,REQUISIÇÃO,Não
2026-07-30,11840,"Aprovado, aguardando atendimento",SIM,,1000000.0,CABW,A,REQUISIÇÃO,Não
2026-07-30,11860,"Aprovado, aguardando atendimento",SIM,,1000000.0,CABW,A,REQUISIÇÃO,Não
2026-07-30,11880,"Aprovado, aguardando atendimento",SIM,,100000.0,FMS,A,REQUISIÇÃO,Não
2026-07-30,12740,Atendido,SIM,ATENDIDO,1770880.5,CELOG,A,HORA DE VOO,Não
2026-07-30,13180,Atendido,SIM,ATENDIDO,350000.0,CELOG,A,SOB DEMANDA,SIM
2026-07-30,13181,Atendido,SIM,ATENDIDO,350000.0,CELOG,A,SOB DEMANDA,SIM
2026-07-30,13200,"Aprovado, aguardando atendimento",SIM,,1000000.0,CELOG,A,SOB DEMANDA,SIM
2026-07-30,13220,"Aprovado, aguardando atendimento",SIM,,400000.0,FMS,A,REQUISIÇÃO,SIM
2026-07-30,13240,"Aprovado, aguardando atendimento",SIM,,120000.0,CABW,A,REQUISIÇÃO,SIM
2026-07-30,13260,"Aprovado, aguardando atendimento",SIM,,80000.0,CABW,A,REQUISIÇÃO,SIM
2026-07-30,13760,Atendido,SIM,ATENDIDO,1704503.0,CELOG,A,HORA DE VOO,Não
2026-07-30,14160,Atendido,SIM,ATENDIDO,3799000.0,CELOG,A,SOB DEMANDA,SIM
2026-07-30,14161,Atendido,SIM,ATENDIDO,1000.0,CELOG,A,SOB DEMANDA,SIM
2026-07-30,14180,"Aprovado, aguardando atendimento",SIM,,100000.0,FMS,A,REQUISIÇÃO,Não
2026-07-30,15380,Atendido,SIM,ATENDIDO,150000.0,CELOG,A,SOB DEMANDA,Não
2026-07-30,15400,Atendido,SIM,ATENDIDO,150000.0,CELOG,A,SOB DEMANDA,Não
2026-07-30,15420,Atendido,SIM,ATENDIDO,18462.36,CELOG,A,SOB DEMANDA,Não
2026-07-30,15421,Atendido,SIM,ATENDIDO,324166.14,CELOG,A,SOB DEMANDA,Não
2026-07-30,15440,"Aprovado, aguardando atendimento",SIM,,30000.0,CELOG,A,SOB DEMANDA,Não
2026-07-30,15680,Atendido,SIM,ATENDIDO,1496713.48,CELOG,A,HORA DE VOO,Não
2026-07-30,15681,Atendido,SIM,ATENDIDO,207789.52,CELOG,A,HORA DE VOO,Não
2026-07-30,15960,Atendido,SIM,ATENDIDO,962290.8,CELOG,A,SOB DEMANDA,SIM
2026-07-30,15961,Atendido,SIM,ATENDIDO,800000.0,CELOG,A,SOB DEMANDA,SIM
2026-07-30,15962,Atendido,SIM,ATENDIDO,1530656.62,CELOG,A,SOB DEMANDA,SIM
2026-07-30,15963,Atendido,SIM,ATENDIDO,72958.08,CELOG,A,SOB DEMANDA,SIM
2026-07-30,15964,Atendido,SIM,ATENDIDO,8916.0,CELOG,A,SOB DEMANDA,SIM
2026-07-30,15965,Atendido,SIM,ATENDIDO,425178.5,CELOG,A,SOB DEMANDA,SIM
2026-07-30,15980,Não aprovado,NÃO,CANCELADO,,CELOG,C,SOB DEMANDA,SIM
2026-07-30,16000,Atendido,SIM,ATENDIDO,400000.0,CELOG,A,SOB DEMANDA,SIM
2026-07-30,16001,Atendido,SIM,ATENDIDO,400000.0,CELOG,A,SOB DEMANDA,SIM
2026-07-30,16560,Atendido,SIM,ATENDIDO,173846.38,CELOG,A,HORA DE VOO,Não
2026-07-30,16561,Atendido,SIM,ATENDIDO,1530656.62,CELOG,A,HORA DE VOO,Não
2026-07-30,16700,"Aprovado, aguardando atendimento",SIM,,1000000.0,CELOG,A,SOB DEMANDA,SIM
2026-07-30,17200,"Aprovado, aguardando atendimento",SIM,,958040.0,CABW,A,REQUISIÇÃO,Não
2026-07-30,17201,Atendido,SIM,ATENDIDO,41730.64,CABW,A,REQUISIÇÃO,Não
2026-07-30,17760,"Aprovado, aguardando atendimento",SIM,,1468159.32,CELOG,A,HORA DE VOO,Não
2026-07-30,17761,"Aprovado, aguardando atendimento",SIM,,1704503.0,CELOG,A,HORA DE VOO,Não
2026-07-30,17762,"Aprovado, aguardando atendimento",SIM,,1704503.0,CELOG,A,HORA DE VOO,Não
2026-07-30,17763,Atendido,SIM,ATENDIDO,236343.68,CELOG,A,HORA DE VOO,Não
2026-07-30,18140,"Aprovado, aguardando atendimento",SIM,,1295422.28,CELOG,A,HORA DE VOO,Não
2026-07-30,19240,"Aprovado, aguardando atendimento",SIM,,500000.0,CELOG,D,PARCELA FIXA,Não
2026-07-30,19241,Não aprovado,NÃO,BLOQUEIO,5000000.0,CELOG,D,PARCELA FIXA,Não
2026-07-30,19260,"Aprovado, aguardando atendimento",SIM,,4000000.0,CELOG,D,PARCELA FIXA,Não
2026-07-30,19600,Não aprovado,NÃO,,5500000.0,CELOG,D,PARCELA FIXA,Não
2026-07-30,19620,Não aprovado,NÃO,,5500000.0,CELOG,D,PARCELA FIXA,Não
2026-07-30,23120,Não aprovado,NÃO,,9389.96,CABW,C,REQUISIÇÃO,Não
2026-07-30,23160,Não aprovado,NÃO,,7204.82,CABW,C,REQUISIÇÃO,Não
2026-07-30,23100,Não aprovado,NÃO,,4227.84,CABW,C,REQUISIÇÃO,Não
2026-07-30,23080,Não aprovado,NÃO,,4064.54,CELOG,C,REQUISIÇÃO,Não
2026-07-30,23180,Não aprovado,NÃO,,3662.66,CABW,C,REQUISIÇÃO,Não
2026-07-30,23140,Não aprovado,NÃO,,1163.64,FMS,C,REQUISIÇÃO,Não
2026-07-30,23640,Não aprovado,NÃO,,120000.0,CABW,C,REQUISIÇÃO,SIM
2026-07-30,23740,"Aprovado, aguardando atendimento",SIM,,400000.0,FMS,A,REQUISIÇÃO,SIM
2026-07-30,24180,"Aprovado, aguardando atendimento",SIM,,100000.0,FMS,A,REQUISIÇÃO,Não
2026-07-30,24380,Não aprovado,NÃO,,80000.0,CABW,C,REQUISIÇÃO,SIM
2026-07-30,24660,Não aprovado,NÃO,,835000.0,CABW,C,REQUISIÇÃO,Não
2026-07-30,24661,Não aprovado,NÃO,,165000.0,CABW,C,REQUISIÇÃO,Não
2026-07-30,24680,Não aprovado,NÃO,,1000000.0,CABW,C,REQUISIÇÃO,Não
2026-07-30,24700,Não aprovado,NÃO,,1000000.0,CABW,C,REQUISIÇÃO,Não
2026-07-30,24720,Não aprovado,NÃO,,100000.0,FMS,C,REQUISIÇÃO,Não
2026-07-30,25180,"Aprovado, aguardando atendimento",SIM,,1000000.0,CELOG,A,SOB DEMANDA,SIM
2026-07-30,25900,Sem informação,SIM,PROCESSADO,1704503.0,CELOG,RAP,HORA DE VOO,Não
2026-07-30,25920,Sem informação,SIM,PROCESSADO,1638125.5,CELOG,RAP,HORA DE VOO,Não
2026-07-30,25940,Sem informação,SIM,PROCESSADO,3800000.0,CELOG,RAP,SOB DEMANDA,SIM
2026-07-30,25960,Sem informação,SIM,PROCESSADO,3800000.0,CELOG,RAP,SOB DEMANDA,SIM
2026-07-30,63120,Não aprovado,NÃO,,3800000.0,CELOG,C,SOB DEMANDA,SIM
2026-07-30,63140,"Aprovado, aguardando atendimento",SIM,,4394700.0,CABW,C,SOB DEMANDA,SIM
2026-07-30,63940,"Aprovado, aguardando atendimento",SIM,,528395.93,CELOG,A,HORA DE VOO,Não
2026-07-30,63960,Não aprovado,NÃO,,1000000.0,CELOG,B,SOB DEMANDA,SIM
2026-07-30,64340,"Aprovado, aguardando atendimento",SIM,,4394700.0,CABW,C,SOB DEMANDA,SIM
2026-07-31,10300,"Aprovado, aguardando atendimento",SIM,,135000.0,CABW,A,REQUISIÇÃO,Não
2026-07-31,10760,"Aprovado, aguardando atendimento",SIM,,400000.0,FMS,A,REQUISIÇÃO,SIM
2026-07-31,10780,"Aprovado, aguardando atendimento",SIM,,430000.0,CABW,A,REQUISIÇÃO,SIM
2026-07-31,10800,"Aprovado, aguardando atendimento",SIM,,425000.0,CABW,A,REQUISIÇÃO,SIM
2026-07-31,11680,"Aprovado, aguardando atendimento",SIM,,563000.0,CABW,A,REQUISIÇÃO,SIM
2026-07-31,11700,Atendido,SIM,ATENDIDO,3799999.6,CELOG,A,SOB DEMANDA,SIM
2026-07-31,11720,"Aprovado, aguardando atendimento",SIM,,430000.0,CABW,A,REQUISIÇÃO,SIM
2026-07-31,11740,"Aprovado, aguardando atendimento",SIM,,60000.0,CABW,A,REQUISIÇÃO,SIM
2026-07-31,11760,"Aprovado, aguardando atendimento",SIM,,200000.0,CABW,A,REQUISIÇÃO,SIM
2026-07-31,11780,"Aprovado, aguardando atendimento",SIM,,320000.0,CABW,A,REQUISIÇÃO,SIM
2026-07-31,11800,Atendido,SIM,ATENDIDO,1187433.02,CABW,A,REQUISIÇÃO,Não
2026-07-31,11820,"Aprovado, aguardando atendimento",SIM,,1000000.0,CABW,A,REQUISIÇÃO,Não
2026-07-31,11840,"Aprovado, aguardando atendimento",SIM,,1000000.0,CABW,A,REQUISIÇÃO,Não
2026-07-31,11860,"Aprovado, aguardando atendimento",SIM,,1000000.0,CABW,A,REQUISIÇÃO,Não
2026-07-31,11880,"Aprovado, aguardando atendimento",SIM,,100000.0,FMS,A,REQUISIÇÃO,Não
2026-07-31,12740,Atendido,SIM,ATENDIDO,1770880.5,CELOG,A,HORA DE VOO,Não
2026-07-31,13180,Atendido,SIM,ATENDIDO,350000.0,CELOG,A,SOB DEMANDA,SIM
2026-07-31,13181,Atendido,SIM,ATENDIDO,350000.0,CELOG,A,SOB DEMANDA,SIM
2026-07-31,13200,"Aprovado, aguardando atendimento",SIM,,1000000.0,CELOG,A,SOB DEMANDA,SIM
2026-07-31,13220,"Aprovado, aguardando atendimento",SIM,,400000.0,FMS,A,REQUISIÇÃO,SIM
2026-07-31,13240,"Aprovado, aguardando atendimento",SIM,,120000.0,CABW,A,REQUISIÇÃO,SIM
2026-07-31,13260,"Aprovado, aguardando atendimento",SIM,,80000.0,CABW,A,REQUISIÇÃO,SIM
2026-07-31,13760,Atendido,SIM,ATENDIDO,1704503.0,CELOG,A,HORA DE VOO,Não
2026-07-31,14160,Atendido,SIM,ATENDIDO,3799000.0,CELOG,A,SOB DEMANDA,SIM
2026-07-31,14161,Atendido,SIM,ATENDIDO,1000.0,CELOG,A,SOB DEMANDA,SIM
2026-07-31,14180,"Aprovado, aguardando atendimento",SIM,,100000.0,FMS,A,REQUISIÇÃO,Não
2026-07-31,15380,Atendido,SIM,ATENDIDO,150000.0,CELOG,A,SOB DEMANDA,Não
2026-07-31,15400,Atendido,SIM,ATENDIDO,150000.0,CELOG,A,SOB DEMANDA,Não
2026-07-31,15420,Atendido,SIM,ATENDIDO,18462.36,CELOG,A,SOB DEMANDA,Não
2026-07-31,15421,Atendido,SIM,ATENDIDO,324166.14,CELOG,A,SOB DEMANDA,Não
2026-07-31,15440,"Aprovado, aguardando atendimento",SIM,,30000.0,CELOG,A,SOB DEMANDA,Não
2026-07-31,15680,Atendido,SIM,ATENDIDO,1496713.48,CELOG,A,HORA DE VOO,Não
2026-07-31,15681,Atendido,SIM,ATENDIDO,207789.52,CELOG,A,HORA DE VOO,Não
2026-07-31,15960,Atendido,SIM,ATENDIDO,962290.8,CELOG,A,SOB DEMANDA,SIM
2026-07-31,15961,Atendido,SIM,ATENDIDO,800000.0,CELOG,A,SOB DEMANDA,SIM
2026-07-31,15962,Atendido,SIM,ATENDIDO,1530656.62,CELOG,A,SOB DEMANDA,SIM
2026-07-31,15963,Atendido,SIM,ATENDIDO,72958.08,CELOG,A,SOB DEMANDA,SIM
2026-07-31,15964,Atendido,SIM,ATENDIDO,8916.0,CELOG,A,SOB DEMANDA,SIM
2026-07-31,15965,Atendido,SIM,ATENDIDO,425178.5,CELOG,A,SOB DEMANDA,SIM
2026-07-31,15980,Não aprovado,NÃO,CANCELADO,,CELOG,C,SOB DEMANDA,SIM
2026-07-31,16000,Atendido,SIM,ATENDIDO,400000.0,CELOG,A,SOB DEMANDA,SIM
2026-07-31,16001,Atendido,SIM,ATENDIDO,400000.0,CELOG,A,SOB DEMANDA,SIM
2026-07-31,16560,Atendido,SIM,ATENDIDO,173846.38,CELOG,A,HORA DE VOO,Não
2026-07-31,16561,Atendido,SIM,ATENDIDO,1530656.62,CELOG,A,HORA DE VOO,Não
2026-07-31,16700,"Aprovado, aguardando atendimento",SIM,,1000000.0,CELOG,A,SOB DEMANDA,SIM
2026-07-31,17200,"Aprovado, aguardando atendimento",SIM,,958040.0,CABW,A,REQUISIÇÃO,Não
2026-07-31,17201,Atendido,SIM,ATENDIDO,41730.64,CABW,A,REQUISIÇÃO,Não
2026-07-31,17760,"Aprovado, aguardando atendimento",SIM,,1468159.32,CELOG,A,HORA DE VOO,Não
2026-07-31,17761,"Aprovado, aguardando atendimento",SIM,,1704503.0,CELOG,A,HORA DE VOO,Não
2026-07-31,17762,"Aprovado, aguardando atendimento",SIM,,1704503.0,CELOG,A,HORA DE VOO,Não
2026-07-31,17763,Atendido,SIM,ATENDIDO,236343.68,CELOG,A,HORA DE VOO,Não
2026-07-31,18140,"Aprovado, aguardando atendimento",SIM,,1295422.28,CELOG,A,HORA DE VOO,Não
2026-07-31,19240,"Aprovado, aguardando atendimento",SIM,,500000.0,CELOG,D,PARCELA FIXA,Não
2026-07-31,19241,Não aprovado,NÃO,BLOQUEIO,5000000.0,CELOG,D,PARCELA FIXA,Não
2026-07-31,19260,"Aprovado, aguardando atendimento",SIM,,4000000.0,CELOG,D,PARCELA FIXA,Não
2026-07-31,19600,Não aprovado,NÃO,,5500000.0,CELOG,D,PARCELA FIXA,Não
2026-07-31,19620,Não aprovado,NÃO,,5500000.0,CELOG,D,PARCELA FIXA,Não
2026-07-31,23120,Não aprovado,NÃO,,9389.96,CABW,C,REQUISIÇÃO,Não
2026-07-31,23160,Não aprovado,NÃO,,7204.82,CABW,C,REQUISIÇÃO,Não
2026-07-31,23100,Não aprovado,NÃO,,4227.84,CABW,C,REQUISIÇÃO,Não
2026-07-31,23080,Não aprovado,NÃO,,4064.54,CELOG,C,REQUISIÇÃO,Não
2026-07-31,23180,Não aprovado,NÃO,,3662.66,CABW,C,REQUISIÇÃO,Não
2026-07-31,23140,Não aprovado,NÃO,,1163.64,FMS,C,REQUISIÇÃO,Não
2026-07-31,23640,Não aprovado,NÃO,,120000.0,CABW,C,REQUISIÇÃO,SIM
2026-07-31,23740,"Aprovado, aguardando atendimento",SIM,,400000.0,FMS,A,REQUISIÇÃO,SIM
2026-07-31,24180,"Aprovado, aguardando atendimento",SIM,,100000.0,FMS,A,REQUISIÇÃO,Não
2026-07-31,24380,Não aprovado,NÃO,,80000.0,CABW,C,REQUISIÇÃO,SIM
2026-07-31,24660,Não aprovado,NÃO,,835000.0,CABW,C,REQUISIÇÃO,Não
2026-07-31,24661,Não aprovado,NÃO,,165000.0,CABW,C,REQUISIÇÃO,Não
2026-07-31,24680,Não aprovado,NÃO,,1000000.0,CABW,C,REQUISIÇÃO,Não
2026-07-31,24700,Não aprovado,NÃO,,1000000.0,CABW,C,REQUISIÇÃO,Não
2026-07-31,24720,Não aprovado,NÃO,,100000.0,FMS,C,REQUISIÇÃO,Não
2026-07-31,25180,"Aprovado, aguardando atendimento",SIM,,1000000.0,CELOG,A,SOB DEMANDA,SIM
2026-07-31,25900,Sem informação,SIM,PROCESSADO,1704503.0,CELOG,RAP,HORA DE VOO,Não
2026-07-31,25920,Sem informação,SIM,PROCESSADO,1638125.5,CELOG,RAP,HORA DE VOO,Não
2026-07-31,25940,Sem informação,SIM,PROCESSADO,3800000.0,CELOG,RAP,SOB DEMANDA,SIM
2026-07-31,25960,Sem informação,SIM,PROCESSADO,3800000.0,CELOG,RAP,SOB DEMANDA,SIM
2026-07-31,63120,Não aprovado,NÃO,,3800000.0,CELOG,C,SOB DEMANDA,SIM
2026-07-31,63140,"Aprovado, aguardando atendimento",SIM,,4394700.0,CABW,C,SOB DEMANDA,SIM
2026-07-31,63940,"Aprovado, aguardando atendimento",SIM,,528395.93,CELOG,A,HORA DE VOO,Não
2026-07-31,63960,Não aprovado,NÃO,,1000000.0,CELOG,B,SOB DEMANDA,SIM
2026-07-31,64340,"Aprovado, aguardando atendimento",SIM,,4394700.0,CABW,C,SOB DEMANDA,SIM
2026-08-03,10300,"Aprovado, aguardando atendimento",SIM,,135000.0,CABW,A,REQUISIÇÃO,Não
2026-08-03,10760,"Aprovado, aguardando atendimento",SIM,,400000.0,FMS,A,REQUISIÇÃO,SIM
2026-08-03,10780,"Aprovado, aguardando atendimento",SIM,,430000.0,CABW,A,REQUISIÇÃO,SIM
2026-08-03,10800,"Aprovado, aguardando atendimento",SIM,,425000.0,CABW,A,REQUISIÇÃO,SIM
2026-08-03,11680,"Aprovado, aguardando atendimento",SIM,,563000.0,CABW,A,REQUISIÇÃO,SIM
2026-08-03,11700,Atendido,SIM,ATENDIDO,3799999.6,CELOG,A,SOB DEMANDA,SIM
2026-08-03,11720,"Aprovado, aguardando atendimento",SIM,,430000.0,CABW,A,REQUISIÇÃO,SIM
2026-08-03,11740,"Aprovado, aguardando atendimento",SIM,,60000.0,CABW,A,REQUISIÇÃO,SIM
2026-08-03,11760,"Aprovado, aguardando atendimento",SIM,,200000.0,CABW,A,REQUISIÇÃO,SIM
2026-08-03,11780,"Aprovado, aguardando atendimento",SIM,,320000.0,CABW,A,REQUISIÇÃO,SIM
2026-08-03,11800,Atendido,SIM,ATENDIDO,1187433.02,CABW,A,REQUISIÇÃO,Não
2026-08-03,11820,"Aprovado, aguardando atendimento",SIM,,1000000.0,CABW,A,REQUISIÇÃO,Não
2026-08-03,11840,"Aprovado, aguardando atendimento",SIM,,1000000.0,CABW,A,REQUISIÇÃO,Não
2026-08-03,11860,"Aprovado, aguardando atendimento",SIM,,1000000.0,CABW,A,REQUISIÇÃO,Não
2026-08-03,11880,"Aprovado, aguardando atendimento",SIM,,100000.0,FMS,A,REQUISIÇÃO,Não
2026-08-03,12740,Atendido,SIM,ATENDIDO,1770880.5,CELOG,A,HORA DE VOO,Não
2026-08-03,13180,Atendido,SIM,ATENDIDO,350000.0,CELOG,A,SOB DEMANDA,SIM
2026-08-03,13181,Atendido,SIM,ATENDIDO,350000.0,CELOG,A,SOB DEMANDA,SIM
2026-08-03,13200,"Aprovado, aguardando atendimento",SIM,,1000000.0,CELOG,A,SOB DEMANDA,SIM
2026-08-03,13220,"Aprovado, aguardando atendimento",SIM,,400000.0,FMS,A,REQUISIÇÃO,SIM
2026-08-03,13240,"Aprovado, aguardando atendimento",SIM,,120000.0,CABW,A,REQUISIÇÃO,SIM
2026-08-03,13260,"Aprovado, aguardando atendimento",SIM,,80000.0,CABW,A,REQUISIÇÃO,SIM
2026-08-03,13760,Atendido,SIM,ATENDIDO,1704503.0,CELOG,A,HORA DE VOO,Não
2026-08-03,14160,Atendido,SIM,ATENDIDO,3799000.0,CELOG,A,SOB DEMANDA,SIM
2026-08-03,14161,Atendido,SIM,ATENDIDO,1000.0,CELOG,A,SOB DEMANDA,SIM
2026-08-03,14180,"Aprovado, aguardando atendimento",SIM,,100000.0,FMS,A,REQUISIÇÃO,Não
2026-08-03,15380,Atendido,SIM,ATENDIDO,150000.0,CELOG,A,SOB DEMANDA,Não
2026-08-03,15400,Atendido,SIM,ATENDIDO,150000.0,CELOG,A,SOB DEMANDA,Não
2026-08-03,15420,Atendido,SIM,ATENDIDO,18462.36,CELOG,A,SOB DEMANDA,Não
2026-08-03,15421,Atendido,SIM,ATENDIDO,324166.14,CELOG,A,SOB DEMANDA,Não
2026-08-03,15440,"Aprovado, aguardando atendimento",SIM,,30000.0,CELOG,A,SOB DEMANDA,Não
2026-08-03,15680,Atendido,SIM,ATENDIDO,1496713.48,CELOG,A,HORA DE VOO,Não
2026-08-03,15681,Atendido,SIM,ATENDIDO,207789.52,CELOG,A,HORA DE VOO,Não
2026-08-03,15960,Atendido,SIM,ATENDIDO,962290.8,CELOG,A,SOB DEMANDA,SIM
2026-08-03,15961,Atendido,SIM,ATENDIDO,800000.0,CELOG,A,SOB DEMANDA,SIM
2026-08-03,15962,Atendido,SIM,ATENDIDO,1530656.62,CELOG,A,SOB DEMANDA,SIM
2026-08-03,15963,Atendido,SIM,ATENDIDO,72958.08,CELOG,A,SOB DEMANDA,SIM
2026-08-03,15964,Atendido,SIM,ATENDIDO,8916.0,CELOG,A,SOB DEMANDA,SIM
2026-08-03,15965,Atendido,SIM,ATENDIDO,425178.5,CELOG,A,SOB DEMANDA,SIM
2026-08-03,15980,Não aprovado,NÃO,CANCELADO,,CELOG,C,SOB DEMANDA,SIM
2026-08-03,16000,Atendido,SIM,ATENDIDO,400000.0,CELOG,A,SOB DEMANDA,SIM
2026-08-03,16001,Atendido,SIM,ATENDIDO,400000.0,CELOG,A,SOB DEMANDA,SIM
2026-08-03,16560,Atendido,SIM,ATENDIDO,173846.38,CELOG,A,HORA DE VOO,Não
2026-08-03,16561,Atendido,SIM,ATENDIDO,1530656.62,CELOG,A,HORA DE VOO,Não
2026-08-03,16700,"Aprovado, aguardando atendimento",SIM,,1000000.0,CELOG,A,SOB DEMANDA,SIM
2026-08-03,17200,"Aprovado, aguardando atendimento",SIM,,958040.0,CABW,A,REQUISIÇÃO,Não
2026-08-03,17201,Atendido,SIM,ATENDIDO,41730.64,CABW,A,REQUISIÇÃO,Não
2026-08-03,17760,"Aprovado, aguardando atendimento",SIM,,1468159.32,CELOG,A,HORA DE VOO,Não
2026-08-03,17761,"Aprovado, aguardando atendimento",SIM,,1704503.0,CELOG,A,HORA DE VOO,Não
2026-08-03,17762,"Aprovado, aguardando atendimento",SIM,,1704503.0,CELOG,A,HORA DE VOO,Não
2026-08-03,17763,Atendido,SIM,ATENDIDO,236343.68,CELOG,A,HORA DE VOO,Não
2026-08-03,18140,"Aprovado, aguardando atendimento",SIM,,1295422.28,CELOG,A,HORA DE VOO,Não
2026-08-03,19240,"Aprovado, aguardando atendimento",SIM,,500000.0,CELOG,D,PARCELA FIXA,Não
2026-08-03,19241,Não aprovado,NÃO,BLOQUEIO,5000000.0,CELOG,D,PARCELA FIXA,Não
2026-08-03,19260,"Aprovado, aguardando atendimento",SIM,,4000000.0,CELOG,D,PARCELA FIXA,Não
2026-08-03,19600,Não aprovado,NÃO,,5500000.0,CELOG,D,PARCELA FIXA,Não
2026-08-03,19620,Não aprovado,NÃO,,5500000.0,CELOG,D,PARCELA FIXA,Não
2026-08-03,23120,Não aprovado,NÃO,,9389.96,CABW,C,REQUISIÇÃO,Não
2026-08-03,23160,Não aprovado,NÃO,,7204.82,CABW,C,REQUISIÇÃO,Não
2026-08-03,23100,Não aprovado,NÃO,,4227.84,CABW,C,REQUISIÇÃO,Não
2026-08-03,23080,Não aprovado,NÃO,,4064.54,CELOG,C,REQUISIÇÃO,Não
2026-08-03,23180,Não aprovado,NÃO,,3662.66,CABW,C,REQUISIÇÃO,Não
2026-08-03,23140,Não aprovado,NÃO,,1163.64,FMS,C,REQUISIÇÃO,Não
2026-08-03,23640,Não aprovado,NÃO,,120000.0,CABW,C,REQUISIÇÃO,SIM
2026-08-03,23740,"Aprovado, aguardando atendimento",SIM,,400000.0,FMS,A,REQUISIÇÃO,SIM
2026-08-03,24180,"Aprovado, aguardando atendimento",SIM,,100000.0,FMS,A,REQUISIÇÃO,Não
2026-08-03,24380,Não aprovado,NÃO,,80000.0,CABW,C,REQUISIÇÃO,SIM
2026-08-03,24660,Não aprovado,NÃO,,835000.0,CABW,C,REQUISIÇÃO,Não
2026-08-03,24661,Não aprovado,NÃO,,165000.0,CABW,C,REQUISIÇÃO,Não
2026-08-03,24680,Não aprovado,NÃO,,1000000.0,CABW,C,REQUISIÇÃO,Não
2026-08-03,24700,Não aprovado,NÃO,,1000000.0,CABW,C,REQUISIÇÃO,Não
2026-08-03,24720,Não aprovado,NÃO,,100000.0,FMS,C,REQUISIÇÃO,Não
2026-08-03,25180,"Aprovado, aguardando atendimento",SIM,,1000000.0,CELOG,A,SOB DEMANDA,SIM
2026-08-03,25900,Sem informação,SIM,PROCESSADO,1704503.0,CELOG,RAP,HORA DE VOO,Não
2026-08-03,25920,Sem informação,SIM,PROCESSADO,1638125.5,CELOG,RAP,HORA DE VOO,Não
2026-08-03,25940,Sem informação,SIM,PROCESSADO,3800000.0,CELOG,RAP,SOB DEMANDA,SIM
2026-08-03,25960,Sem informação,SIM,PROCESSADO,3800000.0,CELOG,RAP,SOB DEMANDA,SIM
2026-08-03,63120,Não aprovado,NÃO,,3800000.0,CELOG,C,SOB DEMANDA,SIM
2026-08-03,63140,"Aprovado, aguardando atendimento",SIM,,4394700.0,CABW,C,SOB DEMANDA,SIM
2026-08-03,63940,"Aprovado, aguardando atendimento",SIM,,528395.93,CELOG,A,HORA DE VOO,Não
2026-08-03,63960,Não aprovado,NÃO,,1000000.0,CELOG,B,SOB DEMANDA,SIM
2026-08-03,64340,"Aprovado, aguardando atendimento",SIM,,4394700.0,CABW,C,SOB DEMANDA,SIM
2026-08-04,10300,"Aprovado, aguardando atendimento",SIM,,135000.0,CABW,A,REQUISIÇÃO,Não
2026-08-04,10760,"Aprovado, aguardando atendimento",SIM,,400000.0,FMS,A,REQUISIÇÃO,SIM
2026-08-04,10780,"Aprovado, aguardando atendimento",SIM,,430000.0,CABW,A,REQUISIÇÃO,SIM
2026-08-04,10800,"Aprovado, aguardando atendimento",SIM,,425000.0,CABW,A,REQUISIÇÃO,SIM
2026-08-04,11680,"Aprovado, aguardando atendimento",SIM,,563000.0,CABW,A,REQUISIÇÃO,SIM
2026-08-04,11700,Atendido,SIM,ATENDIDO,3799999.6,CELOG,A,SOB DEMANDA,SIM
2026-08-04,11720,"Aprovado, aguardando atendimento",SIM,,430000.0,CABW,A,REQUISIÇÃO,SIM
2026-08-04,11740,"Aprovado, aguardando atendimento",SIM,,60000.0,CABW,A,REQUISIÇÃO,SIM
2026-08-04,11760,"Aprovado, aguardando atendimento",SIM,,200000.0,CABW,A,REQUISIÇÃO,SIM
2026-08-04,11780,"Aprovado, aguardando atendimento",SIM,,320000.0,CABW,A,REQUISIÇÃO,SIM
2026-08-04,11800,Atendido,SIM,ATENDIDO,1187433.02,CABW,A,REQUISIÇÃO,Não
2026-08-04,11820,"Aprovado, aguardando atendimento",SIM,,1000000.0,CABW,A,REQUISIÇÃO,Não
2026-08-04,11840,"Aprovado, aguardando atendimento",SIM,,1000000.0,CABW,A,REQUISIÇÃO,Não
2026-08-04,11860,"Aprovado, aguardando atendimento",SIM,,1000000.0,CABW,A,REQUISIÇÃO,Não
2026-08-04,11880,"Aprovado, aguardando atendimento",SIM,,100000.0,FMS,A,REQUISIÇÃO,Não
2026-08-04,12740,Atendido,SIM,ATENDIDO,1770880.5,CELOG,A,HORA DE VOO,Não
2026-08-04,13180,Atendido,SIM,ATENDIDO,350000.0,CELOG,A,SOB DEMANDA,SIM
2026-08-04,13181,Atendido,SIM,ATENDIDO,350000.0,CELOG,A,SOB DEMANDA,SIM
2026-08-04,13200,"Aprovado, aguardando atendimento",SIM,,1000000.0,CELOG,A,SOB DEMANDA,SIM
2026-08-04,13220,"Aprovado, aguardando atendimento",SIM,,400000.0,FMS,A,REQUISIÇÃO,SIM
2026-08-04,13240,"Aprovado, aguardando atendimento",SIM,,120000.0,CABW,A,REQUISIÇÃO,SIM
2026-08-04,13260,"Aprovado, aguardando atendimento",SIM,,80000.0,CABW,A,REQUISIÇÃO,SIM
2026-08-04,13760,Atendido,SIM,ATENDIDO,1704503.0,CELOG,A,HORA DE VOO,Não
2026-08-04,14160,Atendido,SIM,ATENDIDO,3799000.0,CELOG,A,SOB DEMANDA,SIM
2026-08-04,14161,Atendido,SIM,ATENDIDO,1000.0,CELOG,A,SOB DEMANDA,SIM
2026-08-04,14180,"Aprovado, aguardando atendimento",SIM,,100000.0,FMS,A,REQUISIÇÃO,Não
2026-08-04,15380,Atendido,SIM,ATENDIDO,150000.0,CELOG,A,SOB DEMANDA,Não
2026-08-04,15400,Atendido,SIM,ATENDIDO,150000.0,CELOG,A,SOB DEMANDA,Não
2026-08-04,15420,Atendido,SIM,ATENDIDO,18462.36,CELOG,A,SOB DEMANDA,Não
2026-08-04,15421,Atendido,SIM,ATENDIDO,324166.14,CELOG,A,SOB DEMANDA,Não
2026-08-04,15440,"Aprovado, aguardando atendimento",SIM,,30000.0,CELOG,A,SOB DEMANDA,Não
2026-08-04,15680,Atendido,SIM,ATENDIDO,1496713.48,CELOG,A,HORA DE VOO,Não
2026-08-04,15681,Atendido,SIM,ATENDIDO,207789.52,CELOG,A,HORA DE VOO,Não
2026-08-04,15960,Atendido,SIM,ATENDIDO,962290.8,CELOG,A,SOB DEMANDA,SIM
2026-08-04,15961,Atendido,SIM,ATENDIDO,800000.0,CELOG,A,SOB DEMANDA,SIM
2026-08-04,15962,Atendido,SIM,ATENDIDO,1530656.62,CELOG,A,SOB DEMANDA,SIM
2026-08-04,15963,Atendido,SIM,ATENDIDO,72958.08,CELOG,A,SOB DEMANDA,SIM
2026-08-04,15964,Atendido,SIM,ATENDIDO,8916.0,CELOG,A,SOB DEMANDA,SIM
2026-08-04,15965,Atendido,SIM,ATENDIDO,425178.5,CELOG,A,SOB DEMANDA,SIM
2026-08-04,15980,Não aprovado,NÃO,CANCELADO,,CELOG,C,SOB DEMANDA,SIM
2026-08-04,16000,Atendido,SIM,ATENDIDO,400000.0,CELOG,A,SOB DEMANDA,SIM
2026-08-04,16001,Atendido,SIM,ATENDIDO,400000.0,CELOG,A,SOB DEMANDA,SIM
2026-08-04,16560,Atendido,SIM,ATENDIDO,173846.38,CELOG,A,HORA DE VOO,Não
2026-08-04,16561,Atendido,SIM,ATENDIDO,1530656.62,CELOG,A,HORA DE VOO,Não
2026-08-04,16700,"Aprovado, aguardando atendimento",SIM,,1000000.0,CELOG,A,SOB DEMANDA,SIM
2026-08-04,17200,"Aprovado, aguardando atendimento",SIM,,958040.0,CABW,A,REQUISIÇÃO,Não
2026-08-04,17201,Atendido,SIM,ATENDIDO,41730.64,CABW,A,REQUISIÇÃO,Não
2026-08-04,17760,"Aprovado, aguardando atendimento",SIM,,1468159.32,CELOG,A,HORA DE VOO,Não
2026-08-04,17761,"Aprovado, aguardando atendimento",SIM,,1704503.0,CELOG,A,HORA DE VOO,Não
2026-08-04,17762,"Aprovado, aguardando atendimento",SIM,,1704503.0,CELOG,A,HORA DE VOO,Não
2026-08-04,17763,Atendido,SIM,ATENDIDO,236343.68,CELOG,A,HORA DE VOO,Não
2026-08-04,18140,"Aprovado, aguardando atendimento",SIM,,1295422.28,CELOG,A,HORA DE VOO,Não
2026-08-04,19240,"Aprovado, aguardando atendimento",SIM,,500000.0,CELOG,D,PARCELA FIXA,Não
2026-08-04,19241,Não aprovado,NÃO,BLOQUEIO,5000000.0,CELOG,D,PARCELA FIXA,Não
2026-08-04,19260,Sem informação,SIM,CANCELADO,,CELOG,D,PARCELA FIXA,Não
2026-08-04,19600,Não aprovado,NÃO,CANCELADO,,CELOG,D,PARCELA FIXA,Não
2026-08-04,19620,Não aprovado,NÃO,CANCELADO,,CELOG,D,PARCELA FIXA,Não
2026-08-04,23120,Não aprovado,NÃO,,9389.96,CABW,C,REQUISIÇÃO,Não
2026-08-04,23160,Não aprovado,NÃO,,7204.82,CABW,C,REQUISIÇÃO,Não
2026-08-04,23100,Não aprovado,NÃO,,4227.84,CABW,C,REQUISIÇÃO,Não
2026-08-04,23080,Não aprovado,NÃO,,4064.54,CELOG,C,REQUISIÇÃO,Não
2026-08-04,23180,Não aprovado,NÃO,,3662.66,CABW,C,REQUISIÇÃO,Não
2026-08-04,23140,Não aprovado,NÃO,,1163.64,FMS,C,REQUISIÇÃO,Não
2026-08-04,23640,Não aprovado,NÃO,,120000.0,CABW,C,REQUISIÇÃO,SIM
2026-08-04,23740,"Aprovado, aguardando atendimento",SIM,,400000.0,FMS,A,REQUISIÇÃO,SIM
2026-08-04,24180,"Aprovado, aguardando atendimento",SIM,,100000.0,FMS,A,REQUISIÇÃO,Não
2026-08-04,24380,Não aprovado,NÃO,,80000.0,CABW,C,REQUISIÇÃO,SIM
2026-08-04,24660,Não aprovado,NÃO,,835000.0,CABW,C,REQUISIÇÃO,Não
2026-08-04,24661,Não aprovado,NÃO,,165000.0,CABW,C,REQUISIÇÃO,Não
2026-08-04,24680,Não aprovado,NÃO,,1000000.0,CABW,C,REQUISIÇÃO,Não
2026-08-04,24700,Não aprovado,NÃO,,1000000.0,CABW,C,REQUISIÇÃO,Não
2026-08-04,24720,Não aprovado,NÃO,,100000.0,FMS,C,REQUISIÇÃO,Não
2026-08-04,25180,"Aprovado, aguardando atendimento",SIM,,1000000.0,CELOG,A,SOB DEMANDA,SIM
2026-08-04,25900,Sem informação,SIM,PROCESSADO,1704503.0,CELOG,RAP,HORA DE VOO,Não
2026-08-04,25920,Sem informação,SIM,PROCESSADO,1638125.5,CELOG,RAP,HORA DE VOO,Não
2026-08-04,25940,Sem informação,SIM,PROCESSADO,3800000.0,CELOG,RAP,SOB DEMANDA,SIM
2026-08-04,25960,Sem informação,SIM,PROCESSADO,3800000.0,CELOG,RAP,SOB DEMANDA,SIM
2026-08-04,63120,Não aprovado,NÃO,,3800000.0,CELOG,C,SOB DEMANDA,SIM
2026-08-04,63140,"Aprovado, aguardando atendimento",SIM,,4394700.0,CABW,C,SOB DEMANDA,SIM
2026-08-04,63940,"Aprovado, aguardando atendimento",SIM,,528395.93,CELOG,A,HORA DE VOO,Não
2026-08-04,63960,Não aprovado,NÃO,,1000000.0,CELOG,B,SOB DEMANDA,SIM
2026-08-04,64340,"Aprovado, aguardando atendimento",SIM,,4394700.0,CABW,C,SOB DEMANDA,SIM
2026-08-05,10300,"Aprovado, aguardando atendimento",SIM,,135000.0,CABW,A,REQUISIÇÃO,Não
2026-08-05,10760,"Aprovado, aguardando atendimento",SIM,,400000.0,FMS,A,REQUISIÇÃO,SIM
2026-08-05,10780,"Aprovado, aguardando atendimento",SIM,,430000.0,CABW,A,REQUISIÇÃO,SIM
2026-08-05,10800,"Aprovado, aguardando atendimento",SIM,,425000.0,CABW,A,REQUISIÇÃO,SIM
2026-08-05,11680,"Aprovado, aguardando atendimento",SIM,,563000.0,CABW,A,REQUISIÇÃO,SIM
2026-08-05,11700,Atendido,SIM,ATENDIDO,3799999.6,CELOG,A,SOB DEMANDA,SIM
2026-08-05,11720,"Aprovado, aguardando atendimento",SIM,,430000.0,CABW,A,REQUISIÇÃO,SIM
2026-08-05,11740,"Aprovado, aguardando atendimento",SIM,,60000.0,CABW,A,REQUISIÇÃO,SIM
2026-08-05,11760,"Aprovado, aguardando atendimento",SIM,,200000.0,CABW,A,REQUISIÇÃO,SIM
2026-08-05,11780,"Aprovado, aguardando atendimento",SIM,,320000.0,CABW,A,REQUISIÇÃO,SIM
2026-08-05,11800,Atendido,SIM,ATENDIDO,1187433.02,CABW,A,REQUISIÇÃO,Não
2026-08-05,11820,"Aprovado, aguardando atendimento",SIM,,1000000.0,CABW,A,REQUISIÇÃO,Não
2026-08-05,11840,"Aprovado, aguardando atendimento",SIM,,1000000.0,CABW,A,REQUISIÇÃO,Não
2026-08-05,11860,"Aprovado, aguardando atendimento",SIM,,1000000.0,CABW,A,REQUISIÇÃO,Não
2026-08-05,11880,"Aprovado, aguardando atendimento",SIM,,100000.0,FMS,A,REQUISIÇÃO,Não
2026-08-05,12740,Atendido,SIM,ATENDIDO,1770880.5,CELOG,A,HORA DE VOO,Não
2026-08-05,13180,Atendido,SIM,ATENDIDO,350000.0,CELOG,A,SOB DEMANDA,SIM
2026-08-05,13181,Atendido,SIM,ATENDIDO,350000.0,CELOG,A,SOB DEMANDA,SIM
2026-08-05,13200,"Aprovado, aguardando atendimento",SIM,,1000000.0,CELOG,A,SOB DEMANDA,SIM
2026-08-05,13220,"Aprovado, aguardando atendimento",SIM,,400000.0,FMS,A,REQUISIÇÃO,SIM
2026-08-05,13240,"Aprovado, aguardando atendimento",SIM,,120000.0,CABW,A,REQUISIÇÃO,SIM
2026-08-05,13260,"Aprovado, aguardando atendimento",SIM,,80000.0,CABW,A,REQUISIÇÃO,SIM
2026-08-05,13760,Atendido,SIM,ATENDIDO,1704503.0,CELOG,A,HORA DE VOO,Não
2026-08-05,14160,Atendido,SIM,ATENDIDO,3799000.0,CELOG,A,SOB DEMANDA,SIM
2026-08-05,14161,Atendido,SIM,ATENDIDO,1000.0,CELOG,A,SOB DEMANDA,SIM
2026-08-05,14180,"Aprovado, aguardando atendimento",SIM,,100000.0,FMS,A,REQUISIÇÃO,Não
2026-08-05,15380,Atendido,SIM,ATENDIDO,150000.0,CELOG,A,SOB DEMANDA,Não
2026-08-05,15400,Atendido,SIM,ATENDIDO,150000.0,CELOG,A,SOB DEMANDA,Não
2026-08-05,15420,Atendido,SIM,ATENDIDO,18462.36,CELOG,A,SOB DEMANDA,Não
2026-08-05,15421,Atendido,SIM,ATENDIDO,324166.14,CELOG,A,SOB DEMANDA,Não
2026-08-05,15440,"Aprovado, aguardando atendimento",SIM,,30000.0,CELOG,A,SOB DEMANDA,Não
2026-08-05,15680,Atendido,SIM,ATENDIDO,1496713.48,CELOG,A,HORA DE VOO,Não
2026-08-05,15681,Atendido,SIM,ATENDIDO,207789.52,CELOG,A,HORA DE VOO,Não
2026-08-05,15960,Atendido,SIM,ATENDIDO,962290.8,CELOG,A,SOB DEMANDA,SIM
2026-08-05,15961,Atendido,SIM,ATENDIDO,800000.0,CELOG,A,SOB DEMANDA,SIM
2026-08-05,15962,Atendido,SIM,ATENDIDO,1530656.62,CELOG,A,SOB DEMANDA,SIM
2026-08-05,15963,Atendido,SIM,ATENDIDO,72958.08,CELOG,A,SOB DEMANDA,SIM
2026-08-05,15964,Atendido,SIM,ATENDIDO,8916.0,CELOG,A,SOB DEMANDA,SIM
2026-08-05,15965,Atendido,SIM,ATENDIDO,425178.5,CELOG,A,SOB DEMANDA,SIM
2026-08-05,15980,Não aprovado,NÃO,CANCELADO,,CELOG,C,SOB DEMANDA,SIM
2026-08-05,16000,Atendido,SIM,ATENDIDO,400000.0,CELOG,A,SOB DEMANDA,SIM
2026-08-05,16001,Atendido,SIM,ATENDIDO,400000.0,CELOG,A,SOB DEMANDA,SIM
2026-08-05,16560,Atendido,SIM,ATENDIDO,173846.38,CELOG,A,HORA DE VOO,Não
2026-08-05,16561,Atendido,SIM,ATENDIDO,1530656.62,CELOG,A,HORA DE VOO,Não
2026-08-05,16700,"Aprovado, aguardando atendimento",SIM,,1000000.0,CELOG,A,SOB DEMANDA,SIM
2026-08-05,17200,"Aprovado, aguardando atendimento",SIM,,958040.0,CABW,A,REQUISIÇÃO,Não
2026-08-05,17201,Atendido,SIM,ATENDIDO,41730.64,CABW,A,REQUISIÇÃO,Não
2026-08-05,17760,"Aprovado, aguardando atendimento",SIM,,1468159.32,CELOG,A,HORA DE VOO,Não
2026-08-05,17761,"Aprovado, aguardando atendimento",SIM,,1704503.0,CELOG,A,HORA DE VOO,Não
2026-08-05,17762,"Aprovado, aguardando atendimento",SIM,,1704503.0,CELOG,A,HORA DE VOO,Não
2026-08-05,17763,Atendido,SIM,ATENDIDO,236343.68,CELOG,A,HORA DE VOO,Não
2026-08-05,18140,"Aprovado, aguardando atendimento",SIM,,1295422.28,CELOG,A,HORA DE VOO,Não
2026-08-05,19240,"Aprovado, aguardando atendimento",SIM,,500000.0,CELOG,D,PARCELA FIXA,Não
2026-08-05,19241,Não aprovado,NÃO,BLOQUEIO,5000000.0,CELOG,D,PARCELA FIXA,Não
2026-08-05,19260,Sem informação,SIM,CANCELADO,,CELOG,D,PARCELA FIXA,Não
2026-08-05,19600,Não aprovado,NÃO,CANCELADO,,CELOG,D,PARCELA FIXA,Não
2026-08-05,19620,Não aprovado,NÃO,CANCELADO,,CELOG,D,PARCELA FIXA,Não
2026-08-05,23120,Não aprovado,NÃO,,9389.96,CABW,C,REQUISIÇÃO,Não
2026-08-05,23160,Não aprovado,NÃO,,7204.82,CABW,C,REQUISIÇÃO,Não
2026-08-05,23100,Não aprovado,NÃO,,4227.84,CABW,C,REQUISIÇÃO,Não
2026-08-05,23080,Não aprovado,NÃO,,4064.54,CELOG,C,REQUISIÇÃO,Não
2026-08-05,23180,Não aprovado,NÃO,,3662.66,CABW,C,REQUISIÇÃO,Não
2026-08-05,23140,Não aprovado,NÃO,,1163.64,FMS,C,REQUISIÇÃO,Não
2026-08-05,23640,Não aprovado,NÃO,,120000.0,CABW,C,REQUISIÇÃO,SIM
2026-08-05,23740,"Aprovado, aguardando atendimento",SIM,,400000.0,FMS,A,REQUISIÇÃO,SIM
2026-08-05,24180,"Aprovado, aguardando atendimento",SIM,,100000.0,FMS,A,REQUISIÇÃO,Não
2026-08-05,24380,Não aprovado,NÃO,,80000.0,CABW,C,REQUISIÇÃO,SIM
2026-08-05,24660,Não aprovado,NÃO,,835000.0,CABW,C,REQUISIÇÃO,Não
2026-08-05,24661,Não aprovado,NÃO,,165000.0,CABW,C,REQUISIÇÃO,Não
2026-08-05,24680,Não aprovado,NÃO,,1000000.0,CABW,C,REQUISIÇÃO,Não
2026-08-05,24700,Não aprovado,NÃO,,1000000.0,CABW,C,REQUISIÇÃO,Não
2026-08-05,24720,Não aprovado,NÃO,,100000.0,FMS,C,REQUISIÇÃO,Não
2026-08-05,25180,"Aprovado, aguardando atendimento",SIM,,1000000.0,CELOG,A,SOB DEMANDA,SIM
2026-08-05,25900,Sem informação,SIM,PROCESSADO,1704503.0,CELOG,RAP,HORA DE VOO,Não
2026-08-05,25920,Sem informação,SIM,PROCESSADO,1638125.5,CELOG,RAP,HORA DE VOO,Não
2026-08-05,25940,Sem informação,SIM,PROCESSADO,3800000.0,CELOG,RAP,SOB DEMANDA,SIM
2026-08-05,25960,Sem informação,SIM,PROCESSADO,3800000.0,CELOG,RAP,SOB DEMANDA,SIM
2026-08-05,63120,Não aprovado,NÃO,,3800000.0,CELOG,C,SOB DEMANDA,SIM
2026-08-05,63140,"Aprovado, aguardando atendimento",SIM,,4394700.0,CABW,C,SOB DEMANDA,SIM
2026-08-05,63940,"Aprovado, aguardando atendimento",SIM,,528395.93,CELOG,A,HORA DE VOO,Não
2026-08-05,63960,Não aprovado,NÃO,,1000000.0,CELOG,B,SOB DEMANDA,SIM
2026-08-05,64340,"Aprovado, aguardando atendimento",SIM,,4394700.0,CABW,C,SOB DEMANDA,SIM
2026-08-06,10300,"Aprovado, aguardando atendimento",SIM,,135000.0,CABW,A,REQUISIÇÃO,Não
2026-08-06,10760,"Aprovado, aguardando atendimento",SIM,,400000.0,FMS,A,REQUISIÇÃO,SIM
2026-08-06,10780,"Aprovado, aguardando atendimento",SIM,,430000.0,CABW,A,REQUISIÇÃO,SIM
2026-08-06,10800,"Aprovado, aguardando atendimento",SIM,,425000.0,CABW,A,REQUISIÇÃO,SIM
2026-08-06,11680,"Aprovado, aguardando atendimento",SIM,,563000.0,CABW,A,REQUISIÇÃO,SIM
2026-08-06,11700,Atendido,SIM,ATENDIDO,3799999.6,CELOG,A,SOB DEMANDA,SIM
2026-08-06,11720,"Aprovado, aguardando atendimento",SIM,,430000.0,CABW,A,REQUISIÇÃO,SIM
2026-08-06,11740,"Aprovado, aguardando atendimento",SIM,,60000.0,CABW,A,REQUISIÇÃO,SIM
2026-08-06,11760,"Aprovado, aguardando atendimento",SIM,,200000.0,CABW,A,REQUISIÇÃO,SIM
2026-08-06,11780,"Aprovado, aguardando atendimento",SIM,,320000.0,CABW,A,REQUISIÇÃO,SIM
2026-08-06,11800,Atendido,SIM,ATENDIDO,1187433.02,CABW,A,REQUISIÇÃO,Não
2026-08-06,11820,"Aprovado, aguardando atendimento",SIM,,1000000.0,CABW,A,REQUISIÇÃO,Não
2026-08-06,11840,"Aprovado, aguardando atendimento",SIM,,1000000.0,CABW,A,REQUISIÇÃO,Não
2026-08-06,11860,"Aprovado, aguardando atendimento",SIM,,1000000.0,CABW,A,REQUISIÇÃO,Não
2026-08-06,11880,"Aprovado, aguardando atendimento",SIM,,100000.0,FMS,A,REQUISIÇÃO,Não
2026-08-06,12740,Atendido,SIM,ATENDIDO,1770880.5,CELOG,A,HORA DE VOO,Não
2026-08-06,13180,Atendido,SIM,ATENDIDO,350000.0,CELOG,A,SOB DEMANDA,SIM
2026-08-06,13181,Atendido,SIM,ATENDIDO,350000.0,CELOG,A,SOB DEMANDA,SIM
2026-08-06,13200,"Aprovado, aguardando atendimento",SIM,,1000000.0,CELOG,A,SOB DEMANDA,SIM
2026-08-06,13220,"Aprovado, aguardando atendimento",SIM,,400000.0,FMS,A,REQUISIÇÃO,SIM
2026-08-06,13240,"Aprovado, aguardando atendimento",SIM,,120000.0,CABW,A,REQUISIÇÃO,SIM
2026-08-06,13260,"Aprovado, aguardando atendimento",SIM,,80000.0,CABW,A,REQUISIÇÃO,SIM
2026-08-06,13760,Atendido,SIM,ATENDIDO,1704503.0,CELOG,A,HORA DE VOO,Não
2026-08-06,14160,Atendido,SIM,ATENDIDO,3799000.0,CELOG,A,SOB DEMANDA,SIM
2026-08-06,14161,Atendido,SIM,ATENDIDO,1000.0,CELOG,A,SOB DEMANDA,SIM
2026-08-06,14180,"Aprovado, aguardando atendimento",SIM,,100000.0,FMS,A,REQUISIÇÃO,Não
2026-08-06,15380,Atendido,SIM,ATENDIDO,150000.0,CELOG,A,SOB DEMANDA,Não
2026-08-06,15400,Atendido,SIM,ATENDIDO,150000.0,CELOG,A,SOB DEMANDA,Não
2026-08-06,15420,Atendido,SIM,ATENDIDO,18462.36,CELOG,A,SOB DEMANDA,Não
2026-08-06,15421,Atendido,SIM,ATENDIDO,324166.14,CELOG,A,SOB DEMANDA,Não
2026-08-06,15440,"Aprovado, aguardando atendimento",SIM,,30000.0,CELOG,A,SOB DEMANDA,Não
2026-08-06,15680,Atendido,SIM,ATENDIDO,1496713.48,CELOG,A,HORA DE VOO,Não
2026-08-06,15681,Atendido,SIM,ATENDIDO,207789.52,CELOG,A,HORA DE VOO,Não
2026-08-06,15960,Atendido,SIM,ATENDIDO,962290.8,CELOG,A,SOB DEMANDA,SIM
2026-08-06,15961,Atendido,SIM,ATENDIDO,800000.0,CELOG,A,SOB DEMANDA,SIM
2026-08-06,15962,Atendido,SIM,ATENDIDO,1530656.62,CELOG,A,SOB DEMANDA,SIM
2026-08-06,15963,Atendido,SIM,ATENDIDO,72958.08,CELOG,A,SOB DEMANDA,SIM
2026-08-06,15964,Atendido,SIM,ATENDIDO,8916.0,CELOG,A,SOB DEMANDA,SIM
2026-08-06,15965,Atendido,SIM,ATENDIDO,425178.5,CELOG,A,SOB DEMANDA,SIM
2026-08-06,15980,Não aprovado,NÃO,CANCELADO,,CELOG,C,SOB DEMANDA,SIM
2026-08-06,16000,Atendido,SIM,ATENDIDO,400000.0,CELOG,A,SOB DEMANDA,SIM
2026-08-06,16001,Atendido,SIM,ATENDIDO,400000.0,CELOG,A,SOB DEMANDA,SIM
2026-08-06,16560,Atendido,SIM,ATENDIDO,173846.38,CELOG,A,HORA DE VOO,Não
2026-08-06,16561,Atendido,SIM,ATENDIDO,1530656.62,CELOG,A,HORA DE VOO,Não
2026-08-06,16700,"Aprovado, aguardando atendimento",SIM,,1000000.0,CELOG,A,SOB DEMANDA,SIM
2026-08-06,17200,"Aprovado, aguardando atendimento",SIM,,958040.0,CABW,A,REQUISIÇÃO,Não
2026-08-06,17201,Atendido,SIM,ATENDIDO,41730.64,CABW,A,REQUISIÇÃO,Não
2026-08-06,17760,"Aprovado, aguardando atendimento",SIM,,1468159.32,CELOG,A,HORA DE VOO,Não
2026-08-06,17761,"Aprovado, aguardando atendimento",SIM,,1704503.0,CELOG,A,HORA DE VOO,Não
2026-08-06,17762,"Aprovado, aguardando atendimento",SIM,,1704503.0,CELOG,A,HORA DE VOO,Não
2026-08-06,17763,Atendido,SIM,ATENDIDO,236343.68,CELOG,A,HORA DE VOO,Não
2026-08-06,18140,"Aprovado, aguardando atendimento",SIM,,1295422.28,CELOG,A,HORA DE VOO,Não
2026-08-06,19240,"Aprovado, aguardando atendimento",SIM,,500000.0,CELOG,D,PARCELA FIXA,Não
2026-08-06,19241,Não aprovado,NÃO,BLOQUEIO,5000000.0,CELOG,D,PARCELA FIXA,Não
2026-08-06,19260,Sem informação,SIM,CANCELADO,,CELOG,D,PARCELA FIXA,Não
2026-08-06,19600,Não aprovado,NÃO,CANCELADO,,CELOG,D,PARCELA FIXA,Não
2026-08-06,19620,Não aprovado,NÃO,CANCELADO,,CELOG,D,PARCELA FIXA,Não
2026-08-06,23120,Não aprovado,NÃO,,9389.96,CABW,C,REQUISIÇÃO,Não
2026-08-06,23160,Não aprovado,NÃO,,7204.82,CABW,C,REQUISIÇÃO,Não
2026-08-06,23100,Não aprovado,NÃO,,4227.84,CABW,C,REQUISIÇÃO,Não
2026-08-06,23080,Não aprovado,NÃO,,4064.54,CELOG,C,REQUISIÇÃO,Não
2026-08-06,23180,Não aprovado,NÃO,,3662.66,CABW,C,REQUISIÇÃO,Não
2026-08-06,23140,Não aprovado,NÃO,,1163.64,FMS,C,REQUISIÇÃO,Não
2026-08-06,23640,Não aprovado,NÃO,,120000.0,CABW,C,REQUISIÇÃO,SIM
2026-08-06,23740,"Aprovado, aguardando atendimento",SIM,,400000.0,FMS,A,REQUISIÇÃO,SIM
2026-08-06,24180,"Aprovado, aguardando atendimento",SIM,,100000.0,FMS,A,REQUISIÇÃO,Não
2026-08-06,24380,Não aprovado,NÃO,,80000.0,CABW,C,REQUISIÇÃO,SIM
2026-08-06,24660,Não aprovado,NÃO,,835000.0,CABW,C,REQUISIÇÃO,Não
2026-08-06,24661,Não aprovado,NÃO,,165000.0,CABW,C,REQUISIÇÃO,Não
2026-08-06,24680,Não aprovado,NÃO,,1000000.0,CABW,C,REQUISIÇÃO,Não
2026-08-06,24700,Não aprovado,NÃO,,1000000.0,CABW,C,REQUISIÇÃO,Não
2026-08-06,24720,Não aprovado,NÃO,,100000.0,FMS,C,REQUISIÇÃO,Não
2026-08-06,25180,"Aprovado, aguardando atendimento",SIM,,1000000.0,CELOG,A,SOB DEMANDA,SIM
2026-08-06,25900,Sem informação,SIM,PROCESSADO,1704503.0,CELOG,RAP,HORA DE VOO,Não
2026-08-06,25920,Sem informação,SIM,PROCESSADO,1638125.5,CELOG,RAP,HORA DE VOO,Não
2026-08-06,25940,Sem informação,SIM,PROCESSADO,3800000.0,CELOG,RAP,SOB DEMANDA,SIM
2026-08-06,25960,Sem informação,SIM,PROCESSADO,3800000.0,CELOG,RAP,SOB DEMANDA,SIM
2026-08-06,63120,Não aprovado,NÃO,,3800000.0,CELOG,C,SOB DEMANDA,SIM
2026-08-06,63140,"Aprovado, aguardando atendimento",SIM,,4394700.0,CABW,C,SOB DEMANDA,SIM
2026-08-06,63940,"Aprovado, aguardando atendimento",SIM,,528395.93,CELOG,A,HORA DE VOO,Não
2026-08-06,63960,Não aprovado,NÃO,,1000000.0,CELOG,B,SOB DEMANDA,SIM
2026-08-06,64340,"Aprovado, aguardando atendimento",SIM,,4394700.0,CABW,C,SOB DEMANDA,SIM
2026-08-07,10300,"Aprovado, aguardando atendimento",SIM,,135000.0,CABW,A,REQUISIÇÃO,Não
2026-08-07,10760,"Aprovado, aguardando atendimento",SIM,,400000.0,FMS,A,REQUISIÇÃO,SIM
2026-08-07,10780,"Aprovado, aguardando atendimento",SIM,,430000.0,CABW,A,REQUISIÇÃO,SIM
2026-08-07,10800,"Aprovado, aguardando atendimento",SIM,,425000.0,CABW,A,REQUISIÇÃO,SIM
2026-08-07,11680,"Aprovado, aguardando atendimento",SIM,,563000.0,CABW,A,REQUISIÇÃO,SIM
2026-08-07,11700,Atendido,SIM,ATENDIDO,3799999.6,CELOG,A,SOB DEMANDA,SIM
2026-08-07,11720,"Aprovado, aguardando atendimento",SIM,,430000.0,CABW,A,REQUISIÇÃO,SIM
2026-08-07,11740,"Aprovado, aguardando atendimento",SIM,,60000.0,CABW,A,REQUISIÇÃO,SIM
2026-08-07,11760,"Aprovado, aguardando atendimento",SIM,,200000.0,CABW,A,REQUISIÇÃO,SIM
2026-08-07,11780,"Aprovado, aguardando atendimento",SIM,,320000.0,CABW,A,REQUISIÇÃO,SIM
2026-08-07,11800,Atendido,SIM,ATENDIDO,1187433.02,CABW,A,REQUISIÇÃO,Não
2026-08-07,11820,"Aprovado, aguardando atendimento",SIM,,1000000.0,CABW,A,REQUISIÇÃO,Não
2026-08-07,11840,"Aprovado, aguardando atendimento",SIM,,1000000.0,CABW,A,REQUISIÇÃO,Não
2026-08-07,11860,"Aprovado, aguardando atendimento",SIM,,1000000.0,CABW,A,REQUISIÇÃO,Não
2026-08-07,11880,"Aprovado, aguardando atendimento",SIM,,100000.0,FMS,A,REQUISIÇÃO,Não
2026-08-07,12740,Atendido,SIM,ATENDIDO,1770880.5,CELOG,A,HORA DE VOO,Não
2026-08-07,13180,Atendido,SIM,ATENDIDO,350000.0,CELOG,A,SOB DEMANDA,SIM
2026-08-07,13181,Atendido,SIM,ATENDIDO,350000.0,CELOG,A,SOB DEMANDA,SIM
2026-08-07,13200,"Aprovado, aguardando atendimento",SIM,,1000000.0,CELOG,A,SOB DEMANDA,SIM
2026-08-07,13220,"Aprovado, aguardando atendimento",SIM,,400000.0,FMS,A,REQUISIÇÃO,SIM
2026-08-07,13240,"Aprovado, aguardando atendimento",SIM,,120000.0,CABW,A,REQUISIÇÃO,SIM
2026-08-07,13260,"Aprovado, aguardando atendimento",SIM,,80000.0,CABW,A,REQUISIÇÃO,SIM
2026-08-07,13760,Atendido,SIM,ATENDIDO,1704503.0,CELOG,A,HORA DE VOO,Não
2026-08-07,14160,Atendido,SIM,ATENDIDO,3799000.0,CELOG,A,SOB DEMANDA,SIM
2026-08-07,14161,Atendido,SIM,ATENDIDO,1000.0,CELOG,A,SOB DEMANDA,SIM
2026-08-07,14180,"Aprovado, aguardando atendimento",SIM,,100000.0,FMS,A,REQUISIÇÃO,Não
2026-08-07,15380,Atendido,SIM,ATENDIDO,150000.0,CELOG,A,SOB DEMANDA,Não
2026-08-07,15400,Atendido,SIM,ATENDIDO,150000.0,CELOG,A,SOB DEMANDA,Não
2026-08-07,15420,Atendido,SIM,ATENDIDO,18462.36,CELOG,A,SOB DEMANDA,Não
2026-08-07,15421,Atendido,SIM,ATENDIDO,324166.14,CELOG,A,SOB DEMANDA,Não
2026-08-07,15440,"Aprovado, aguardando atendimento",SIM,,30000.0,CELOG,A,SOB DEMANDA,Não
2026-08-07,15680,Atendido,SIM,ATENDIDO,1496713.48,CELOG,A,HORA DE VOO,Não
2026-08-07,15681,Atendido,SIM,ATENDIDO,207789.52,CELOG,A,HORA DE VOO,Não
2026-08-07,15960,Atendido,SIM,ATENDIDO,962290.8,CELOG,A,SOB DEMANDA,SIM
2026-08-07,15961,Atendido,SIM,ATENDIDO,800000.0,CELOG,A,SOB DEMANDA,SIM
2026-08-07,15962,Atendido,SIM,ATENDIDO,1530656.62,CELOG,A,SOB DEMANDA,SIM
2026-08-07,15963,Atendido,SIM,ATENDIDO,72958.08,CELOG,A,SOB DEMANDA,SIM
2026-08-07,15964,Atendido,SIM,ATENDIDO,8916.0,CELOG,A,SOB DEMANDA,SIM
2026-08-07,15965,Atendido,SIM,ATENDIDO,425178.5,CELOG,A,SOB DEMANDA,SIM
2026-08-07,15980,Não aprovado,NÃO,CANCELADO,,CELOG,C,SOB DEMANDA,SIM
2026-08-07,16000,Atendido,SIM,ATENDIDO,400000.0,CELOG,A,SOB DEMANDA,SIM
2026-08-07,16001,Atendido,SIM,ATENDIDO,400000.0,CELOG,A,SOB DEMANDA,SIM
2026-08-07,16560,Atendido,SIM,ATENDIDO,173846.38,CELOG,A,HORA DE VOO,Não
2026-08-07,16561,Atendido,SIM,ATENDIDO,1530656.62,CELOG,A,HORA DE VOO,Não
2026-08-07,16700,"Aprovado, aguardando atendimento",SIM,,1000000.0,CELOG,A,SOB DEMANDA,SIM
2026-08-07,17200,"Aprovado, aguardando atendimento",SIM,,958040.0,CABW,A,REQUISIÇÃO,Não
2026-08-07,17201,Atendido,SIM,ATENDIDO,41730.64,CABW,A,REQUISIÇÃO,Não
2026-08-07,17760,"Aprovado, aguardando atendimento",SIM,,1468159.32,CELOG,A,HORA DE VOO,Não
2026-08-07,17761,"Aprovado, aguardando atendimento",SIM,,1704503.0,CELOG,A,HORA DE VOO,Não
2026-08-07,17762,"Aprovado, aguardando atendimento",SIM,,1704503.0,CELOG,A,HORA DE VOO,Não
2026-08-07,17763,Atendido,SIM,ATENDIDO,236343.68,CELOG,A,HORA DE VOO,Não
2026-08-07,18140,"Aprovado, aguardando atendimento",SIM,,1295422.28,CELOG,A,HORA DE VOO,Não
2026-08-07,19240,"Aprovado, aguardando atendimento",SIM,,500000.0,CELOG,D,PARCELA FIXA,Não
2026-08-07,19241,Não aprovado,NÃO,BLOQUEIO,5000000.0,CELOG,D,PARCELA FIXA,Não
2026-08-07,19260,Sem informação,SIM,CANCELADO,,CELOG,D,PARCELA FIXA,Não
2026-08-07,19600,Não aprovado,NÃO,CANCELADO,,CELOG,D,PARCELA FIXA,Não
2026-08-07,19620,Não aprovado,NÃO,CANCELADO,,CELOG,D,PARCELA FIXA,Não
2026-08-07,23120,Não aprovado,NÃO,,9389.96,CABW,C,REQUISIÇÃO,Não
2026-08-07,23160,Não aprovado,NÃO,,7204.82,CABW,C,REQUISIÇÃO,Não
2026-08-07,23100,Não aprovado,NÃO,,4227.84,CABW,C,REQUISIÇÃO,Não
2026-08-07,23080,Não aprovado,NÃO,,4064.54,CELOG,C,REQUISIÇÃO,Não
2026-08-07,23180,Não aprovado,NÃO,,3662.66,CABW,C,REQUISIÇÃO,Não
2026-08-07,23140,Não aprovado,NÃO,,1163.64,FMS,C,REQUISIÇÃO,Não
2026-08-07,23640,Não aprovado,NÃO,,120000.0,CABW,C,REQUISIÇÃO,SIM
2026-08-07,23740,"Aprovado, aguardando atendimento",SIM,,400000.0,FMS,A,REQUISIÇÃO,SIM
2026-08-07,24180,"Aprovado, aguardando atendimento",SIM,,100000.0,FMS,A,REQUISIÇÃO,Não
2026-08-07,24380,Não aprovado,NÃO,,80000.0,CABW,C,REQUISIÇÃO,SIM
2026-08-07,24660,Não aprovado,NÃO,,835000.0,CABW,C,REQUISIÇÃO,Não
2026-08-07,24661,Não aprovado,NÃO,,165000.0,CABW,C,REQUISIÇÃO,Não
2026-08-07,24680,Não aprovado,NÃO,,1000000.0,CABW,C,REQUISIÇÃO,Não
2026-08-07,24700,Não aprovado,NÃO,,1000000.0,CABW,C,REQUISIÇÃO,Não
2026-08-07,24720,Não aprovado,NÃO,,100000.0,FMS,C,REQUISIÇÃO,Não
2026-08-07,25180,"Aprovado, aguardando atendimento",SIM,,1000000.0,CELOG,A,SOB DEMANDA,SIM
2026-08-07,25900,Sem informação,SIM,PROCESSADO,1704503.0,CELOG,RAP,HORA DE VOO,Não
2026-08-07,25920,Sem informação,SIM,PROCESSADO,1638125.5,CELOG,RAP,HORA DE VOO,Não
2026-08-07,25940,Sem informação,SIM,PROCESSADO,3800000.0,CELOG,RAP,SOB DEMANDA,SIM
2026-08-07,25960,Sem informação,SIM,PROCESSADO,3800000.0,CELOG,RAP,SOB DEMANDA,SIM
2026-08-07,63120,Não aprovado,NÃO,,3800000.0,CELOG,C,SOB DEMANDA,SIM
2026-08-07,63140,"Aprovado, aguardando atendimento",SIM,,4394700.0,CABW,C,SOB DEMANDA,SIM
2026-08-07,63940,"Aprovado, aguardando atendimento",SIM,,528395.93,CELOG,A,HORA DE VOO,Não
2026-08-07,63960,Não aprovado,NÃO,,1000000.0,CELOG,B,SOB DEMANDA,SIM
2026-08-07,64340,"Aprovado, aguardando atendimento",SIM,,4394700.0,CABW,C,SOB DEMANDA,SIM
2026-08-10,10300,"Aprovado, aguardando atendimento",SIM,,135000.0,CABW,A,REQUISIÇÃO,Não
2026-08-10,10760,"Aprovado, aguardando atendimento",SIM,,400000.0,FMS,A,REQUISIÇÃO,SIM
2026-08-10,10780,"Aprovado, aguardando atendimento",SIM,,430000.0,CABW,A,REQUISIÇÃO,SIM
2026-08-10,10800,"Aprovado, aguardando atendimento",SIM,,425000.0,CABW,A,REQUISIÇÃO,SIM
2026-08-10,11680,"Aprovado, aguardando atendimento",SIM,,563000.0,CABW,A,REQUISIÇÃO,SIM
2026-08-10,11700,Atendido,SIM,ATENDIDO,3799999.6,CELOG,A,SOB DEMANDA,SIM
2026-08-10,11720,"Aprovado, aguardando atendimento",SIM,,430000.0,CABW,A,REQUISIÇÃO,SIM
2026-08-10,11740,"Aprovado, aguardando atendimento",SIM,,60000.0,CABW,A,REQUISIÇÃO,SIM
2026-08-10,11760,"Aprovado, aguardando atendimento",SIM,,200000.0,CABW,A,REQUISIÇÃO,SIM
2026-08-10,11780,"Aprovado, aguardando atendimento",SIM,,320000.0,CABW,A,REQUISIÇÃO,SIM
2026-08-10,11800,Atendido,SIM,ATENDIDO,1187433.02,CABW,A,REQUISIÇÃO,Não
2026-08-10,11820,"Aprovado, aguardando atendimento",SIM,,1000000.0,CABW,A,REQUISIÇÃO,Não
2026-08-10,11840,"Aprovado, aguardando atendimento",SIM,,1000000.0,CABW,A,REQUISIÇÃO,Não
2026-08-10,11860,"Aprovado, aguardando atendimento",SIM,,1000000.0,CABW,A,REQUISIÇÃO,Não
2026-08-10,11880,"Aprovado, aguardando atendimento",SIM,,100000.0,FMS,A,REQUISIÇÃO,Não
2026-08-10,12740,Atendido,SIM,ATENDIDO,1770880.5,CELOG,A,HORA DE VOO,Não
2026-08-10,13180,Atendido,SIM,ATENDIDO,350000.0,CELOG,A,SOB DEMANDA,SIM
2026-08-10,13181,Atendido,SIM,ATENDIDO,350000.0,CELOG,A,SOB DEMANDA,SIM
2026-08-10,13200,"Aprovado, aguardando atendimento",SIM,,1000000.0,CELOG,A,SOB DEMANDA,SIM
2026-08-10,13220,"Aprovado, aguardando atendimento",SIM,,400000.0,FMS,A,REQUISIÇÃO,SIM
2026-08-10,13240,"Aprovado, aguardando atendimento",SIM,,120000.0,CABW,A,REQUISIÇÃO,SIM
2026-08-10,13260,"Aprovado, aguardando atendimento",SIM,,80000.0,CABW,A,REQUISIÇÃO,SIM
2026-08-10,13760,Atendido,SIM,ATENDIDO,1704503.0,CELOG,A,HORA DE VOO,Não
2026-08-10,14160,Atendido,SIM,ATENDIDO,3799000.0,CELOG,A,SOB DEMANDA,SIM
2026-08-10,14161,Atendido,SIM,ATENDIDO,1000.0,CELOG,A,SOB DEMANDA,SIM
2026-08-10,14180,"Aprovado, aguardando atendimento",SIM,,100000.0,FMS,A,REQUISIÇÃO,Não
2026-08-10,15380,Atendido,SIM,ATENDIDO,150000.0,CELOG,A,SOB DEMANDA,Não
2026-08-10,15400,Atendido,SIM,ATENDIDO,150000.0,CELOG,A,SOB DEMANDA,Não
2026-08-10,15420,Atendido,SIM,ATENDIDO,18462.36,CELOG,A,SOB DEMANDA,Não
2026-08-10,15421,Atendido,SIM,ATENDIDO,324166.14,CELOG,A,SOB DEMANDA,Não
2026-08-10,15440,"Aprovado, aguardando atendimento",SIM,,30000.0,CELOG,A,SOB DEMANDA,Não
2026-08-10,15680,Atendido,SIM,ATENDIDO,1496713.48,CELOG,A,HORA DE VOO,Não
2026-08-10,15681,Atendido,SIM,ATENDIDO,207789.52,CELOG,A,HORA DE VOO,Não
2026-08-10,15960,Atendido,SIM,ATENDIDO,962290.8,CELOG,A,SOB DEMANDA,SIM
2026-08-10,15961,Atendido,SIM,ATENDIDO,800000.0,CELOG,A,SOB DEMANDA,SIM
2026-08-10,15962,Atendido,SIM,ATENDIDO,1530656.62,CELOG,A,SOB DEMANDA,SIM
2026-08-10,15963,Atendido,SIM,ATENDIDO,72958.08,CELOG,A,SOB DEMANDA,SIM
2026-08-10,15964,Atendido,SIM,ATENDIDO,8916.0,CELOG,A,SOB DEMANDA,SIM
2026-08-10,15965,Atendido,SIM,ATENDIDO,425178.5,CELOG,A,SOB DEMANDA,SIM
2026-08-10,15980,Não aprovado,NÃO,CANCELADO,,CELOG,C,SOB DEMANDA,SIM
2026-08-10,16000,Atendido,SIM,ATENDIDO,400000.0,CELOG,A,SOB DEMANDA,SIM
2026-08-10,16001,Atendido,SIM,ATENDIDO,400000.0,CELOG,A,SOB DEMANDA,SIM
2026-08-10,16560,Atendido,SIM,ATENDIDO,173846.38,CELOG,A,HORA DE VOO,Não
2026-08-10,16561,Atendido,SIM,ATENDIDO,1530656.62,CELOG,A,HORA DE VOO,Não
2026-08-10,16700,"Aprovado, aguardando atendimento",SIM,,1000000.0,CELOG,A,SOB DEMANDA,SIM
2026-08-10,17200,"Aprovado, aguardando atendimento",SIM,,958040.0,CABW,A,REQUISIÇÃO,Não
2026-08-10,17201,Atendido,SIM,ATENDIDO,41730.64,CABW,A,REQUISIÇÃO,Não
2026-08-10,17760,"Aprovado, aguardando atendimento",SIM,,1468159.32,CELOG,A,HORA DE VOO,Não
2026-08-10,17761,"Aprovado, aguardando atendimento",SIM,,1704503.0,CELOG,A,HORA DE VOO,Não
2026-08-10,17762,"Aprovado, aguardando atendimento",SIM,,1704503.0,CELOG,A,HORA DE VOO,Não
2026-08-10,17763,Atendido,SIM,ATENDIDO,236343.68,CELOG,A,HORA DE VOO,Não
2026-08-10,18140,"Aprovado, aguardando atendimento",SIM,,1295422.28,CELOG,A,HORA DE VOO,Não
2026-08-10,19240,"Aprovado, aguardando atendimento",SIM,,500000.0,CELOG,D,PARCELA FIXA,Não
2026-08-10,19241,Não aprovado,NÃO,BLOQUEIO,5000000.0,CELOG,D,PARCELA FIXA,Não
2026-08-10,19260,Não aprovado,NÃO,CANCELADO,,CELOG,D,PARCELA FIXA,Não
2026-08-10,19600,Não aprovado,NÃO,CANCELADO,,CELOG,D,PARCELA FIXA,Não
2026-08-10,19620,Não aprovado,NÃO,CANCELADO,,CELOG,D,PARCELA FIXA,Não
2026-08-10,23120,Não aprovado,NÃO,,9389.96,CABW,C,REQUISIÇÃO,Não
2026-08-10,23160,Não aprovado,NÃO,,7204.82,CABW,C,REQUISIÇÃO,Não
2026-08-10,23100,Não aprovado,NÃO,,4227.84,CABW,C,REQUISIÇÃO,Não
2026-08-10,23080,Não aprovado,NÃO,,4064.54,CELOG,C,REQUISIÇÃO,Não
2026-08-10,23180,Não aprovado,NÃO,,3662.66,CABW,C,REQUISIÇÃO,Não
2026-08-10,23140,Não aprovado,NÃO,,1163.64,FMS,C,REQUISIÇÃO,Não
2026-08-10,23640,Não aprovado,NÃO,,120000.0,CABW,C,REQUISIÇÃO,SIM
2026-08-10,23740,"Aprovado, aguardando atendimento",SIM,,400000.0,FMS,A,REQUISIÇÃO,SIM
2026-08-10,24180,"Aprovado, aguardando atendimento",SIM,,100000.0,FMS,A,REQUISIÇÃO,Não
2026-08-10,24380,Não aprovado,NÃO,,80000.0,CABW,C,REQUISIÇÃO,SIM
2026-08-10,24660,Não aprovado,NÃO,,835000.0,CABW,C,REQUISIÇÃO,Não
2026-08-10,24661,Não aprovado,NÃO,,165000.0,CABW,C,REQUISIÇÃO,Não
2026-08-10,24680,Não aprovado,NÃO,,1000000.0,CABW,C,REQUISIÇÃO,Não
2026-08-10,24700,Não aprovado,NÃO,,1000000.0,CABW,C,REQUISIÇÃO,Não
2026-08-10,24720,Não aprovado,NÃO,,100000.0,FMS,C,REQUISIÇÃO,Não
2026-08-10,25180,"Aprovado, aguardando atendimento",SIM,,1000000.0,CELOG,A,SOB DEMANDA,SIM
2026-08-10,25900,Sem informação,SIM,PROCESSADO,1704503.0,CELOG,RAP,HORA DE VOO,Não
2026-08-10,25920,Sem informação,SIM,PROCESSADO,1638125.5,CELOG,RAP,HORA DE VOO,Não
2026-08-10,25940,Sem informação,SIM,PROCESSADO,3800000.0,CELOG,RAP,SOB DEMANDA,SIM
2026-08-10,25960,Sem informação,SIM,PROCESSADO,3800000.0,CELOG,RAP,SOB DEMANDA,SIM
2026-08-10,63120,Não aprovado,NÃO,,3800000.0,CELOG,C,SOB DEMANDA,SIM
2026-08-10,63140,"Aprovado, aguardando atendimento",SIM,,4394700.0,CABW,C,SOB DEMANDA,SIM
2026-08-10,63940,"Aprovado, aguardando atendimento",SIM,,528395.93,CELOG,A,HORA DE VOO,Não
2026-08-10,63960,Não aprovado,NÃO,,1000000.0,CELOG,B,SOB DEMANDA,SIM
2026-08-10,64340,"Aprovado, aguardando atendimento",SIM,,4394700.0,CABW,C,SOB DEMANDA,SIM
2026-08-10,64760,Sem informação,SIM,PROCESSADO,3306000.0,CABW,RAP,SOB DEMANDA,SIM
2026-08-10,64780,Sem informação,SIM,PROCESSADO,3306000.0,CABW,RAP,SOB DEMANDA,SIM
2026-08-10,64800,"Aprovado, aguardando atendimento",SIM,,212577.0,CELOG,A,PARCELA FIXA,NÃO
2026-08-11,10300,"Aprovado, aguardando atendimento",SIM,,135000.0,CABW,A,REQUISIÇÃO,Não
2026-08-11,10760,"Aprovado, aguardando atendimento",SIM,,400000.0,FMS,A,REQUISIÇÃO,SIM
2026-08-11,10780,"Aprovado, aguardando atendimento",SIM,,430000.0,CABW,A,REQUISIÇÃO,SIM
2026-08-11,10800,"Aprovado, aguardando atendimento",SIM,,425000.0,CABW,A,REQUISIÇÃO,SIM
2026-08-11,11680,"Aprovado, aguardando atendimento",SIM,,563000.0,CABW,A,REQUISIÇÃO,SIM
2026-08-11,11700,Atendido,SIM,ATENDIDO,3799999.6,CELOG,A,SOB DEMANDA,SIM
2026-08-11,11720,"Aprovado, aguardando atendimento",SIM,,430000.0,CABW,A,REQUISIÇÃO,SIM
2026-08-11,11740,"Aprovado, aguardando atendimento",SIM,,60000.0,CABW,A,REQUISIÇÃO,SIM
2026-08-11,11760,"Aprovado, aguardando atendimento",SIM,,200000.0,CABW,A,REQUISIÇÃO,SIM
2026-08-11,11780,"Aprovado, aguardando atendimento",SIM,,320000.0,CABW,A,REQUISIÇÃO,SIM
2026-08-11,11800,Atendido,SIM,ATENDIDO,1187433.02,CABW,A,REQUISIÇÃO,Não
2026-08-11,11820,"Aprovado, aguardando atendimento",SIM,,1000000.0,CABW,A,REQUISIÇÃO,Não
2026-08-11,11840,"Aprovado, aguardando atendimento",SIM,,1000000.0,CABW,A,REQUISIÇÃO,Não
2026-08-11,11860,"Aprovado, aguardando atendimento",SIM,,1000000.0,CABW,A,REQUISIÇÃO,Não
2026-08-11,11880,"Aprovado, aguardando atendimento",SIM,,100000.0,FMS,A,REQUISIÇÃO,Não
2026-08-11,12740,Atendido,SIM,ATENDIDO,1770880.5,CELOG,A,HORA DE VOO,Não
2026-08-11,13180,Atendido,SIM,ATENDIDO,350000.0,CELOG,A,SOB DEMANDA,SIM
2026-08-11,13181,Atendido,SIM,ATENDIDO,350000.0,CELOG,A,SOB DEMANDA,SIM
2026-08-11,13200,"Aprovado, aguardando atendimento",SIM,,1000000.0,CELOG,A,SOB DEMANDA,SIM
2026-08-11,13220,"Aprovado, aguardando atendimento",SIM,,400000.0,FMS,A,REQUISIÇÃO,SIM
2026-08-11,13240,"Aprovado, aguardando atendimento",SIM,,120000.0,CABW,A,REQUISIÇÃO,SIM
2026-08-11,13260,"Aprovado, aguardando atendimento",SIM,,80000.0,CABW,A,REQUISIÇÃO,SIM
2026-08-11,13760,Atendido,SIM,ATENDIDO,1704503.0,CELOG,A,HORA DE VOO,Não
2026-08-11,14160,Atendido,SIM,ATENDIDO,3799000.0,CELOG,A,SOB DEMANDA,SIM
2026-08-11,14161,Atendido,SIM,ATENDIDO,1000.0,CELOG,A,SOB DEMANDA,SIM
2026-08-11,14180,"Aprovado, aguardando atendimento",SIM,,100000.0,FMS,A,REQUISIÇÃO,Não
2026-08-11,15380,Atendido,SIM,ATENDIDO,150000.0,CELOG,A,SOB DEMANDA,Não
2026-08-11,15400,Atendido,SIM,ATENDIDO,150000.0,CELOG,A,SOB DEMANDA,Não
2026-08-11,15420,Atendido,SIM,ATENDIDO,18462.36,CELOG,A,SOB DEMANDA,Não
2026-08-11,15421,Atendido,SIM,ATENDIDO,324166.14,CELOG,A,SOB DEMANDA,Não
2026-08-11,15440,"Aprovado, aguardando atendimento",SIM,,30000.0,CELOG,A,SOB DEMANDA,Não
2026-08-11,15680,Atendido,SIM,ATENDIDO,1496713.48,CELOG,A,HORA DE VOO,Não
2026-08-11,15681,Atendido,SIM,ATENDIDO,207789.52,CELOG,A,HORA DE VOO,Não
2026-08-11,15960,Atendido,SIM,ATENDIDO,962290.8,CELOG,A,SOB DEMANDA,SIM
2026-08-11,15961,Atendido,SIM,ATENDIDO,798776.97,CELOG,A,SOB DEMANDA,SIM
2026-08-11,15962,Atendido,SIM,ATENDIDO,1223.03,CELOG,A,SOB DEMANDA,SIM
2026-08-11,15963,Atendido,SIM,ATENDIDO,72958.08,CELOG,A,SOB DEMANDA,SIM
2026-08-11,15964,Atendido,SIM,ATENDIDO,8916.0,CELOG,A,SOB DEMANDA,SIM
2026-08-11,15965,Atendido,SIM,ATENDIDO,425178.5,CELOG,A,SOB DEMANDA,SIM
2026-08-11,15980,Não aprovado,NÃO,CANCELADO,,CELOG,C,SOB DEMANDA,SIM
2026-08-11,16000,Atendido,SIM,ATENDIDO,400000.0,CELOG,A,SOB DEMANDA,SIM
2026-08-11,16001,Atendido,SIM,ATENDIDO,400000.0,CELOG,A,SOB DEMANDA,SIM
2026-08-11,16560,Atendido,SIM,ATENDIDO,173846.38,CELOG,A,HORA DE VOO,Não
2026-08-11,16561,Atendido,SIM,ATENDIDO,1530656.62,CELOG,A,HORA DE VOO,Não
2026-08-11,16700,"Aprovado, aguardando atendimento",SIM,,1000000.0,CELOG,A,SOB DEMANDA,SIM
2026-08-11,17200,"Aprovado, aguardando atendimento",SIM,,958040.0,CABW,A,REQUISIÇÃO,Não
2026-08-11,17201,Atendido,SIM,ATENDIDO,41730.64,CABW,A,REQUISIÇÃO,Não
2026-08-11,17760,"Aprovado, aguardando atendimento",SIM,,1468159.32,CELOG,A,HORA DE VOO,Não
2026-08-11,17761,"Aprovado, aguardando atendimento",SIM,,1704503.0,CELOG,A,HORA DE VOO,Não
2026-08-11,17762,"Aprovado, aguardando atendimento",SIM,,1704503.0,CELOG,A,HORA DE VOO,Não
2026-08-11,17763,Atendido,SIM,ATENDIDO,236343.68,CELOG,A,HORA DE VOO,Não
2026-08-11,18140,"Aprovado, aguardando atendimento",SIM,,1295422.28,CELOG,A,HORA DE VOO,Não
2026-08-11,19240,"Aprovado, aguardando atendimento",SIM,,500000.0,CELOG,D,PARCELA FIXA,Não
2026-08-11,19241,Não aprovado,NÃO,BLOQUEIO,5000000.0,CELOG,D,PARCELA FIXA,Não
2026-08-11,19260,Não aprovado,NÃO,CANCELADO,,CELOG,D,PARCELA FIXA,Não
2026-08-11,19600,Não aprovado,NÃO,CANCELADO,,CELOG,D,PARCELA FIXA,Não
2026-08-11,19620,Não aprovado,NÃO,CANCELADO,,CELOG,D,PARCELA FIXA,Não
2026-08-11,23120,Não aprovado,NÃO,,9389.96,CABW,C,REQUISIÇÃO,Não
2026-08-11,23160,Não aprovado,NÃO,,7204.82,CABW,C,REQUISIÇÃO,Não
2026-08-11,23100,Não aprovado,NÃO,,4227.84,CABW,C,REQUISIÇÃO,Não
2026-08-11,23080,Não aprovado,NÃO,,4064.54,CELOG,C,REQUISIÇÃO,Não
2026-08-11,23180,Não aprovado,NÃO,,3662.66,CABW,C,REQUISIÇÃO,Não
2026-08-11,23140,Não aprovado,NÃO,,1163.64,FMS,C,REQUISIÇÃO,Não
2026-08-11,23640,Não aprovado,NÃO,,120000.0,CABW,C,REQUISIÇÃO,SIM
2026-08-11,23740,"Aprovado, aguardando atendimento",SIM,,400000.0,FMS,A,REQUISIÇÃO,SIM
2026-08-11,24180,"Aprovado, aguardando atendimento",SIM,,100000.0,FMS,A,REQUISIÇÃO,Não
2026-08-11,24380,Não aprovado,NÃO,,80000.0,CABW,C,REQUISIÇÃO,SIM
2026-08-11,24660,Não aprovado,NÃO,,835000.0,CABW,C,REQUISIÇÃO,Não
2026-08-11,24661,Não aprovado,NÃO,,165000.0,CABW,C,REQUISIÇÃO,Não
2026-08-11,24680,Não aprovado,NÃO,,1000000.0,CABW,C,REQUISIÇÃO,Não
2026-08-11,24700,Não aprovado,NÃO,,1000000.0,CABW,C,REQUISIÇÃO,Não
2026-08-11,24720,Não aprovado,NÃO,,100000.0,FMS,C,REQUISIÇÃO,Não
2026-08-11,25180,"Aprovado, aguardando atendimento",SIM,,1000000.0,CELOG,A,SOB DEMANDA,SIM
2026-08-11,25900,Sem informação,SIM,PROCESSADO,1704503.0,CELOG,RAP,HORA DE VOO,Não
2026-08-11,25920,Sem informação,SIM,PROCESSADO,1638125.5,CELOG,RAP,HORA DE VOO,Não
2026-08-11,25940,Sem informação,SIM,PROCESSADO,3800000.0,CELOG,RAP,SOB DEMANDA,SIM
2026-08-11,25960,Sem informação,SIM,PROCESSADO,3800000.0,CELOG,RAP,SOB DEMANDA,SIM
2026-08-11,63120,Não aprovado,NÃO,,3800000.0,CELOG,C,SOB DEMANDA,SIM
2026-08-11,63140,"Aprovado, aguardando atendimento",SIM,,4394700.0,CABW,C,SOB DEMANDA,SIM
2026-08-11,63940,"Aprovado, aguardando atendimento",SIM,,528395.93,CELOG,A,HORA DE VOO,Não
2026-08-11,63960,Não aprovado,NÃO,,1000000.0,CELOG,B,SOB DEMANDA,SIM
2026-08-11,64340,"Aprovado, aguardando atendimento",SIM,,4394700.0,CABW,C,SOB DEMANDA,SIM
2026-08-11,64760,Sem informação,SIM,PROCESSADO,3306000.0,CABW,RAP,SOB DEMANDA,SIM
2026-08-11,64780,Sem informação,SIM,PROCESSADO,3306000.0,CABW,RAP,SOB DEMANDA,SIM
2026-08-11,64800,"Aprovado, aguardando atendimento",SIM,,212577.0,CELOG,A,PARCELA FIXA,NÃO
2026-08-12,10300,"Aprovado, aguardando atendimento",SIM,,135000.0,CABW,A,REQUISIÇÃO,Não
2026-08-12,10760,"Aprovado, aguardando atendimento",SIM,,400000.0,FMS,A,REQUISIÇÃO,SIM
2026-08-12,10780,"Aprovado, aguardando atendimento",SIM,,430000.0,CABW,A,REQUISIÇÃO,SIM
2026-08-12,10800,"Aprovado, aguardando atendimento",SIM,,425000.0,CABW,A,REQUISIÇÃO,SIM
2026-08-12,11680,"Aprovado, aguardando atendimento",SIM,,563000.0,CABW,A,REQUISIÇÃO,SIM
2026-08-12,11700,Atendido,SIM,ATENDIDO,3799999.6,CELOG,A,SOB DEMANDA,SIM
2026-08-12,11720,"Aprovado, aguardando atendimento",SIM,,430000.0,CABW,A,REQUISIÇÃO,SIM
2026-08-12,11740,"Aprovado, aguardando atendimento",SIM,,60000.0,CABW,A,REQUISIÇÃO,SIM
2026-08-12,11760,"Aprovado, aguardando atendimento",SIM,,200000.0,CABW,A,REQUISIÇÃO,SIM
2026-08-12,11780,"Aprovado, aguardando atendimento",SIM,,320000.0,CABW,A,REQUISIÇÃO,SIM
2026-08-12,11800,Atendido,SIM,ATENDIDO,1187433.02,CABW,A,REQUISIÇÃO,Não
2026-08-12,11820,"Aprovado, aguardando atendimento",SIM,,1000000.0,CABW,A,REQUISIÇÃO,Não
2026-08-12,11840,"Aprovado, aguardando atendimento",SIM,,1000000.0,CABW,A,REQUISIÇÃO,Não
2026-08-12,11860,"Aprovado, aguardando atendimento",SIM,,1000000.0,CABW,A,REQUISIÇÃO,Não
2026-08-12,11880,"Aprovado, aguardando atendimento",SIM,,100000.0,FMS,A,REQUISIÇÃO,Não
2026-08-12,12740,Atendido,SIM,ATENDIDO,1770880.5,CELOG,A,HORA DE VOO,Não
2026-08-12,13180,Atendido,SIM,ATENDIDO,350000.0,CELOG,A,SOB DEMANDA,SIM
2026-08-12,13181,Atendido,SIM,ATENDIDO,350000.0,CELOG,A,SOB DEMANDA,SIM
2026-08-12,13200,"Aprovado, aguardando atendimento",SIM,,1000000.0,CELOG,A,SOB DEMANDA,SIM
2026-08-12,13220,"Aprovado, aguardando atendimento",SIM,,400000.0,FMS,A,REQUISIÇÃO,SIM
2026-08-12,13240,"Aprovado, aguardando atendimento",SIM,,120000.0,CABW,A,REQUISIÇÃO,SIM
2026-08-12,13260,"Aprovado, aguardando atendimento",SIM,,80000.0,CABW,A,REQUISIÇÃO,SIM
2026-08-12,13760,Atendido,SIM,ATENDIDO,1704503.0,CELOG,A,HORA DE VOO,Não
2026-08-12,14160,Atendido,SIM,ATENDIDO,3799000.0,CELOG,A,SOB DEMANDA,SIM
2026-08-12,14161,Atendido,SIM,ATENDIDO,1000.0,CELOG,A,SOB DEMANDA,SIM
2026-08-12,14180,"Aprovado, aguardando atendimento",SIM,,100000.0,FMS,A,REQUISIÇÃO,Não
2026-08-12,15380,Atendido,SIM,ATENDIDO,150000.0,CELOG,A,SOB DEMANDA,Não
2026-08-12,15400,Atendido,SIM,ATENDIDO,150000.0,CELOG,A,SOB DEMANDA,Não
2026-08-12,15420,Atendido,SIM,ATENDIDO,18462.36,CELOG,A,SOB DEMANDA,Não
2026-08-12,15421,Atendido,SIM,ATENDIDO,324166.14,CELOG,A,SOB DEMANDA,Não
2026-08-12,15440,"Aprovado, aguardando atendimento",SIM,,30000.0,CELOG,A,SOB DEMANDA,Não
2026-08-12,15680,Atendido,SIM,ATENDIDO,1496713.48,CELOG,A,HORA DE VOO,Não
2026-08-12,15681,Atendido,SIM,ATENDIDO,207789.52,CELOG,A,HORA DE VOO,Não
2026-08-12,15960,Atendido,SIM,ATENDIDO,962290.8,CELOG,A,SOB DEMANDA,SIM
2026-08-12,15961,Atendido,SIM,ATENDIDO,798776.97,CELOG,A,SOB DEMANDA,SIM
2026-08-12,15962,Atendido,SIM,ATENDIDO,1530656.62,CELOG,A,SOB DEMANDA,SIM
2026-08-12,15963,Atendido,SIM,ATENDIDO,72958.08,CELOG,A,SOB DEMANDA,SIM
2026-08-12,15964,Atendido,SIM,ATENDIDO,8916.0,CELOG,A,SOB DEMANDA,SIM
2026-08-12,15965,Atendido,SIM,ATENDIDO,425178.5,CELOG,A,SOB DEMANDA,SIM
2026-08-12,15980,Não aprovado,NÃO,CANCELADO,,CELOG,C,SOB DEMANDA,SIM
2026-08-12,16000,Atendido,SIM,ATENDIDO,400000.0,CELOG,A,SOB DEMANDA,SIM
2026-08-12,16001,Atendido,SIM,ATENDIDO,400000.0,CELOG,A,SOB DEMANDA,SIM
2026-08-12,16560,Atendido,SIM,ATENDIDO,173846.38,CELOG,A,HORA DE VOO,Não
2026-08-12,16561,Atendido,SIM,ATENDIDO,1530656.62,CELOG,A,HORA DE VOO,Não
2026-08-12,16700,"Aprovado, aguardando atendimento",SIM,,1000000.0,CELOG,A,SOB DEMANDA,SIM
2026-08-12,17200,"Aprovado, aguardando atendimento",SIM,,958040.0,CABW,A,REQUISIÇÃO,Não
2026-08-12,17201,Atendido,SIM,ATENDIDO,41730.64,CABW,A,REQUISIÇÃO,Não
2026-08-12,17760,"Aprovado, aguardando atendimento",SIM,,1468159.32,CELOG,A,HORA DE VOO,Não
2026-08-12,17761,"Aprovado, aguardando atendimento",SIM,,1704503.0,CELOG,A,HORA DE VOO,Não
2026-08-12,17762,"Aprovado, aguardando atendimento",SIM,,1704503.0,CELOG,A,HORA DE VOO,Não
2026-08-12,17763,Atendido,SIM,ATENDIDO,236343.68,CELOG,A,HORA DE VOO,Não
2026-08-12,18140,"Aprovado, aguardando atendimento",SIM,,1295422.28,CELOG,A,HORA DE VOO,Não
2026-08-12,19240,"Aprovado, aguardando atendimento",SIM,,500000.0,CELOG,D,PARCELA FIXA,Não
2026-08-12,19241,Não aprovado,NÃO,BLOQUEIO,5000000.0,CELOG,D,PARCELA FIXA,Não
2026-08-12,19260,Não aprovado,NÃO,CANCELADO,,CELOG,D,PARCELA FIXA,Não
2026-08-12,19600,Não aprovado,NÃO,CANCELADO,,CELOG,D,PARCELA FIXA,Não
2026-08-12,19620,Não aprovado,NÃO,CANCELADO,,CELOG,D,PARCELA FIXA,Não
2026-08-12,23120,Não aprovado,NÃO,,9389.96,CABW,C,REQUISIÇÃO,Não
2026-08-12,23160,Não aprovado,NÃO,,7204.82,CABW,C,REQUISIÇÃO,Não
2026-08-12,23100,Não aprovado,NÃO,,4227.84,CABW,C,REQUISIÇÃO,Não
2026-08-12,23080,Não aprovado,NÃO,,4064.54,CELOG,C,REQUISIÇÃO,Não
2026-08-12,23180,Não aprovado,NÃO,,3662.66,CABW,C,REQUISIÇÃO,Não
2026-08-12,23140,Não aprovado,NÃO,,1163.64,FMS,C,REQUISIÇÃO,Não
2026-08-12,23640,Não aprovado,NÃO,,120000.0,CABW,C,REQUISIÇÃO,SIM
2026-08-12,23740,"Aprovado, aguardando atendimento",SIM,,400000.0,FMS,A,REQUISIÇÃO,SIM
2026-08-12,24180,"Aprovado, aguardando atendimento",SIM,,100000.0,FMS,A,REQUISIÇÃO,Não
2026-08-12,24380,Não aprovado,NÃO,,80000.0,CABW,C,REQUISIÇÃO,SIM
2026-08-12,24660,Não aprovado,NÃO,,835000.0,CABW,C,REQUISIÇÃO,Não
2026-08-12,24661,Não aprovado,NÃO,,165000.0,CABW,C,REQUISIÇÃO,Não
2026-08-12,24680,Não aprovado,NÃO,,1000000.0,CABW,C,REQUISIÇÃO,Não
2026-08-12,24700,Não aprovado,NÃO,,1000000.0,CABW,C,REQUISIÇÃO,Não
2026-08-12,24720,Não aprovado,NÃO,,100000.0,FMS,C,REQUISIÇÃO,Não
2026-08-12,25180,"Aprovado, aguardando atendimento",SIM,,1000000.0,CELOG,A,SOB DEMANDA,SIM
2026-08-12,25900,Sem informação,SIM,PROCESSADO,1704503.0,CELOG,RAP,HORA DE VOO,Não
2026-08-12,25920,Sem informação,SIM,PROCESSADO,1638125.5,CELOG,RAP,HORA DE VOO,Não
2026-08-12,25940,Sem informação,SIM,PROCESSADO,3800000.0,CELOG,RAP,SOB DEMANDA,SIM
2026-08-12,25960,Sem informação,SIM,PROCESSADO,3800000.0,CELOG,RAP,SOB DEMANDA,SIM
2026-08-12,63120,Não aprovado,NÃO,,3800000.0,CELOG,C,SOB DEMANDA,SIM
2026-08-12,63140,"Aprovado, aguardando atendimento",SIM,,4394700.0,CABW,C,SOB DEMANDA,SIM
2026-08-12,63940,"Aprovado, aguardando atendimento",SIM,,528395.93,CELOG,A,HORA DE VOO,Não
2026-08-12,63960,Não aprovado,NÃO,,1000000.0,CELOG,B,SOB DEMANDA,SIM
2026-08-12,64340,"Aprovado, aguardando atendimento",SIM,,4394700.0,CABW,C,SOB DEMANDA,SIM
2026-08-12,64760,Sem informação,SIM,PROCESSADO,3306000.0,CABW,RAP,SOB DEMANDA,SIM
2026-08-12,64780,Sem informação,SIM,PROCESSADO,3306000.0,CABW,RAP,SOB DEMANDA,SIM
2026-08-12,64800,"Aprovado, aguardando atendimento",SIM,,212577.0,CELOG,A,PARCELA FIXA,NÃO
2026-08-13,10300,"Aprovado, aguardando atendimento",SIM,,135000.0,CABW,A,REQUISIÇÃO,Não
2026-08-13,10760,"Aprovado, aguardando atendimento",SIM,,400000.0,FMS,A,REQUISIÇÃO,SIM
2026-08-13,10780,"Aprovado, aguardando atendimento",SIM,,430000.0,CABW,A,REQUISIÇÃO,SIM
2026-08-13,10800,"Aprovado, aguardando atendimento",SIM,,425000.0,CABW,A,REQUISIÇÃO,SIM
2026-08-13,11680,"Aprovado, aguardando atendimento",SIM,,563000.0,CABW,A,REQUISIÇÃO,SIM
2026-08-13,11700,Atendido,SIM,ATENDIDO,3799999.6,CELOG,A,SOB DEMANDA,SIM
2026-08-13,11720,"Aprovado, aguardando atendimento",SIM,,430000.0,CABW,A,REQUISIÇÃO,SIM
2026-08-13,11740,"Aprovado, aguardando atendimento",SIM,,60000.0,CABW,A,REQUISIÇÃO,SIM
2026-08-13,11760,"Aprovado, aguardando atendimento",SIM,,200000.0,CABW,A,REQUISIÇÃO,SIM
2026-08-13,11780,"Aprovado, aguardando atendimento",SIM,,320000.0,CABW,A,REQUISIÇÃO,SIM
2026-08-13,11800,Atendido,SIM,ATENDIDO,1187433.02,CABW,A,REQUISIÇÃO,Não
2026-08-13,11820,"Aprovado, aguardando atendimento",SIM,,1000000.0,CABW,A,REQUISIÇÃO,Não
2026-08-13,11840,"Aprovado, aguardando atendimento",SIM,,1000000.0,CABW,A,REQUISIÇÃO,Não
2026-08-13,11860,"Aprovado, aguardando atendimento",SIM,,1000000.0,CABW,A,REQUISIÇÃO,Não
2026-08-13,11880,"Aprovado, aguardando atendimento",SIM,,100000.0,FMS,A,REQUISIÇÃO,Não
2026-08-13,12740,Atendido,SIM,ATENDIDO,1770880.5,CELOG,A,HORA DE VOO,Não
2026-08-13,13180,Atendido,SIM,ATENDIDO,350000.0,CELOG,A,SOB DEMANDA,SIM
2026-08-13,13181,Atendido,SIM,ATENDIDO,350000.0,CELOG,A,SOB DEMANDA,SIM
2026-08-13,13200,"Aprovado, aguardando atendimento",SIM,,1000000.0,CELOG,A,SOB DEMANDA,SIM
2026-08-13,13220,"Aprovado, aguardando atendimento",SIM,,400000.0,FMS,A,REQUISIÇÃO,SIM
2026-08-13,13240,"Aprovado, aguardando atendimento",SIM,,120000.0,CABW,A,REQUISIÇÃO,SIM
2026-08-13,13260,"Aprovado, aguardando atendimento",SIM,,80000.0,CABW,A,REQUISIÇÃO,SIM
2026-08-13,13760,Atendido,SIM,ATENDIDO,1704503.0,CELOG,A,HORA DE VOO,Não
2026-08-13,14160,Atendido,SIM,ATENDIDO,3799000.0,CELOG,A,SOB DEMANDA,SIM
2026-08-13,14161,Atendido,SIM,ATENDIDO,1000.0,CELOG,A,SOB DEMANDA,SIM
2026-08-13,14180,"Aprovado, aguardando atendimento",SIM,,100000.0,FMS,A,REQUISIÇÃO,Não
2026-08-13,15380,Atendido,SIM,ATENDIDO,150000.0,CELOG,A,SOB DEMANDA,Não
2026-08-13,15400,Atendido,SIM,ATENDIDO,150000.0,CELOG,A,SOB DEMANDA,Não
2026-08-13,15420,Atendido,SIM,ATENDIDO,18462.36,CELOG,A,SOB DEMANDA,Não
2026-08-13,15421,Atendido,SIM,ATENDIDO,324166.14,CELOG,A,SOB DEMANDA,Não
2026-08-13,15440,"Aprovado, aguardando atendimento",SIM,,30000.0,CELOG,A,SOB DEMANDA,Não
2026-08-13,15680,Atendido,SIM,ATENDIDO,1496713.48,CELOG,A,HORA DE VOO,Não
2026-08-13,15681,Atendido,SIM,ATENDIDO,207789.52,CELOG,A,HORA DE VOO,Não
2026-08-13,15960,Atendido,SIM,ATENDIDO,962290.8,CELOG,A,SOB DEMANDA,SIM
2026-08-13,15961,Atendido,SIM,ATENDIDO,798776.97,CELOG,A,SOB DEMANDA,SIM
2026-08-13,15962,Atendido,SIM,ATENDIDO,1530656.62,CELOG,A,SOB DEMANDA,SIM
2026-08-13,15963,Atendido,SIM,ATENDIDO,72958.08,CELOG,A,SOB DEMANDA,SIM
2026-08-13,15964,Atendido,SIM,ATENDIDO,8916.0,CELOG,A,SOB DEMANDA,SIM
2026-08-13,15965,Atendido,SIM,ATENDIDO,425178.5,CELOG,A,SOB DEMANDA,SIM
2026-08-13,15980,Não aprovado,NÃO,CANCELADO,,CELOG,C,SOB DEMANDA,SIM
2026-08-13,16000,Atendido,SIM,ATENDIDO,400000.0,CELOG,A,SOB DEMANDA,SIM
2026-08-13,16001,Atendido,SIM,ATENDIDO,400000.0,CELOG,A,SOB DEMANDA,SIM
2026-08-13,16560,Atendido,SIM,ATENDIDO,173846.38,CELOG,A,HORA DE VOO,Não
2026-08-13,16561,Atendido,SIM,ATENDIDO,1530656.62,CELOG,A,HORA DE VOO,Não
2026-08-13,16700,"Aprovado, aguardando atendimento",SIM,,1000000.0,CELOG,A,SOB DEMANDA,SIM
2026-08-13,17200,"Aprovado, aguardando atendimento",SIM,,958040.0,CABW,A,REQUISIÇÃO,Não
2026-08-13,17201,Atendido,SIM,ATENDIDO,41730.64,CABW,A,REQUISIÇÃO,Não
2026-08-13,17760,"Aprovado, aguardando atendimento",SIM,,1468159.32,CELOG,A,HORA DE VOO,Não
2026-08-13,17761,"Aprovado, aguardando atendimento",SIM,,1704503.0,CELOG,A,HORA DE VOO,Não
2026-08-13,17762,"Aprovado, aguardando atendimento",SIM,,1704503.0,CELOG,A,HORA DE VOO,Não
2026-08-13,17763,Atendido,SIM,ATENDIDO,236343.68,CELOG,A,HORA DE VOO,Não
2026-08-13,18140,"Aprovado, aguardando atendimento",SIM,,1295422.28,CELOG,A,HORA DE VOO,Não
2026-08-13,19240,"Aprovado, aguardando atendimento",SIM,,500000.0,CELOG,D,PARCELA FIXA,Não
2026-08-13,19241,Não aprovado,NÃO,BLOQUEIO,5000000.0,CELOG,D,PARCELA FIXA,Não
2026-08-13,19260,Não aprovado,NÃO,CANCELADO,,CELOG,D,PARCELA FIXA,Não
2026-08-13,19600,Não aprovado,NÃO,CANCELADO,,CELOG,D,PARCELA FIXA,Não
2026-08-13,19620,Não aprovado,NÃO,CANCELADO,,CELOG,D,PARCELA FIXA,Não
2026-08-13,23120,Não aprovado,NÃO,,9389.96,CABW,C,REQUISIÇÃO,Não
2026-08-13,23160,Não aprovado,NÃO,,7204.82,CABW,C,REQUISIÇÃO,Não
2026-08-13,23100,Não aprovado,NÃO,,4227.84,CABW,C,REQUISIÇÃO,Não
2026-08-13,23080,Não aprovado,NÃO,,4064.54,CELOG,C,REQUISIÇÃO,Não
2026-08-13,23180,Não aprovado,NÃO,,3662.66,CABW,C,REQUISIÇÃO,Não
2026-08-13,23140,Não aprovado,NÃO,,1163.64,FMS,C,REQUISIÇÃO,Não
2026-08-13,23640,Não aprovado,NÃO,,120000.0,CABW,C,REQUISIÇÃO,SIM
2026-08-13,23740,"Aprovado, aguardando atendimento",SIM,,400000.0,FMS,A,REQUISIÇÃO,SIM
2026-08-13,24180,"Aprovado, aguardando atendimento",SIM,,100000.0,FMS,A,REQUISIÇÃO,Não
2026-08-13,24380,Não aprovado,NÃO,,80000.0,CABW,C,REQUISIÇÃO,SIM
2026-08-13,24660,Não aprovado,NÃO,,835000.0,CABW,C,REQUISIÇÃO,Não
2026-08-13,24661,Não aprovado,NÃO,,165000.0,CABW,C,REQUISIÇÃO,Não
2026-08-13,24680,Não aprovado,NÃO,,1000000.0,CABW,C,REQUISIÇÃO,Não
2026-08-13,24700,Não aprovado,NÃO,,1000000.0,CABW,C,REQUISIÇÃO,Não
2026-08-13,24720,Não aprovado,NÃO,,100000.0,FMS,C,REQUISIÇÃO,Não
2026-08-13,25180,"Aprovado, aguardando atendimento",SIM,,1000000.0,CELOG,A,SOB DEMANDA,SIM
2026-08-13,25900,Sem informação,SIM,PROCESSADO,1704503.0,CELOG,RAP,HORA DE VOO,Não
2026-08-13,25920,Sem informação,SIM,PROCESSADO,1638125.5,CELOG,RAP,HORA DE VOO,Não
2026-08-13,25940,Sem informação,SIM,PROCESSADO,3800000.0,CELOG,RAP,SOB DEMANDA,SIM
2026-08-13,25960,Sem informação,SIM,PROCESSADO,3800000.0,CELOG,RAP,SOB DEMANDA,SIM
2026-08-13,63120,Não aprovado,NÃO,,3800000.0,CELOG,C,SOB DEMANDA,SIM
2026-08-13,63140,"Aprovado, aguardando atendimento",SIM,,4394700.0,CABW,C,SOB DEMANDA,SIM
2026-08-13,63940,"Aprovado, aguardando atendimento",SIM,,528395.93,CELOG,A,HORA DE VOO,Não
2026-08-13,63960,Não aprovado,NÃO,,1000000.0,CELOG,B,SOB DEMANDA,SIM
2026-08-13,64340,"Aprovado, aguardando atendimento",SIM,,4394700.0,CABW,C,SOB DEMANDA,SIM
2026-08-13,64760,Sem informação,SIM,PROCESSADO,3306000.0,CABW,RAP,SOB DEMANDA,SIM
2026-08-13,64780,Sem informação,SIM,PROCESSADO,3306000.0,CABW,RAP,SOB DEMANDA,SIM
2026-08-13,64800,"Aprovado, aguardando atendimento",SIM,,212577.0,CELOG,A,PARCELA FIXA,NÃO
2026-08-14,10300,"Aprovado, aguardando atendimento",SIM,,135000.0,CABW,A,REQUISIÇÃO,Não
2026-08-14,10760,"Aprovado, aguardando atendimento",SIM,,400000.0,FMS,A,REQUISIÇÃO,SIM
2026-08-14,10780,"Aprovado, aguardando atendimento",SIM,,430000.0,CABW,A,REQUISIÇÃO,SIM
2026-08-14,10800,"Aprovado, aguardando atendimento",SIM,,425000.0,CABW,A,REQUISIÇÃO,SIM
2026-08-14,11680,"Aprovado, aguardando atendimento",SIM,,563000.0,CABW,A,REQUISIÇÃO,SIM
2026-08-14,11700,Atendido,SIM,ATENDIDO,3799999.6,CELOG,A,SOB DEMANDA,SIM
2026-08-14,11720,"Aprovado, aguardando atendimento",SIM,,430000.0,CABW,A,REQUISIÇÃO,SIM
2026-08-14,11740,"Aprovado, aguardando atendimento",SIM,,60000.0,CABW,A,REQUISIÇÃO,SIM
2026-08-14,11760,"Aprovado, aguardando atendimento",SIM,,200000.0,CABW,A,REQUISIÇÃO,SIM
2026-08-14,11780,"Aprovado, aguardando atendimento",SIM,,320000.0,CABW,A,REQUISIÇÃO,SIM
2026-08-14,11800,Atendido,SIM,ATENDIDO,1187433.02,CABW,A,REQUISIÇÃO,Não
2026-08-14,11820,"Aprovado, aguardando atendimento",SIM,,1000000.0,CABW,A,REQUISIÇÃO,Não
2026-08-14,11840,"Aprovado, aguardando atendimento",SIM,,1000000.0,CABW,A,REQUISIÇÃO,Não
2026-08-14,11860,"Aprovado, aguardando atendimento",SIM,,1000000.0,CABW,A,REQUISIÇÃO,Não
2026-08-14,11880,"Aprovado, aguardando atendimento",SIM,,100000.0,FMS,A,REQUISIÇÃO,Não
2026-08-14,12740,Atendido,SIM,ATENDIDO,1770880.5,CELOG,A,HORA DE VOO,Não
2026-08-14,13180,Atendido,SIM,ATENDIDO,350000.0,CELOG,A,SOB DEMANDA,SIM
2026-08-14,13181,Atendido,SIM,ATENDIDO,350000.0,CELOG,A,SOB DEMANDA,SIM
2026-08-14,13200,"Aprovado, aguardando atendimento",SIM,,1000000.0,CELOG,A,SOB DEMANDA,SIM
2026-08-14,13220,"Aprovado, aguardando atendimento",SIM,,400000.0,FMS,A,REQUISIÇÃO,SIM
2026-08-14,13240,"Aprovado, aguardando atendimento",SIM,,120000.0,CABW,A,REQUISIÇÃO,SIM
2026-08-14,13260,"Aprovado, aguardando atendimento",SIM,,80000.0,CABW,A,REQUISIÇÃO,SIM
2026-08-14,13760,Atendido,SIM,ATENDIDO,1704503.0,CELOG,A,HORA DE VOO,Não
2026-08-14,14160,Atendido,SIM,ATENDIDO,3799000.0,CELOG,A,SOB DEMANDA,SIM
2026-08-14,14161,Atendido,SIM,ATENDIDO,1000.0,CELOG,A,SOB DEMANDA,SIM
2026-08-14,14180,"Aprovado, aguardando atendimento",SIM,,100000.0,FMS,A,REQUISIÇÃO,Não
2026-08-14,15380,Atendido,SIM,ATENDIDO,150000.0,CELOG,A,SOB DEMANDA,Não
2026-08-14,15400,Atendido,SIM,ATENDIDO,150000.0,CELOG,A,SOB DEMANDA,Não
2026-08-14,15420,Atendido,SIM,ATENDIDO,18462.36,CELOG,A,SOB DEMANDA,Não
2026-08-14,15421,Atendido,SIM,ATENDIDO,324166.14,CELOG,A,SOB DEMANDA,Não
2026-08-14,15440,"Aprovado, aguardando atendimento",SIM,,30000.0,CELOG,A,SOB DEMANDA,Não
2026-08-14,15680,Atendido,SIM,ATENDIDO,1496713.48,CELOG,A,HORA DE VOO,Não
2026-08-14,15681,Atendido,SIM,ATENDIDO,207789.52,CELOG,A,HORA DE VOO,Não
2026-08-14,15960,Atendido,SIM,ATENDIDO,962290.8,CELOG,A,SOB DEMANDA,SIM
2026-08-14,15961,Atendido,SIM,ATENDIDO,798776.97,CELOG,A,SOB DEMANDA,SIM
2026-08-14,15962,Atendido,SIM,ATENDIDO,1530656.62,CELOG,A,SOB DEMANDA,SIM
2026-08-14,15963,Atendido,SIM,ATENDIDO,72958.08,CELOG,A,SOB DEMANDA,SIM
2026-08-14,15964,Atendido,SIM,ATENDIDO,8916.0,CELOG,A,SOB DEMANDA,SIM
2026-08-14,15965,Atendido,SIM,ATENDIDO,425178.5,CELOG,A,SOB DEMANDA,SIM
2026-08-14,15980,Não aprovado,NÃO,CANCELADO,,CELOG,C,SOB DEMANDA,SIM
2026-08-14,16000,Atendido,SIM,ATENDIDO,400000.0,CELOG,A,SOB DEMANDA,SIM
2026-08-14,16001,Atendido,SIM,ATENDIDO,400000.0,CELOG,A,SOB DEMANDA,SIM
2026-08-14,16560,Atendido,SIM,ATENDIDO,173846.38,CELOG,A,HORA DE VOO,Não
2026-08-14,16561,Atendido,SIM,ATENDIDO,1530656.62,CELOG,A,HORA DE VOO,Não
2026-08-14,16700,"Aprovado, aguardando atendimento",SIM,,1000000.0,CELOG,A,SOB DEMANDA,SIM
2026-08-14,17200,"Aprovado, aguardando atendimento",SIM,,958040.0,CABW,A,REQUISIÇÃO,Não
2026-08-14,17201,Atendido,SIM,ATENDIDO,41730.64,CABW,A,REQUISIÇÃO,Não
2026-08-14,17760,"Aprovado, aguardando atendimento",SIM,,1468159.32,CELOG,A,HORA DE VOO,Não
2026-08-14,17761,"Aprovado, aguardando atendimento",SIM,,1704503.0,CELOG,A,HORA DE VOO,Não
2026-08-14,17762,"Aprovado, aguardando atendimento",SIM,,1704503.0,CELOG,A,HORA DE VOO,Não
2026-08-14,17763,Atendido,SIM,ATENDIDO,236343.68,CELOG,A,HORA DE VOO,Não
2026-08-14,18140,"Aprovado, aguardando atendimento",SIM,,1295422.28,CELOG,A,HORA DE VOO,Não
2026-08-14,19240,"Aprovado, aguardando atendimento",SIM,,500000.0,CELOG,D,PARCELA FIXA,Não
2026-08-14,19241,Não aprovado,NÃO,BLOQUEIO,5000000.0,CELOG,D,PARCELA FIXA,Não
2026-08-14,19260,Não aprovado,NÃO,CANCELADO,,CELOG,D,PARCELA FIXA,Não
2026-08-14,19600,Não aprovado,NÃO,CANCELADO,,CELOG,D,PARCELA FIXA,Não
2026-08-14,19620,Não aprovado,NÃO,CANCELADO,,CELOG,D,PARCELA FIXA,Não
2026-08-14,23120,Não aprovado,NÃO,,9389.96,CABW,C,REQUISIÇÃO,Não
2026-08-14,23160,Não aprovado,NÃO,,7204.82,CABW,C,REQUISIÇÃO,Não
2026-08-14,23100,Não aprovado,NÃO,,4227.84,CABW,C,REQUISIÇÃO,Não
2026-08-14,23080,Não aprovado,NÃO,,4064.54,CELOG,C,REQUISIÇÃO,Não
2026-08-14,23180,Não aprovado,NÃO,,3662.66,CABW,C,REQUISIÇÃO,Não
2026-08-14,23140,Não aprovado,NÃO,,1163.64,FMS,C,REQUISIÇÃO,Não
2026-08-14,23640,Não aprovado,NÃO,,120000.0,CABW,C,REQUISIÇÃO,SIM
2026-08-14,23740,"Aprovado, aguardando atendimento",SIM,,400000.0,FMS,A,REQUISIÇÃO,SIM
2026-08-14,24180,"Aprovado, aguardando atendimento",SIM,,100000.0,FMS,A,REQUISIÇÃO,Não
2026-08-14,24380,Não aprovado,NÃO,,80000.0,CABW,C,REQUISIÇÃO,SIM
2026-08-14,24660,Não aprovado,NÃO,,835000.0,CABW,C,REQUISIÇÃO,Não
2026-08-14,24661,Não aprovado,NÃO,,165000.0,CABW,C,REQUISIÇÃO,Não
2026-08-14,24680,Não aprovado,NÃO,,1000000.0,CABW,C,REQUISIÇÃO,Não
2026-08-14,24700,Não aprovado,NÃO,,1000000.0,CABW,C,REQUISIÇÃO,Não
2026-08-14,24720,Não aprovado,NÃO,,100000.0,FMS,C,REQUISIÇÃO,Não
2026-08-14,25180,"Aprovado, aguardando atendimento",SIM,,1000000.0,CELOG,A,SOB DEMANDA,SIM
2026-08-14,25900,Sem informação,SIM,PROCESSADO,1704503.0,CELOG,RAP,HORA DE VOO,Não
2026-08-14,25920,Sem informação,SIM,PROCESSADO,1638125.5,CELOG,RAP,HORA DE VOO,Não
2026-08-14,25940,Sem informação,SIM,PROCESSADO,3800000.0,CELOG,RAP,SOB DEMANDA,SIM
2026-08-14,25960,Sem informação,SIM,PROCESSADO,3800000.0,CELOG,RAP,SOB DEMANDA,SIM
2026-08-14,63120,Não aprovado,NÃO,,3800000.0,CELOG,C,SOB DEMANDA,SIM
2026-08-14,63140,"Aprovado, aguardando atendimento",SIM,,4394700.0,CABW,C,SOB DEMANDA,SIM
2026-08-14,63940,"Aprovado, aguardando atendimento",SIM,,528395.93,CELOG,A,HORA DE VOO,Não
2026-08-14,63960,Não aprovado,NÃO,,1000000.0,CELOG,B,SOB DEMANDA,SIM
2026-08-14,64340,"Aprovado, aguardando atendimento",SIM,,4394700.0,CABW,C,SOB DEMANDA,SIM
2026-08-14,64760,Sem informação,SIM,PROCESSADO,3306000.0,CABW,RAP,SOB DEMANDA,SIM
2026-08-14,64780,Sem informação,SIM,PROCESSADO,3306000.0,CABW,RAP,SOB DEMANDA,SIM
2026-08-14,64800,"Aprovado, aguardando atendimento",SIM,,212577.0,CELOG,A,PARCELA FIXA,NÃO
2026-08-17,10300,"Aprovado, aguardando atendimento",SIM,,135000.0,CABW,A,REQUISIÇÃO,Não
2026-08-17,10760,"Aprovado, aguardando atendimento",SIM,,400000.0,FMS,A,REQUISIÇÃO,SIM
2026-08-17,10780,"Aprovado, aguardando atendimento",SIM,,430000.0,CABW,A,REQUISIÇÃO,SIM
2026-08-17,10800,"Aprovado, aguardando atendimento",SIM,,425000.0,CABW,A,REQUISIÇÃO,SIM
2026-08-17,11680,"Aprovado, aguardando atendimento",SIM,,563000.0,CABW,A,REQUISIÇÃO,SIM
2026-08-17,11700,Atendido,SIM,ATENDIDO,3799999.6,CELOG,A,SOB DEMANDA,SIM
2026-08-17,11720,"Aprovado, aguardando atendimento",SIM,,430000.0,CABW,A,REQUISIÇÃO,SIM
2026-08-17,11740,"Aprovado, aguardando atendimento",SIM,,60000.0,CABW,A,REQUISIÇÃO,SIM
2026-08-17,11760,"Aprovado, aguardando atendimento",SIM,,200000.0,CABW,A,REQUISIÇÃO,SIM
2026-08-17,11780,"Aprovado, aguardando atendimento",SIM,,320000.0,CABW,A,REQUISIÇÃO,SIM
2026-08-17,11800,Atendido,SIM,ATENDIDO,1187433.02,CABW,A,REQUISIÇÃO,Não
2026-08-17,11820,"Aprovado, aguardando atendimento",SIM,,1000000.0,CABW,A,REQUISIÇÃO,Não
2026-08-17,11840,"Aprovado, aguardando atendimento",SIM,,1000000.0,CABW,A,REQUISIÇÃO,Não
2026-08-17,11860,"Aprovado, aguardando atendimento",SIM,,1000000.0,CABW,A,REQUISIÇÃO,Não
2026-08-17,11880,"Aprovado, aguardando atendimento",SIM,,100000.0,FMS,A,REQUISIÇÃO,Não
2026-08-17,12740,Atendido,SIM,ATENDIDO,1770880.5,CELOG,A,HORA DE VOO,Não
2026-08-17,13180,Atendido,SIM,ATENDIDO,350000.0,CELOG,A,SOB DEMANDA,SIM
2026-08-17,13181,Atendido,SIM,ATENDIDO,350000.0,CELOG,A,SOB DEMANDA,SIM
2026-08-17,13200,"Aprovado, aguardando atendimento",SIM,,1000000.0,CELOG,A,SOB DEMANDA,SIM
2026-08-17,13220,"Aprovado, aguardando atendimento",SIM,,400000.0,FMS,A,REQUISIÇÃO,SIM
2026-08-17,13240,"Aprovado, aguardando atendimento",SIM,,120000.0,CABW,A,REQUISIÇÃO,SIM
2026-08-17,13260,"Aprovado, aguardando atendimento",SIM,,80000.0,CABW,A,REQUISIÇÃO,SIM
2026-08-17,13760,Atendido,SIM,ATENDIDO,1704503.0,CELOG,A,HORA DE VOO,Não
2026-08-17,14160,Atendido,SIM,ATENDIDO,3799000.0,CELOG,A,SOB DEMANDA,SIM
2026-08-17,14161,Atendido,SIM,ATENDIDO,1000.0,CELOG,A,SOB DEMANDA,SIM
2026-08-17,14180,"Aprovado, aguardando atendimento",SIM,,100000.0,FMS,A,REQUISIÇÃO,Não
2026-08-17,15380,Atendido,SIM,ATENDIDO,150000.0,CELOG,A,SOB DEMANDA,Não
2026-08-17,15400,Atendido,SIM,ATENDIDO,150000.0,CELOG,A,SOB DEMANDA,Não
2026-08-17,15420,Atendido,SIM,ATENDIDO,18462.36,CELOG,A,SOB DEMANDA,Não
2026-08-17,15421,Atendido,SIM,ATENDIDO,324166.14,CELOG,A,SOB DEMANDA,Não
2026-08-17,15440,"Aprovado, aguardando atendimento",SIM,,30000.0,CELOG,A,SOB DEMANDA,Não
2026-08-17,15680,Atendido,SIM,ATENDIDO,1496713.48,CELOG,A,HORA DE VOO,Não
2026-08-17,15681,Atendido,SIM,ATENDIDO,207789.52,CELOG,A,HORA DE VOO,Não
2026-08-17,15960,Atendido,SIM,ATENDIDO,962290.8,CELOG,A,SOB DEMANDA,SIM
2026-08-17,15961,Atendido,SIM,ATENDIDO,798776.97,CELOG,A,SOB DEMANDA,SIM
2026-08-17,15962,Atendido,SIM,ATENDIDO,1530656.62,CELOG,A,SOB DEMANDA,SIM
2026-08-17,15963,Atendido,SIM,ATENDIDO,72958.08,CELOG,A,SOB DEMANDA,SIM
2026-08-17,15964,Atendido,SIM,ATENDIDO,8916.0,CELOG,A,SOB DEMANDA,SIM
2026-08-17,15965,Atendido,SIM,ATENDIDO,425178.5,CELOG,A,SOB DEMANDA,SIM
2026-08-17,15966,Atendido,SIM,ATENDIDO,1223.03,CELOG,A,SOB DEMANDA,SIM
2026-08-17,15980,Não aprovado,NÃO,CANCELADO,,CELOG,C,SOB DEMANDA,SIM
2026-08-17,16000,Atendido,SIM,ATENDIDO,400000.0,CELOG,A,SOB DEMANDA,SIM
2026-08-17,16001,Atendido,SIM,ATENDIDO,400000.0,CELOG,A,SOB DEMANDA,SIM
2026-08-17,16560,Atendido,SIM,ATENDIDO,173846.38,CELOG,A,HORA DE VOO,Não
2026-08-17,16561,Atendido,SIM,ATENDIDO,1530656.62,CELOG,A,HORA DE VOO,Não
2026-08-17,16700,"Aprovado, aguardando atendimento",SIM,,1000000.0,CELOG,A,SOB DEMANDA,SIM
2026-08-17,17200,"Aprovado, aguardando atendimento",SIM,,958040.0,CABW,A,REQUISIÇÃO,Não
2026-08-17,17201,Atendido,SIM,ATENDIDO,41730.64,CABW,A,REQUISIÇÃO,Não
2026-08-17,17760,"Aprovado, aguardando atendimento",SIM,,1468159.32,CELOG,A,HORA DE VOO,Não
2026-08-17,17761,"Aprovado, aguardando atendimento",SIM,,1704503.0,CELOG,A,HORA DE VOO,Não
2026-08-17,17762,"Aprovado, aguardando atendimento",SIM,,1704503.0,CELOG,A,HORA DE VOO,Não
2026-08-17,17763,Atendido,SIM,ATENDIDO,236343.68,CELOG,A,HORA DE VOO,Não
2026-08-17,18140,"Aprovado, aguardando atendimento",SIM,,1295422.28,CELOG,A,HORA DE VOO,Não
2026-08-17,19240,"Aprovado, aguardando atendimento",SIM,,500000.0,CELOG,D,PARCELA FIXA,Não
2026-08-17,19241,Não aprovado,NÃO,BLOQUEIO,5000000.0,CELOG,D,PARCELA FIXA,Não
2026-08-17,19260,Não aprovado,NÃO,CANCELADO,,CELOG,D,PARCELA FIXA,Não
2026-08-17,19600,Não aprovado,NÃO,CANCELADO,,CELOG,D,PARCELA FIXA,Não
2026-08-17,19620,Não aprovado,NÃO,CANCELADO,,CELOG,D,PARCELA FIXA,Não
2026-08-17,23120,Não aprovado,NÃO,,9389.96,CABW,C,REQUISIÇÃO,Não
2026-08-17,23160,Não aprovado,NÃO,,7204.82,CABW,C,REQUISIÇÃO,Não
2026-08-17,23100,Não aprovado,NÃO,,4227.84,CABW,C,REQUISIÇÃO,Não
2026-08-17,23080,Não aprovado,NÃO,,4064.54,CELOG,C,REQUISIÇÃO,Não
2026-08-17,23180,Não aprovado,NÃO,,3662.66,CABW,C,REQUISIÇÃO,Não
2026-08-17,23140,Não aprovado,NÃO,,1163.64,FMS,C,REQUISIÇÃO,Não
2026-08-17,23640,Não aprovado,NÃO,,120000.0,CABW,C,REQUISIÇÃO,SIM
2026-08-17,23740,"Aprovado, aguardando atendimento",SIM,,400000.0,FMS,A,REQUISIÇÃO,SIM
2026-08-17,24180,"Aprovado, aguardando atendimento",SIM,,100000.0,FMS,A,REQUISIÇÃO,Não
2026-08-17,24380,Não aprovado,NÃO,,80000.0,CABW,C,REQUISIÇÃO,SIM
2026-08-17,24660,Não aprovado,NÃO,,835000.0,CABW,C,REQUISIÇÃO,Não
2026-08-17,24661,Não aprovado,NÃO,,165000.0,CABW,C,REQUISIÇÃO,Não
2026-08-17,24680,Não aprovado,NÃO,,1000000.0,CABW,C,REQUISIÇÃO,Não
2026-08-17,24700,Não aprovado,NÃO,,1000000.0,CABW,C,REQUISIÇÃO,Não
2026-08-17,24720,Não aprovado,NÃO,,100000.0,FMS,C,REQUISIÇÃO,Não
2026-08-17,25180,"Aprovado, aguardando atendimento",SIM,,1000000.0,CELOG,A,SOB DEMANDA,SIM
2026-08-17,25900,Sem informação,SIM,PROCESSADO,1704503.0,CELOG,RAP,HORA DE VOO,Não
2026-08-17,25920,Sem informação,SIM,PROCESSADO,1638125.5,CELOG,RAP,HORA DE VOO,Não
2026-08-17,25940,Sem informação,SIM,PROCESSADO,3800000.0,CELOG,RAP,SOB DEMANDA,SIM
2026-08-17,25960,Sem informação,SIM,PROCESSADO,3800000.0,CELOG,RAP,SOB DEMANDA,SIM
2026-08-17,63120,Não aprovado,NÃO,,3800000.0,CELOG,C,SOB DEMANDA,SIM
2026-08-17,63140,"Aprovado, aguardando atendimento",SIM,,4394700.0,CABW,C,SOB DEMANDA,SIM
2026-08-17,63940,"Aprovado, aguardando atendimento",SIM,,528395.93,CELOG,A,HORA DE VOO,Não
2026-08-17,63960,Não aprovado,NÃO,,1000000.0,CELOG,B,SOB DEMANDA,SIM
2026-08-17,64340,"Aprovado, aguardando atendimento",SIM,,4394700.0,CABW,C,SOB DEMANDA,SIM
2026-08-17,64760,Sem informação,SIM,PROCESSADO,3306000.0,CABW,RAP,SOB DEMANDA,SIM
2026-08-17,64780,Sem informação,SIM,PROCESSADO,3306000.0,CABW,RAP,SOB DEMANDA,SIM
2026-08-17,64800,"Aprovado, aguardando atendimento",SIM,,212577.0,CELOG,A,PARCELA FIXA,NÃO
2026-08-18,10300,"Aprovado, aguardando atendimento",SIM,,135000.0,CABW,A,REQUISIÇÃO,Não
2026-08-18,10760,"Aprovado, aguardando atendimento",SIM,,400000.0,FMS,A,REQUISIÇÃO,SIM
2026-08-18,10780,"Aprovado, aguardando atendimento",SIM,,430000.0,CABW,A,REQUISIÇÃO,SIM
2026-08-18,10800,"Aprovado, aguardando atendimento",SIM,,425000.0,CABW,A,REQUISIÇÃO,SIM
2026-08-18,11680,"Aprovado, aguardando atendimento",SIM,,563000.0,CABW,A,REQUISIÇÃO,SIM
2026-08-18,11700,Atendido,SIM,ATENDIDO,3799999.6,CELOG,A,SOB DEMANDA,SIM
2026-08-18,11720,"Aprovado, aguardando atendimento",SIM,,430000.0,CABW,A,REQUISIÇÃO,SIM
2026-08-18,11740,"Aprovado, aguardando atendimento",SIM,,60000.0,CABW,A,REQUISIÇÃO,SIM
2026-08-18,11760,"Aprovado, aguardando atendimento",SIM,,200000.0,CABW,A,REQUISIÇÃO,SIM
2026-08-18,11780,"Aprovado, aguardando atendimento",SIM,,320000.0,CABW,A,REQUISIÇÃO,SIM
2026-08-18,11800,Atendido,SIM,ATENDIDO,1187433.02,CABW,A,REQUISIÇÃO,Não
2026-08-18,11820,"Aprovado, aguardando atendimento",SIM,,1000000.0,CABW,A,REQUISIÇÃO,Não
2026-08-18,11840,"Aprovado, aguardando atendimento",SIM,,1000000.0,CABW,A,REQUISIÇÃO,Não
2026-08-18,11860,"Aprovado, aguardando atendimento",SIM,,1000000.0,CABW,A,REQUISIÇÃO,Não
2026-08-18,11880,"Aprovado, aguardando atendimento",SIM,,100000.0,FMS,A,REQUISIÇÃO,Não
2026-08-18,12740,Atendido,SIM,ATENDIDO,1770880.5,CELOG,A,HORA DE VOO,Não
2026-08-18,13180,Atendido,SIM,ATENDIDO,350000.0,CELOG,A,SOB DEMANDA,SIM
2026-08-18,13181,Atendido,SIM,ATENDIDO,350000.0,CELOG,A,SOB DEMANDA,SIM
2026-08-18,13200,"Aprovado, aguardando atendimento",SIM,,1000000.0,CELOG,A,SOB DEMANDA,SIM
2026-08-18,13220,"Aprovado, aguardando atendimento",SIM,,400000.0,FMS,A,REQUISIÇÃO,SIM
2026-08-18,13240,"Aprovado, aguardando atendimento",SIM,,120000.0,CABW,A,REQUISIÇÃO,SIM
2026-08-18,13260,"Aprovado, aguardando atendimento",SIM,,80000.0,CABW,A,REQUISIÇÃO,SIM
2026-08-18,13760,Atendido,SIM,ATENDIDO,1704503.0,CELOG,A,HORA DE VOO,Não
2026-08-18,14160,Atendido,SIM,ATENDIDO,3799000.0,CELOG,A,SOB DEMANDA,SIM
2026-08-18,14161,Atendido,SIM,ATENDIDO,1000.0,CELOG,A,SOB DEMANDA,SIM
2026-08-18,14180,"Aprovado, aguardando atendimento",SIM,,100000.0,FMS,A,REQUISIÇÃO,Não
2026-08-18,15380,Atendido,SIM,ATENDIDO,150000.0,CELOG,A,SOB DEMANDA,Não
2026-08-18,15400,Atendido,SIM,ATENDIDO,150000.0,CELOG,A,SOB DEMANDA,Não
2026-08-18,15420,Atendido,SIM,ATENDIDO,18462.36,CELOG,A,SOB DEMANDA,Não
2026-08-18,15421,Atendido,SIM,ATENDIDO,324166.14,CELOG,A,SOB DEMANDA,Não
2026-08-18,15440,"Aprovado, aguardando atendimento",SIM,,30000.0,CELOG,A,SOB DEMANDA,Não
2026-08-18,15680,Atendido,SIM,ATENDIDO,1496713.48,CELOG,A,HORA DE VOO,Não
2026-08-18,15681,Atendido,SIM,ATENDIDO,207789.52,CELOG,A,HORA DE VOO,Não
2026-08-18,15960,Atendido,SIM,ATENDIDO,962290.8,CELOG,A,SOB DEMANDA,SIM
2026-08-18,15961,Atendido,SIM,ATENDIDO,798776.97,CELOG,A,SOB DEMANDA,SIM
2026-08-18,15962,Atendido,SIM,ATENDIDO,1530656.62,CELOG,A,SOB DEMANDA,SIM
2026-08-18,15963,Atendido,SIM,ATENDIDO,72958.08,CELOG,A,SOB DEMANDA,SIM
2026-08-18,15964,Atendido,SIM,ATENDIDO,8916.0,CELOG,A,SOB DEMANDA,SIM
2026-08-18,15965,Atendido,SIM,ATENDIDO,425178.5,CELOG,A,SOB DEMANDA,SIM
2026-08-18,15966,Atendido,SIM,ATENDIDO,1223.03,CELOG,A,SOB DEMANDA,SIM
2026-08-18,15980,Não aprovado,NÃO,CANCELADO,,CELOG,C,SOB DEMANDA,SIM
2026-08-18,16000,Atendido,SIM,ATENDIDO,400000.0,CELOG,A,SOB DEMANDA,SIM
2026-08-18,16001,Atendido,SIM,ATENDIDO,400000.0,CELOG,A,SOB DEMANDA,SIM
2026-08-18,16560,Atendido,SIM,ATENDIDO,173846.38,CELOG,A,HORA DE VOO,Não
2026-08-18,16561,Atendido,SIM,ATENDIDO,1530656.62,CELOG,A,HORA DE VOO,Não
2026-08-18,16700,"Aprovado, aguardando atendimento",SIM,,1000000.0,CELOG,A,SOB DEMANDA,SIM
2026-08-18,17200,"Aprovado, aguardando atendimento",SIM,,958040.0,CABW,A,REQUISIÇÃO,Não
2026-08-18,17201,Atendido,SIM,ATENDIDO,41730.64,CABW,A,REQUISIÇÃO,Não
2026-08-18,17760,"Aprovado, aguardando atendimento",SIM,,1468159.32,CELOG,A,HORA DE VOO,Não
2026-08-18,17761,"Aprovado, aguardando atendimento",SIM,,1704503.0,CELOG,A,HORA DE VOO,Não
2026-08-18,17762,"Aprovado, aguardando atendimento",SIM,,1704503.0,CELOG,A,HORA DE VOO,Não
2026-08-18,17763,Atendido,SIM,ATENDIDO,236343.68,CELOG,A,HORA DE VOO,Não
2026-08-18,18140,"Aprovado, aguardando atendimento",SIM,,1295422.28,CELOG,A,HORA DE VOO,Não
2026-08-18,19240,"Aprovado, aguardando atendimento",SIM,,500000.0,CELOG,D,PARCELA FIXA,Não
2026-08-18,19241,Não aprovado,NÃO,BLOQUEIO,5000000.0,CELOG,D,PARCELA FIXA,Não
2026-08-18,19260,Não aprovado,NÃO,CANCELADO,,CELOG,D,PARCELA FIXA,Não
2026-08-18,19600,Não aprovado,NÃO,CANCELADO,,CELOG,D,PARCELA FIXA,Não
2026-08-18,19620,Não aprovado,NÃO,CANCELADO,,CELOG,D,PARCELA FIXA,Não
2026-08-18,23120,Não aprovado,NÃO,,9389.96,CABW,C,REQUISIÇÃO,Não
2026-08-18,23160,Não aprovado,NÃO,,7204.82,CABW,C,REQUISIÇÃO,Não
2026-08-18,23100,Não aprovado,NÃO,,4227.84,CABW,C,REQUISIÇÃO,Não
2026-08-18,23080,Não aprovado,NÃO,,4064.54,CELOG,C,REQUISIÇÃO,Não
2026-08-18,23180,Não aprovado,NÃO,,3662.66,CABW,C,REQUISIÇÃO,Não
2026-08-18,23140,Não aprovado,NÃO,,1163.64,FMS,C,REQUISIÇÃO,Não
2026-08-18,23640,Não aprovado,NÃO,,120000.0,CABW,C,REQUISIÇÃO,SIM
2026-08-18,23740,"Aprovado, aguardando atendimento",SIM,,400000.0,FMS,A,REQUISIÇÃO,SIM
2026-08-18,24180,"Aprovado, aguardando atendimento",SIM,,100000.0,FMS,A,REQUISIÇÃO,Não
2026-08-18,24380,Não aprovado,NÃO,,80000.0,CABW,C,REQUISIÇÃO,SIM
2026-08-18,24660,Não aprovado,NÃO,,835000.0,CABW,C,REQUISIÇÃO,Não
2026-08-18,24661,Não aprovado,NÃO,,165000.0,CABW,C,REQUISIÇÃO,Não
2026-08-18,24680,Não aprovado,NÃO,,1000000.0,CABW,C,REQUISIÇÃO,Não
2026-08-18,24700,Não aprovado,NÃO,,1000000.0,CABW,C,REQUISIÇÃO,Não
2026-08-18,24720,Não aprovado,NÃO,,100000.0,FMS,C,REQUISIÇÃO,Não
2026-08-18,25180,"Aprovado, aguardando atendimento",SIM,,1000000.0,CELOG,A,SOB DEMANDA,SIM
2026-08-18,25900,Sem informação,SIM,PROCESSADO,1704503.0,CELOG,RAP,HORA DE VOO,Não
2026-08-18,25920,Sem informação,SIM,PROCESSADO,1638125.5,CELOG,RAP,HORA DE VOO,Não
2026-08-18,25940,Sem informação,SIM,PROCESSADO,3800000.0,CELOG,RAP,SOB DEMANDA,SIM
2026-08-18,25960,Sem informação,SIM,PROCESSADO,3800000.0,CELOG,RAP,SOB DEMANDA,SIM
2026-08-18,63120,Não aprovado,NÃO,,3800000.0,CELOG,C,SOB DEMANDA,SIM
2026-08-18,63140,"Aprovado, aguardando atendimento",SIM,,4394700.0,CABW,C,SOB DEMANDA,SIM
2026-08-18,63940,"Aprovado, aguardando atendimento",SIM,,528395.93,CELOG,A,HORA DE VOO,Não
2026-08-18,63960,Não aprovado,NÃO,,1000000.0,CELOG,B,SOB DEMANDA,SIM
2026-08-18,64340,"Aprovado, aguardando atendimento",SIM,,4394700.0,CABW,C,SOB DEMANDA,SIM
2026-08-18,64760,Sem informação,SIM,PROCESSADO,3306000.0,CABW,RAP,SOB DEMANDA,SIM
2026-08-18,64780,Sem informação,SIM,PROCESSADO,3306000.0,CABW,RAP,SOB DEMANDA,SIM
2026-08-18,64800,"Aprovado, aguardando atendimento",SIM,,212577.0,CELOG,A,PARCELA FIXA,NÃO
2026-08-19,10300,"Aprovado, aguardando atendimento",SIM,,135000.0,CABW,A,REQUISIÇÃO,Não
2026-08-19,10760,"Aprovado, aguardando atendimento",SIM,,400000.0,FMS,A,REQUISIÇÃO,SIM
2026-08-19,10780,"Aprovado, aguardando atendimento",SIM,,430000.0,CABW,A,REQUISIÇÃO,SIM
2026-08-19,10800,"Aprovado, aguardando atendimento",SIM,,425000.0,CABW,A,REQUISIÇÃO,SIM
2026-08-19,11680,"Aprovado, aguardando atendimento",SIM,,563000.0,CABW,A,REQUISIÇÃO,SIM
2026-08-19,11700,Atendido,SIM,ATENDIDO,3799999.6,CELOG,A,SOB DEMANDA,SIM
2026-08-19,11720,"Aprovado, aguardando atendimento",SIM,,430000.0,CABW,A,REQUISIÇÃO,SIM
2026-08-19,11740,"Aprovado, aguardando atendimento",SIM,,60000.0,CABW,A,REQUISIÇÃO,SIM
2026-08-19,11760,"Aprovado, aguardando atendimento",SIM,,200000.0,CABW,A,REQUISIÇÃO,SIM
2026-08-19,11780,"Aprovado, aguardando atendimento",SIM,,320000.0,CABW,A,REQUISIÇÃO,SIM
2026-08-19,11800,Atendido,SIM,ATENDIDO,1187433.02,CABW,A,REQUISIÇÃO,Não
2026-08-19,11820,"Aprovado, aguardando atendimento",SIM,,1000000.0,CABW,A,REQUISIÇÃO,Não
2026-08-19,11840,"Aprovado, aguardando atendimento",SIM,,1000000.0,CABW,A,REQUISIÇÃO,Não
2026-08-19,11860,"Aprovado, aguardando atendimento",SIM,,1000000.0,CABW,A,REQUISIÇÃO,Não
2026-08-19,11880,"Aprovado, aguardando atendimento",SIM,,100000.0,FMS,A,REQUISIÇÃO,Não
2026-08-19,12740,Atendido,SIM,ATENDIDO,1770880.5,CELOG,A,HORA DE VOO,Não
2026-08-19,13180,Atendido,SIM,ATENDIDO,350000.0,CELOG,A,SOB DEMANDA,SIM
2026-08-19,13181,Atendido,SIM,ATENDIDO,350000.0,CELOG,A,SOB DEMANDA,SIM
2026-08-19,13200,"Aprovado, aguardando atendimento",SIM,,1000000.0,CELOG,A,SOB DEMANDA,SIM
2026-08-19,13220,"Aprovado, aguardando atendimento",SIM,,400000.0,FMS,A,REQUISIÇÃO,SIM
2026-08-19,13240,"Aprovado, aguardando atendimento",SIM,,120000.0,CABW,A,REQUISIÇÃO,SIM
2026-08-19,13260,"Aprovado, aguardando atendimento",SIM,,80000.0,CABW,A,REQUISIÇÃO,SIM
2026-08-19,13760,Atendido,SIM,ATENDIDO,1704503.0,CELOG,A,HORA DE VOO,Não
2026-08-19,14160,Atendido,SIM,ATENDIDO,3799000.0,CELOG,A,SOB DEMANDA,SIM
2026-08-19,14161,Atendido,SIM,ATENDIDO,1000.0,CELOG,A,SOB DEMANDA,SIM
2026-08-19,14180,"Aprovado, aguardando atendimento",SIM,,100000.0,FMS,A,REQUISIÇÃO,Não
2026-08-19,15380,Atendido,SIM,ATENDIDO,150000.0,CELOG,A,SOB DEMANDA,Não
2026-08-19,15400,Atendido,SIM,ATENDIDO,150000.0,CELOG,A,SOB DEMANDA,Não
2026-08-19,15420,Atendido,SIM,ATENDIDO,18462.36,CELOG,A,SOB DEMANDA,Não
2026-08-19,15421,Atendido,SIM,ATENDIDO,324166.14,CELOG,A,SOB DEMANDA,Não
2026-08-19,15440,"Aprovado, aguardando atendimento",SIM,,30000.0,CELOG,A,SOB DEMANDA,Não
2026-08-19,15680,Atendido,SIM,ATENDIDO,1496713.48,CELOG,A,HORA DE VOO,Não
2026-08-19,15681,Atendido,SIM,ATENDIDO,207789.52,CELOG,A,HORA DE VOO,Não
2026-08-19,15960,Atendido,SIM,ATENDIDO,962290.8,CELOG,A,SOB DEMANDA,SIM
2026-08-19,15961,Atendido,SIM,ATENDIDO,798776.97,CELOG,A,SOB DEMANDA,SIM
2026-08-19,15962,Atendido,SIM,ATENDIDO,1530656.62,CELOG,A,SOB DEMANDA,SIM
2026-08-19,15963,Atendido,SIM,ATENDIDO,72958.08,CELOG,A,SOB DEMANDA,SIM
2026-08-19,15964,Atendido,SIM,ATENDIDO,8916.0,CELOG,A,SOB DEMANDA,SIM
2026-08-19,15965,Atendido,SIM,ATENDIDO,425178.5,CELOG,A,SOB DEMANDA,SIM
2026-08-19,15966,Atendido,SIM,ATENDIDO,1223.03,CELOG,A,SOB DEMANDA,SIM
2026-08-19,15980,Não aprovado,NÃO,CANCELADO,,CELOG,C,SOB DEMANDA,SIM
2026-08-19,16000,Atendido,SIM,ATENDIDO,400000.0,CELOG,A,SOB DEMANDA,SIM
2026-08-19,16001,Atendido,SIM,ATENDIDO,400000.0,CELOG,A,SOB DEMANDA,SIM
2026-08-19,16560,Atendido,SIM,ATENDIDO,173846.38,CELOG,A,HORA DE VOO,Não
2026-08-19,16561,Atendido,SIM,ATENDIDO,1530656.62,CELOG,A,HORA DE VOO,Não
2026-08-19,16700,"Aprovado, aguardando atendimento",SIM,,1000000.0,CELOG,A,SOB DEMANDA,SIM
2026-08-19,17200,"Aprovado, aguardando atendimento",SIM,,958040.0,CABW,A,REQUISIÇÃO,Não
2026-08-19,17201,Atendido,SIM,ATENDIDO,41730.64,CABW,A,REQUISIÇÃO,Não
2026-08-19,17760,"Aprovado, aguardando atendimento",SIM,,1468159.32,CELOG,A,HORA DE VOO,Não
2026-08-19,17761,"Aprovado, aguardando atendimento",SIM,,1704503.0,CELOG,A,HORA DE VOO,Não
2026-08-19,17762,"Aprovado, aguardando atendimento",SIM,,1704503.0,CELOG,A,HORA DE VOO,Não
2026-08-19,17763,Atendido,SIM,ATENDIDO,236343.68,CELOG,A,HORA DE VOO,Não
2026-08-19,18140,"Aprovado, aguardando atendimento",SIM,,1295422.28,CELOG,A,HORA DE VOO,Não
2026-08-19,19240,"Aprovado, aguardando atendimento",SIM,,500000.0,CELOG,D,PARCELA FIXA,Não
2026-08-19,19241,Não aprovado,NÃO,BLOQUEIO,5000000.0,CELOG,D,PARCELA FIXA,Não
2026-08-19,19260,Não aprovado,NÃO,CANCELADO,,CELOG,D,PARCELA FIXA,Não
2026-08-19,19600,Não aprovado,NÃO,CANCELADO,,CELOG,D,PARCELA FIXA,Não
2026-08-19,19620,Não aprovado,NÃO,CANCELADO,,CELOG,D,PARCELA FIXA,Não
2026-08-19,23120,Não aprovado,NÃO,,9389.96,CABW,C,REQUISIÇÃO,Não
2026-08-19,23160,Não aprovado,NÃO,,7204.82,CABW,C,REQUISIÇÃO,Não
2026-08-19,23100,Não aprovado,NÃO,,4227.84,CABW,C,REQUISIÇÃO,Não
2026-08-19,23080,Não aprovado,NÃO,,4064.54,CELOG,C,REQUISIÇÃO,Não
2026-08-19,23180,Não aprovado,NÃO,,3662.66,CABW,C,REQUISIÇÃO,Não
2026-08-19,23140,Não aprovado,NÃO,,1163.64,FMS,C,REQUISIÇÃO,Não
2026-08-19,23640,Não aprovado,NÃO,,120000.0,CABW,C,REQUISIÇÃO,SIM
2026-08-19,23740,"Aprovado, aguardando atendimento",SIM,,400000.0,FMS,A,REQUISIÇÃO,SIM
2026-08-19,24180,"Aprovado, aguardando atendimento",SIM,,100000.0,FMS,A,REQUISIÇÃO,Não
2026-08-19,24380,Não aprovado,NÃO,,80000.0,CABW,C,REQUISIÇÃO,SIM
2026-08-19,24660,Não aprovado,NÃO,,835000.0,CABW,C,REQUISIÇÃO,Não
2026-08-19,24661,Não aprovado,NÃO,,165000.0,CABW,C,REQUISIÇÃO,Não
2026-08-19,24680,Não aprovado,NÃO,,1000000.0,CABW,C,REQUISIÇÃO,Não
2026-08-19,24700,Não aprovado,NÃO,,1000000.0,CABW,C,REQUISIÇÃO,Não
2026-08-19,24720,Não aprovado,NÃO,,100000.0,FMS,C,REQUISIÇÃO,Não
2026-08-19,25180,"Aprovado, aguardando atendimento",SIM,,1000000.0,CELOG,A,SOB DEMANDA,SIM
2026-08-19,25900,Sem informação,SIM,PROCESSADO,1704503.0,CELOG,RAP,HORA DE VOO,Não
2026-08-19,25920,Sem informação,SIM,PROCESSADO,1638125.5,CELOG,RAP,HORA DE VOO,Não
2026-08-19,25940,Sem informação,SIM,PROCESSADO,3800000.0,CELOG,RAP,SOB DEMANDA,SIM
2026-08-19,25960,Sem informação,SIM,PROCESSADO,3800000.0,CELOG,RAP,SOB DEMANDA,SIM
2026-08-19,63120,Não aprovado,NÃO,,3800000.0,CELOG,C,SOB DEMANDA,SIM
2026-08-19,63140,"Aprovado, aguardando atendimento",SIM,,4394700.0,CABW,C,SOB DEMANDA,SIM
2026-08-19,63940,"Aprovado, aguardando atendimento",SIM,,528395.93,CELOG,A,HORA DE VOO,Não
2026-08-19,63960,Não aprovado,NÃO,,1000000.0,CELOG,B,SOB DEMANDA,SIM
2026-08-19,64340,"Aprovado, aguardando atendimento",SIM,,4394700.0,CABW,C,SOB DEMANDA,SIM
2026-08-19,64760,Sem informação,SIM,PROCESSADO,3306000.0,CABW,RAP,SOB DEMANDA,SIM
2026-08-19,64780,Sem informação,SIM,PROCESSADO,3306000.0,CABW,RAP,SOB DEMANDA,SIM
2026-08-19,64800,"Aprovado, aguardando atendimento",SIM,,212577.0,CELOG,A,PARCELA FIXA,NÃO
2026-08-20,10300,"Aprovado, aguardando atendimento",SIM,,135000.0,CABW,A,REQUISIÇÃO,Não
2026-08-20,10760,"Aprovado, aguardando atendimento",SIM,,400000.0,FMS,A,REQUISIÇÃO,SIM
2026-08-20,10780,"Aprovado, aguardando atendimento",SIM,,430000.0,CABW,A,REQUISIÇÃO,SIM
2026-08-20,10800,"Aprovado, aguardando atendimento",SIM,,425000.0,CABW,A,REQUISIÇÃO,SIM
2026-08-20,11680,"Aprovado, aguardando atendimento",SIM,,563000.0,CABW,A,REQUISIÇÃO,SIM
2026-08-20,11700,Atendido,SIM,ATENDIDO,3799999.6,CELOG,A,SOB DEMANDA,SIM
2026-08-20,11720,"Aprovado, aguardando atendimento",SIM,,430000.0,CABW,A,REQUISIÇÃO,SIM
2026-08-20,11740,"Aprovado, aguardando atendimento",SIM,,60000.0,CABW,A,REQUISIÇÃO,SIM
2026-08-20,11760,"Aprovado, aguardando atendimento",SIM,,200000.0,CABW,A,REQUISIÇÃO,SIM
2026-08-20,11780,"Aprovado, aguardando atendimento",SIM,,320000.0,CABW,A,REQUISIÇÃO,SIM
2026-08-20,11800,Atendido,SIM,ATENDIDO,1187433.02,CABW,A,REQUISIÇÃO,Não
2026-08-20,11820,"Aprovado, aguardando atendimento",SIM,,1000000.0,CABW,A,REQUISIÇÃO,Não
2026-08-20,11840,"Aprovado, aguardando atendimento",SIM,,1000000.0,CABW,A,REQUISIÇÃO,Não
2026-08-20,11860,"Aprovado, aguardando atendimento",SIM,,1000000.0,CABW,A,REQUISIÇÃO,Não
2026-08-20,11880,"Aprovado, aguardando atendimento",SIM,,100000.0,FMS,A,REQUISIÇÃO,Não
2026-08-20,12740,Atendido,SIM,ATENDIDO,1770880.5,CELOG,A,HORA DE VOO,Não
2026-08-20,13180,Atendido,SIM,ATENDIDO,350000.0,CELOG,A,SOB DEMANDA,SIM
2026-08-20,13181,Atendido,SIM,ATENDIDO,350000.0,CELOG,A,SOB DEMANDA,SIM
2026-08-20,13200,"Aprovado, aguardando atendimento",SIM,,1000000.0,CELOG,A,SOB DEMANDA,SIM
2026-08-20,13220,"Aprovado, aguardando atendimento",SIM,,400000.0,FMS,A,REQUISIÇÃO,SIM
2026-08-20,13240,"Aprovado, aguardando atendimento",SIM,,120000.0,CABW,A,REQUISIÇÃO,SIM
2026-08-20,13260,"Aprovado, aguardando atendimento",SIM,,80000.0,CABW,A,REQUISIÇÃO,SIM
2026-08-20,13760,Atendido,SIM,ATENDIDO,1704503.0,CELOG,A,HORA DE VOO,Não
2026-08-20,14160,Atendido,SIM,ATENDIDO,3799000.0,CELOG,A,SOB DEMANDA,SIM
2026-08-20,14161,Atendido,SIM,ATENDIDO,1000.0,CELOG,A,SOB DEMANDA,SIM
2026-08-20,14180,"Aprovado, aguardando atendimento",SIM,,100000.0,FMS,A,REQUISIÇÃO,Não
2026-08-20,15380,Atendido,SIM,ATENDIDO,150000.0,CELOG,A,SOB DEMANDA,Não
2026-08-20,15400,Atendido,SIM,ATENDIDO,150000.0,CELOG,A,SOB DEMANDA,Não
2026-08-20,15420,Atendido,SIM,ATENDIDO,18462.36,CELOG,A,SOB DEMANDA,Não
2026-08-20,15421,Atendido,SIM,ATENDIDO,324166.14,CELOG,A,SOB DEMANDA,Não
2026-08-20,15440,"Aprovado, aguardando atendimento",SIM,,30000.0,CELOG,A,SOB DEMANDA,Não
2026-08-20,15680,Atendido,SIM,ATENDIDO,1496713.48,CELOG,A,HORA DE VOO,Não
2026-08-20,15681,Atendido,SIM,ATENDIDO,207789.52,CELOG,A,HORA DE VOO,Não
2026-08-20,15960,Atendido,SIM,ATENDIDO,962290.8,CELOG,A,SOB DEMANDA,SIM
2026-08-20,15961,Atendido,SIM,ATENDIDO,798776.97,CELOG,A,SOB DEMANDA,SIM
2026-08-20,15962,Atendido,SIM,ATENDIDO,1530656.62,CELOG,A,SOB DEMANDA,SIM
2026-08-20,15963,Atendido,SIM,ATENDIDO,72958.08,CELOG,A,SOB DEMANDA,SIM
2026-08-20,15964,Atendido,SIM,ATENDIDO,8916.0,CELOG,A,SOB DEMANDA,SIM
2026-08-20,15965,Atendido,SIM,ATENDIDO,425178.5,CELOG,A,SOB DEMANDA,SIM
2026-08-20,15966,Atendido,SIM,ATENDIDO,1223.03,CELOG,A,SOB DEMANDA,SIM
2026-08-20,15980,Não aprovado,NÃO,CANCELADO,,CELOG,C,SOB DEMANDA,SIM
2026-08-20,16000,Atendido,SIM,ATENDIDO,400000.0,CELOG,A,SOB DEMANDA,SIM
2026-08-20,16001,Atendido,SIM,ATENDIDO,400000.0,CELOG,A,SOB DEMANDA,SIM
2026-08-20,16560,Atendido,SIM,ATENDIDO,173846.38,CELOG,A,HORA DE VOO,Não
2026-08-20,16561,Atendido,SIM,ATENDIDO,1530656.62,CELOG,A,HORA DE VOO,Não
2026-08-20,16700,"Aprovado, aguardando atendimento",SIM,,1000000.0,CELOG,A,SOB DEMANDA,SIM
2026-08-20,17200,"Aprovado, aguardando atendimento",SIM,,958040.0,CABW,A,REQUISIÇÃO,Não
2026-08-20,17201,Atendido,SIM,ATENDIDO,41730.64,CABW,A,REQUISIÇÃO,Não
2026-08-20,17760,"Aprovado, aguardando atendimento",SIM,,1468159.32,CELOG,A,HORA DE VOO,Não
2026-08-20,17761,"Aprovado, aguardando atendimento",SIM,,1704503.0,CELOG,A,HORA DE VOO,Não
2026-08-20,17762,"Aprovado, aguardando atendimento",SIM,,1704503.0,CELOG,A,HORA DE VOO,Não
2026-08-20,17763,Atendido,SIM,ATENDIDO,236343.68,CELOG,A,HORA DE VOO,Não
2026-08-20,18140,"Aprovado, aguardando atendimento",SIM,,1295422.28,CELOG,A,HORA DE VOO,Não
2026-08-20,19240,"Aprovado, aguardando atendimento",SIM,,500000.0,CELOG,D,PARCELA FIXA,Não
2026-08-20,19241,Não aprovado,NÃO,BLOQUEIO,5000000.0,CELOG,D,PARCELA FIXA,Não
2026-08-20,19260,Não aprovado,NÃO,CANCELADO,,CELOG,D,PARCELA FIXA,Não
2026-08-20,19600,Não aprovado,NÃO,CANCELADO,,CELOG,D,PARCELA FIXA,Não
2026-08-20,19620,Não aprovado,NÃO,CANCELADO,,CELOG,D,PARCELA FIXA,Não
2026-08-20,23120,Não aprovado,NÃO,,9389.96,CABW,C,REQUISIÇÃO,Não
2026-08-20,23160,Não aprovado,NÃO,,7204.82,CABW,C,REQUISIÇÃO,Não
2026-08-20,23100,Não aprovado,NÃO,,4227.84,CABW,C,REQUISIÇÃO,Não
2026-08-20,23080,Não aprovado,NÃO,,4064.54,CELOG,C,REQUISIÇÃO,Não
2026-08-20,23180,Não aprovado,NÃO,,3662.66,CABW,C,REQUISIÇÃO,Não
2026-08-20,23140,Não aprovado,NÃO,,1163.64,FMS,C,REQUISIÇÃO,Não
2026-08-20,23640,Não aprovado,NÃO,,120000.0,CABW,C,REQUISIÇÃO,SIM
2026-08-20,23740,"Aprovado, aguardando atendimento",SIM,,400000.0,FMS,A,REQUISIÇÃO,SIM
2026-08-20,24180,"Aprovado, aguardando atendimento",SIM,,100000.0,FMS,A,REQUISIÇÃO,Não
2026-08-20,24380,Não aprovado,NÃO,,80000.0,CABW,C,REQUISIÇÃO,SIM
2026-08-20,24660,Não aprovado,NÃO,,835000.0,CABW,C,REQUISIÇÃO,Não
2026-08-20,24661,Não aprovado,NÃO,,165000.0,CABW,C,REQUISIÇÃO,Não
2026-08-20,24680,Não aprovado,NÃO,,1000000.0,CABW,C,REQUISIÇÃO,Não
2026-08-20,24700,Não aprovado,NÃO,,1000000.0,CABW,C,REQUISIÇÃO,Não
2026-08-20,24720,Não aprovado,NÃO,,100000.0,FMS,C,REQUISIÇÃO,Não
2026-08-20,25180,"Aprovado, aguardando atendimento",SIM,,1000000.0,CELOG,A,SOB DEMANDA,SIM
2026-08-20,25900,Sem informação,SIM,PROCESSADO,1704503.0,CELOG,RAP,HORA DE VOO,Não
2026-08-20,25920,Sem informação,SIM,PROCESSADO,1638125.5,CELOG,RAP,HORA DE VOO,Não
2026-08-20,25940,Sem informação,SIM,PROCESSADO,3800000.0,CELOG,RAP,SOB DEMANDA,SIM
2026-08-20,25960,Sem informação,SIM,PROCESSADO,3800000.0,CELOG,RAP,SOB DEMANDA,SIM
2026-08-20,63120,Não aprovado,NÃO,,3800000.0,CELOG,C,SOB DEMANDA,SIM
2026-08-20,63140,"Aprovado, aguardando atendimento",SIM,,4394700.0,CABW,C,SOB DEMANDA,SIM
2026-08-20,63940,"Aprovado, aguardando atendimento",SIM,,528395.93,CELOG,A,HORA DE VOO,Não
2026-08-20,63960,Não aprovado,NÃO,,1000000.0,CELOG,B,SOB DEMANDA,SIM
2026-08-20,64340,"Aprovado, aguardando atendimento",SIM,,4394700.0,CABW,C,SOB DEMANDA,SIM
2026-08-20,64760,Sem informação,SIM,PROCESSADO,3306000.0,CABW,RAP,SOB DEMANDA,SIM
2026-08-20,64780,Sem informação,SIM,PROCESSADO,3306000.0,CABW,RAP,SOB DEMANDA,SIM
2026-08-20,64800,"Aprovado, aguardando atendimento",SIM,,212577.0,CELOG,A,PARCELA FIXA,NÃO
2026-08-21,10300,"Aprovado, aguardando atendimento",SIM,,135000.0,CABW,A,REQUISIÇÃO,Não
2026-08-21,10760,"Aprovado, aguardando atendimento",SIM,,400000.0,FMS,A,REQUISIÇÃO,SIM
2026-08-21,10780,"Aprovado, aguardando atendimento",SIM,,430000.0,CABW,A,REQUISIÇÃO,SIM
2026-08-21,10800,"Aprovado, aguardando atendimento",SIM,,425000.0,CABW,A,REQUISIÇÃO,SIM
2026-08-21,11680,"Aprovado, aguardando atendimento",SIM,,563000.0,CABW,A,REQUISIÇÃO,SIM
2026-08-21,11700,Atendido,SIM,ATENDIDO,3799999.6,CELOG,A,SOB DEMANDA,SIM
2026-08-21,11720,"Aprovado, aguardando atendimento",SIM,,430000.0,CABW,A,REQUISIÇÃO,SIM
2026-08-21,11740,"Aprovado, aguardando atendimento",SIM,,60000.0,CABW,A,REQUISIÇÃO,SIM
2026-08-21,11760,"Aprovado, aguardando atendimento",SIM,,200000.0,CABW,A,REQUISIÇÃO,SIM
2026-08-21,11780,"Aprovado, aguardando atendimento",SIM,,320000.0,CABW,A,REQUISIÇÃO,SIM
2026-08-21,11800,Atendido,SIM,ATENDIDO,1187433.02,CABW,A,REQUISIÇÃO,Não
2026-08-21,11820,"Aprovado, aguardando atendimento",SIM,,1000000.0,CABW,A,REQUISIÇÃO,Não
2026-08-21,11840,"Aprovado, aguardando atendimento",SIM,,1000000.0,CABW,A,REQUISIÇÃO,Não
2026-08-21,11860,"Aprovado, aguardando atendimento",SIM,,1000000.0,CABW,A,REQUISIÇÃO,Não
2026-08-21,11880,"Aprovado, aguardando atendimento",SIM,,100000.0,FMS,A,REQUISIÇÃO,Não
2026-08-21,12740,Atendido,SIM,ATENDIDO,1770880.5,CELOG,A,HORA DE VOO,Não
2026-08-21,13180,Atendido,SIM,ATENDIDO,350000.0,CELOG,A,SOB DEMANDA,SIM
2026-08-21,13181,Atendido,SIM,ATENDIDO,350000.0,CELOG,A,SOB DEMANDA,SIM
2026-08-21,13200,"Aprovado, aguardando atendimento",SIM,,1000000.0,CELOG,A,SOB DEMANDA,SIM
2026-08-21,13220,"Aprovado, aguardando atendimento",SIM,,400000.0,FMS,A,REQUISIÇÃO,SIM
2026-08-21,13240,"Aprovado, aguardando atendimento",SIM,,120000.0,CABW,A,REQUISIÇÃO,SIM
2026-08-21,13260,"Aprovado, aguardando atendimento",SIM,,80000.0,CABW,A,REQUISIÇÃO,SIM
2026-08-21,13760,Atendido,SIM,ATENDIDO,1704503.0,CELOG,A,HORA DE VOO,Não
2026-08-21,14160,Atendido,SIM,ATENDIDO,3799000.0,CELOG,A,SOB DEMANDA,SIM
2026-08-21,14161,Atendido,SIM,ATENDIDO,1000.0,CELOG,A,SOB DEMANDA,SIM
2026-08-21,14180,"Aprovado, aguardando atendimento",SIM,,100000.0,FMS,A,REQUISIÇÃO,Não
2026-08-21,15380,Atendido,SIM,ATENDIDO,150000.0,CELOG,A,SOB DEMANDA,Não
2026-08-21,15400,Atendido,SIM,ATENDIDO,150000.0,CELOG,A,SOB DEMANDA,Não
2026-08-21,15420,Atendido,SIM,ATENDIDO,18462.36,CELOG,A,SOB DEMANDA,Não
2026-08-21,15421,Atendido,SIM,ATENDIDO,324166.14,CELOG,A,SOB DEMANDA,Não
2026-08-21,15440,"Aprovado, aguardando atendimento",SIM,,30000.0,CELOG,A,SOB DEMANDA,Não
2026-08-21,15680,Atendido,SIM,ATENDIDO,1496713.48,CELOG,A,HORA DE VOO,Não
2026-08-21,15681,Atendido,SIM,ATENDIDO,207789.52,CELOG,A,HORA DE VOO,Não
2026-08-21,15960,Atendido,SIM,ATENDIDO,962290.8,CELOG,A,SOB DEMANDA,SIM
2026-08-21,15961,Atendido,SIM,ATENDIDO,798776.97,CELOG,A,SOB DEMANDA,SIM
2026-08-21,15962,Atendido,SIM,ATENDIDO,1530656.62,CELOG,A,SOB DEMANDA,SIM
2026-08-21,15963,Atendido,SIM,ATENDIDO,72958.08,CELOG,A,SOB DEMANDA,SIM
2026-08-21,15964,Atendido,SIM,ATENDIDO,8916.0,CELOG,A,SOB DEMANDA,SIM
2026-08-21,15965,Atendido,SIM,ATENDIDO,425178.5,CELOG,A,SOB DEMANDA,SIM
2026-08-21,15966,Atendido,SIM,ATENDIDO,1223.03,CELOG,A,SOB DEMANDA,SIM
2026-08-21,15980,Não aprovado,NÃO,CANCELADO,,CELOG,C,SOB DEMANDA,SIM
2026-08-21,16000,Atendido,SIM,ATENDIDO,400000.0,CELOG,A,SOB DEMANDA,SIM
2026-08-21,16001,Atendido,SIM,ATENDIDO,400000.0,CELOG,A,SOB DEMANDA,SIM
2026-08-21,16560,Atendido,SIM,ATENDIDO,173846.38,CELOG,A,HORA DE VOO,Não
2026-08-21,16561,Atendido,SIM,ATENDIDO,1530656.62,CELOG,A,HORA DE VOO,Não
2026-08-21,16700,"Aprovado, aguardando atendimento",SIM,,1000000.0,CELOG,A,SOB DEMANDA,SIM
2026-08-21,17200,"Aprovado, aguardando atendimento",SIM,,958040.0,CABW,A,REQUISIÇÃO,Não
2026-08-21,17201,Atendido,SIM,ATENDIDO,41730.64,CABW,A,REQUISIÇÃO,Não
2026-08-21,17760,"Aprovado, aguardando atendimento",SIM,,1468159.32,CELOG,A,HORA DE VOO,Não
2026-08-21,17761,"Aprovado, aguardando atendimento",SIM,,1704503.0,CELOG,A,HORA DE VOO,Não
2026-08-21,17762,"Aprovado, aguardando atendimento",SIM,,1704503.0,CELOG,A,HORA DE VOO,Não
2026-08-21,17763,Atendido,SIM,ATENDIDO,236343.68,CELOG,A,HORA DE VOO,Não
2026-08-21,18140,"Aprovado, aguardando atendimento",SIM,,1295422.28,CELOG,A,HORA DE VOO,Não
2026-08-21,19240,"Aprovado, aguardando atendimento",SIM,,500000.0,CELOG,D,PARCELA FIXA,Não
2026-08-21,19241,Não aprovado,NÃO,BLOQUEIO,5000000.0,CELOG,D,PARCELA FIXA,Não
2026-08-21,19260,Não aprovado,NÃO,CANCELADO,,CELOG,D,PARCELA FIXA,Não
2026-08-21,19600,Não aprovado,NÃO,CANCELADO,,CELOG,D,PARCELA FIXA,Não
2026-08-21,19620,Não aprovado,NÃO,CANCELADO,,CELOG,D,PARCELA FIXA,Não
2026-08-21,23120,Não aprovado,NÃO,,9389.96,CABW,C,REQUISIÇÃO,Não
2026-08-21,23160,Não aprovado,NÃO,,7204.82,CABW,C,REQUISIÇÃO,Não
2026-08-21,23100,Não aprovado,NÃO,,4227.84,CABW,C,REQUISIÇÃO,Não
2026-08-21,23080,Não aprovado,NÃO,,4064.54,CELOG,C,REQUISIÇÃO,Não
2026-08-21,23180,Não aprovado,NÃO,,3662.66,CABW,C,REQUISIÇÃO,Não
2026-08-21,23140,Não aprovado,NÃO,,1163.64,FMS,C,REQUISIÇÃO,Não
2026-08-21,23640,Não aprovado,NÃO,,120000.0,CABW,C,REQUISIÇÃO,SIM
2026-08-21,23740,"Aprovado, aguardando atendimento",SIM,,400000.0,FMS,A,REQUISIÇÃO,SIM
2026-08-21,24180,"Aprovado, aguardando atendimento",SIM,,100000.0,FMS,A,REQUISIÇÃO,Não
2026-08-21,24380,Não aprovado,NÃO,,80000.0,CABW,C,REQUISIÇÃO,SIM
2026-08-21,24660,Não aprovado,NÃO,,835000.0,CABW,C,REQUISIÇÃO,Não
2026-08-21,24661,Não aprovado,NÃO,,165000.0,CABW,C,REQUISIÇÃO,Não
2026-08-21,24680,Não aprovado,NÃO,,1000000.0,CABW,C,REQUISIÇÃO,Não
2026-08-21,24700,Não aprovado,NÃO,,1000000.0,CABW,C,REQUISIÇÃO,Não
2026-08-21,24720,Não aprovado,NÃO,,100000.0,FMS,C,REQUISIÇÃO,Não
2026-08-21,25180,"Aprovado, aguardando atendimento",SIM,,1000000.0,CELOG,A,SOB DEMANDA,SIM
2026-08-21,25900,Sem informação,SIM,PROCESSADO,1704503.0,CELOG,RAP,HORA DE VOO,Não
2026-08-21,25920,Sem informação,SIM,PROCESSADO,1638125.5,CELOG,RAP,HORA DE VOO,Não
2026-08-21,25940,Sem informação,SIM,PROCESSADO,3800000.0,CELOG,RAP,SOB DEMANDA,SIM
2026-08-21,25960,Sem informação,SIM,PROCESSADO,3800000.0,CELOG,RAP,SOB DEMANDA,SIM
2026-08-21,63120,Não aprovado,NÃO,,3800000.0,CELOG,C,SOB DEMANDA,SIM
2026-08-21,63140,"Aprovado, aguardando atendimento",SIM,,4394700.0,CABW,C,SOB DEMANDA,SIM
2026-08-21,63940,"Aprovado, aguardando atendimento",SIM,,528395.93,CELOG,A,HORA DE VOO,Não
2026-08-21,63960,Não aprovado,NÃO,,1000000.0,CELOG,B,SOB DEMANDA,SIM
2026-08-21,64340,"Aprovado, aguardando atendimento",SIM,,4394700.0,CABW,C,SOB DEMANDA,SIM
2026-08-21,64760,Sem informação,SIM,PROCESSADO,3306000.0,CABW,RAP,SOB DEMANDA,SIM
2026-08-21,64780,Sem informação,SIM,PROCESSADO,3306000.0,CABW,RAP,SOB DEMANDA,SIM
2026-08-21,64800,"Aprovado, aguardando atendimento",SIM,,212577.0,CELOG,A,PARCELA FIXA,NÃO
2026-08-24,10300,"Aprovado, aguardando atendimento",SIM,,135000.0,CABW,A,REQUISIÇÃO,Não
2026-08-24,10760,"Aprovado, aguardando atendimento",SIM,,400000.0,FMS,A,REQUISIÇÃO,SIM
2026-08-24,10780,"Aprovado, aguardando atendimento",SIM,,430000.0,CABW,A,REQUISIÇÃO,SIM
2026-08-24,10800,"Aprovado, aguardando atendimento",SIM,,425000.0,CABW,A,REQUISIÇÃO,SIM
2026-08-24,11680,"Aprovado, aguardando atendimento",SIM,,563000.0,CABW,A,REQUISIÇÃO,SIM
2026-08-24,11700,Atendido,SIM,ATENDIDO,3799999.6,CELOG,A,SOB DEMANDA,SIM
2026-08-24,11720,"Aprovado, aguardando atendimento",SIM,,430000.0,CABW,A,REQUISIÇÃO,SIM
2026-08-24,11740,"Aprovado, aguardando atendimento",SIM,,60000.0,CABW,A,REQUISIÇÃO,SIM
2026-08-24,11760,"Aprovado, aguardando atendimento",SIM,,200000.0,CABW,A,REQUISIÇÃO,SIM
2026-08-24,11780,"Aprovado, aguardando atendimento",SIM,,320000.0,CABW,A,REQUISIÇÃO,SIM
2026-08-24,11800,Atendido,SIM,ATENDIDO,1187433.02,CABW,A,REQUISIÇÃO,Não
2026-08-24,11820,"Aprovado, aguardando atendimento",SIM,,1000000.0,CABW,A,REQUISIÇÃO,Não
2026-08-24,11840,"Aprovado, aguardando atendimento",SIM,,1000000.0,CABW,A,REQUISIÇÃO,Não
2026-08-24,11860,"Aprovado, aguardando atendimento",SIM,,1000000.0,CABW,A,REQUISIÇÃO,Não
2026-08-24,11880,"Aprovado, aguardando atendimento",SIM,,100000.0,FMS,A,REQUISIÇÃO,Não
2026-08-24,12740,Atendido,SIM,ATENDIDO,1770880.5,CELOG,A,HORA DE VOO,Não
2026-08-24,13180,Atendido,SIM,ATENDIDO,350000.0,CELOG,A,SOB DEMANDA,SIM
2026-08-24,13181,Atendido,SIM,ATENDIDO,350000.0,CELOG,A,SOB DEMANDA,SIM
2026-08-24,13200,"Aprovado, aguardando atendimento",SIM,,1000000.0,CELOG,A,SOB DEMANDA,SIM
2026-08-24,13220,"Aprovado, aguardando atendimento",SIM,,400000.0,FMS,A,REQUISIÇÃO,SIM
2026-08-24,13240,"Aprovado, aguardando atendimento",SIM,,120000.0,CABW,A,REQUISIÇÃO,SIM
2026-08-24,13260,"Aprovado, aguardando atendimento",SIM,,80000.0,CABW,A,REQUISIÇÃO,SIM
2026-08-24,13760,Atendido,SIM,ATENDIDO,1704503.0,CELOG,A,HORA DE VOO,Não
2026-08-24,14160,Atendido,SIM,ATENDIDO,3799000.0,CELOG,A,SOB DEMANDA,SIM
2026-08-24,14161,Atendido,SIM,ATENDIDO,1000.0,CELOG,A,SOB DEMANDA,SIM
2026-08-24,14180,"Aprovado, aguardando atendimento",SIM,,100000.0,FMS,A,REQUISIÇÃO,Não
2026-08-24,15380,Atendido,SIM,ATENDIDO,150000.0,CELOG,A,SOB DEMANDA,Não
2026-08-24,15400,Atendido,SIM,ATENDIDO,150000.0,CELOG,A,SOB DEMANDA,Não
2026-08-24,15420,Atendido,SIM,ATENDIDO,18462.36,CELOG,A,SOB DEMANDA,Não
2026-08-24,15421,Atendido,SIM,ATENDIDO,324166.14,CELOG,A,SOB DEMANDA,Não
2026-08-24,15440,"Aprovado, aguardando atendimento",SIM,,30000.0,CELOG,A,SOB DEMANDA,Não
2026-08-24,15680,Atendido,SIM,ATENDIDO,1496713.48,CELOG,A,HORA DE VOO,Não
2026-08-24,15681,Atendido,SIM,ATENDIDO,207789.52,CELOG,A,HORA DE VOO,Não
2026-08-24,15960,Atendido,SIM,ATENDIDO,962290.8,CELOG,A,SOB DEMANDA,SIM
2026-08-24,15961,Atendido,SIM,ATENDIDO,798776.97,CELOG,A,SOB DEMANDA,SIM
2026-08-24,15962,Atendido,SIM,ATENDIDO,1530656.62,CELOG,A,SOB DEMANDA,SIM
2026-08-24,15963,Atendido,SIM,ATENDIDO,72958.08,CELOG,A,SOB DEMANDA,SIM
2026-08-24,15964,Atendido,SIM,ATENDIDO,8916.0,CELOG,A,SOB DEMANDA,SIM
2026-08-24,15965,Atendido,SIM,ATENDIDO,425178.5,CELOG,A,SOB DEMANDA,SIM
2026-08-24,15966,Atendido,SIM,ATENDIDO,1223.03,CELOG,A,SOB DEMANDA,SIM
2026-08-24,15980,Não aprovado,NÃO,CANCELADO,,CELOG,C,SOB DEMANDA,SIM
2026-08-24,16000,Atendido,SIM,ATENDIDO,400000.0,CELOG,A,SOB DEMANDA,SIM
2026-08-24,16001,Atendido,SIM,ATENDIDO,400000.0,CELOG,A,SOB DEMANDA,SIM
2026-08-24,16560,Atendido,SIM,ATENDIDO,173846.38,CELOG,A,HORA DE VOO,Não
2026-08-24,16561,Atendido,SIM,ATENDIDO,1530656.62,CELOG,A,HORA DE VOO,Não
2026-08-24,16700,"Aprovado, aguardando atendimento",SIM,,1000000.0,CELOG,A,SOB DEMANDA,SIM
2026-08-24,17200,"Aprovado, aguardando atendimento",SIM,,958040.0,CABW,A,REQUISIÇÃO,Não
2026-08-24,17201,Atendido,SIM,ATENDIDO,41730.64,CABW,A,REQUISIÇÃO,Não
2026-08-24,17760,"Aprovado, aguardando atendimento",SIM,,1468159.32,CELOG,A,HORA DE VOO,Não
2026-08-24,17761,"Aprovado, aguardando atendimento",SIM,,1704503.0,CELOG,A,HORA DE VOO,Não
2026-08-24,17762,"Aprovado, aguardando atendimento",SIM,,1704503.0,CELOG,A,HORA DE VOO,Não
2026-08-24,17763,Atendido,SIM,ATENDIDO,236343.68,CELOG,A,HORA DE VOO,Não
2026-08-24,18140,"Aprovado, aguardando atendimento",SIM,,1295422.28,CELOG,A,HORA DE VOO,Não
2026-08-24,19240,"Aprovado, aguardando atendimento",SIM,,500000.0,CELOG,D,PARCELA FIXA,Não
2026-08-24,19241,Não aprovado,NÃO,BLOQUEIO,5000000.0,CELOG,D,PARCELA FIXA,Não
2026-08-24,19260,Não aprovado,NÃO,CANCELADO,,CELOG,D,PARCELA FIXA,Não
2026-08-24,19600,Não aprovado,NÃO,CANCELADO,,CELOG,D,PARCELA FIXA,Não
2026-08-24,19620,Não aprovado,NÃO,CANCELADO,,CELOG,D,PARCELA FIXA,Não
2026-08-24,23120,Não aprovado,NÃO,,9389.96,CABW,C,REQUISIÇÃO,Não
2026-08-24,23160,Não aprovado,NÃO,,7204.82,CABW,C,REQUISIÇÃO,Não
2026-08-24,23100,Não aprovado,NÃO,,4227.84,CABW,C,REQUISIÇÃO,Não
2026-08-24,23080,Não aprovado,NÃO,,4064.54,CELOG,C,REQUISIÇÃO,Não
2026-08-24,23180,Não aprovado,NÃO,,3662.66,CABW,C,REQUISIÇÃO,Não
2026-08-24,23140,Não aprovado,NÃO,,1163.64,FMS,C,REQUISIÇÃO,Não
2026-08-24,23640,Não aprovado,NÃO,,120000.0,CABW,C,REQUISIÇÃO,SIM
2026-08-24,23740,"Aprovado, aguardando atendimento",SIM,,400000.0,FMS,A,REQUISIÇÃO,SIM
2026-08-24,24180,"Aprovado, aguardando atendimento",SIM,,100000.0,FMS,A,REQUISIÇÃO,Não
2026-08-24,24380,Não aprovado,NÃO,,80000.0,CABW,C,REQUISIÇÃO,SIM
2026-08-24,24660,Não aprovado,NÃO,,835000.0,CABW,C,REQUISIÇÃO,Não
2026-08-24,24661,Não aprovado,NÃO,,165000.0,CABW,C,REQUISIÇÃO,Não
2026-08-24,24680,Não aprovado,NÃO,,1000000.0,CABW,C,REQUISIÇÃO,Não
2026-08-24,24700,Não aprovado,NÃO,,1000000.0,CABW,C,REQUISIÇÃO,Não
2026-08-24,24720,Não aprovado,NÃO,,100000.0,FMS,C,REQUISIÇÃO,Não
2026-08-24,25180,"Aprovado, aguardando atendimento",SIM,,1000000.0,CELOG,A,SOB DEMANDA,SIM
2026-08-24,25900,Sem informação,SIM,PROCESSADO,1704503.0,CELOG,RAP,HORA DE VOO,Não
2026-08-24,25920,Sem informação,SIM,PROCESSADO,1638125.5,CELOG,RAP,HORA DE VOO,Não
2026-08-24,25940,Sem informação,SIM,PROCESSADO,3800000.0,CELOG,RAP,SOB DEMANDA,SIM
2026-08-24,25960,Sem informação,SIM,PROCESSADO,3800000.0,CELOG,RAP,SOB DEMANDA,SIM
2026-08-24,63120,Não aprovado,NÃO,,3800000.0,CELOG,C,SOB DEMANDA,SIM
2026-08-24,63140,"Aprovado, aguardando atendimento",SIM,,4394700.0,CABW,C,SOB DEMANDA,SIM
2026-08-24,63940,"Aprovado, aguardando atendimento",SIM,,528395.93,CELOG,A,HORA DE VOO,Não
2026-08-24,63960,Não aprovado,NÃO,,1000000.0,CELOG,B,SOB DEMANDA,SIM
2026-08-24,64340,"Aprovado, aguardando atendimento",SIM,,4394700.0,CABW,C,SOB DEMANDA,SIM
2026-08-24,64760,Sem informação,SIM,PROCESSADO,3306000.0,CABW,RAP,SOB DEMANDA,SIM
2026-08-24,64780,Sem informação,SIM,PROCESSADO,3306000.0,CABW,RAP,SOB DEMANDA,SIM
2026-08-24,64800,"Aprovado, aguardando atendimento",SIM,,212577.0,CELOG,A,PARCELA FIXA,NÃO
2026-08-25,10300,"Aprovado, aguardando atendimento",SIM,,135000.0,CABW,A,REQUISIÇÃO,Não
2026-08-25,10760,"Aprovado, aguardando atendimento",SIM,,400000.0,FMS,A,REQUISIÇÃO,SIM
2026-08-25,10780,"Aprovado, aguardando atendimento",SIM,,430000.0,CABW,A,REQUISIÇÃO,SIM
2026-08-25,10800,"Aprovado, aguardando atendimento",SIM,,425000.0,CABW,A,REQUISIÇÃO,SIM
2026-08-25,11680,"Aprovado, aguardando atendimento",SIM,,563000.0,CABW,A,REQUISIÇÃO,SIM
2026-08-25,11700,Atendido,SIM,ATENDIDO,3799999.6,CELOG,A,SOB DEMANDA,SIM
2026-08-25,11720,"Aprovado, aguardando atendimento",SIM,,430000.0,CABW,A,REQUISIÇÃO,SIM
2026-08-25,11740,"Aprovado, aguardando atendimento",SIM,,60000.0,CABW,A,REQUISIÇÃO,SIM
2026-08-25,11760,"Aprovado, aguardando atendimento",SIM,,200000.0,CABW,A,REQUISIÇÃO,SIM
2026-08-25,11780,"Aprovado, aguardando atendimento",SIM,,320000.0,CABW,A,REQUISIÇÃO,SIM
2026-08-25,11800,Atendido,SIM,ATENDIDO,1187433.02,CABW,A,REQUISIÇÃO,Não
2026-08-25,11820,"Aprovado, aguardando atendimento",SIM,,1000000.0,CABW,A,REQUISIÇÃO,Não
2026-08-25,11840,"Aprovado, aguardando atendimento",SIM,,1000000.0,CABW,A,REQUISIÇÃO,Não
2026-08-25,11860,"Aprovado, aguardando atendimento",SIM,,1000000.0,CABW,A,REQUISIÇÃO,Não
2026-08-25,11880,"Aprovado, aguardando atendimento",SIM,,100000.0,FMS,A,REQUISIÇÃO,Não
2026-08-25,12740,Atendido,SIM,ATENDIDO,1770880.5,CELOG,A,HORA DE VOO,Não
2026-08-25,13180,Atendido,SIM,ATENDIDO,350000.0,CELOG,A,SOB DEMANDA,SIM
2026-08-25,13181,Atendido,SIM,ATENDIDO,350000.0,CELOG,A,SOB DEMANDA,SIM
2026-08-25,13200,"Aprovado, aguardando atendimento",SIM,,1000000.0,CELOG,A,SOB DEMANDA,SIM
2026-08-25,13220,"Aprovado, aguardando atendimento",SIM,,400000.0,FMS,A,REQUISIÇÃO,SIM
2026-08-25,13240,"Aprovado, aguardando atendimento",SIM,,120000.0,CABW,A,REQUISIÇÃO,SIM
2026-08-25,13260,"Aprovado, aguardando atendimento",SIM,,80000.0,CABW,A,REQUISIÇÃO,SIM
2026-08-25,13760,Atendido,SIM,ATENDIDO,1704503.0,CELOG,A,HORA DE VOO,Não
2026-08-25,14160,Atendido,SIM,ATENDIDO,3799000.0,CELOG,A,SOB DEMANDA,SIM
2026-08-25,14161,Atendido,SIM,ATENDIDO,1000.0,CELOG,A,SOB DEMANDA,SIM
2026-08-25,14180,"Aprovado, aguardando atendimento",SIM,,100000.0,FMS,A,REQUISIÇÃO,Não
2026-08-25,15380,Atendido,SIM,ATENDIDO,150000.0,CELOG,A,SOB DEMANDA,Não
2026-08-25,15400,Atendido,SIM,ATENDIDO,150000.0,CELOG,A,SOB DEMANDA,Não
2026-08-25,15420,Atendido,SIM,ATENDIDO,18462.36,CELOG,A,SOB DEMANDA,Não
2026-08-25,15421,Atendido,SIM,ATENDIDO,324166.14,CELOG,A,SOB DEMANDA,Não
2026-08-25,15440,"Aprovado, aguardando atendimento",SIM,,30000.0,CELOG,A,SOB DEMANDA,Não
2026-08-25,15680,Atendido,SIM,ATENDIDO,1496713.48,CELOG,A,HORA DE VOO,Não
2026-08-25,15681,Atendido,SIM,ATENDIDO,207789.52,CELOG,A,HORA DE VOO,Não
2026-08-25,15960,Atendido,SIM,ATENDIDO,962290.8,CELOG,A,SOB DEMANDA,SIM
2026-08-25,15961,Atendido,SIM,ATENDIDO,798776.97,CELOG,A,SOB DEMANDA,SIM
2026-08-25,15962,Atendido,SIM,ATENDIDO,1530656.62,CELOG,A,SOB DEMANDA,SIM
2026-08-25,15963,Atendido,SIM,ATENDIDO,72958.08,CELOG,A,SOB DEMANDA,SIM
2026-08-25,15964,Atendido,SIM,ATENDIDO,8916.0,CELOG,A,SOB DEMANDA,SIM
2026-08-25,15965,Atendido,SIM,ATENDIDO,425178.5,CELOG,A,SOB DEMANDA,SIM
2026-08-25,15966,Atendido,SIM,ATENDIDO,1223.03,CELOG,A,SOB DEMANDA,SIM
2026-08-25,15980,Não aprovado,NÃO,CANCELADO,,CELOG,C,SOB DEMANDA,SIM
2026-08-25,16000,Atendido,SIM,ATENDIDO,400000.0,CELOG,A,SOB DEMANDA,SIM
2026-08-25,16001,Atendido,SIM,ATENDIDO,400000.0,CELOG,A,SOB DEMANDA,SIM
2026-08-25,16560,Atendido,SIM,ATENDIDO,173846.38,CELOG,A,HORA DE VOO,Não
2026-08-25,16561,Atendido,SIM,ATENDIDO,1530656.62,CELOG,A,HORA DE VOO,Não
2026-08-25,16700,"Aprovado, aguardando atendimento",SIM,,1000000.0,CELOG,A,SOB DEMANDA,SIM
2026-08-25,17200,"Aprovado, aguardando atendimento",SIM,,958040.0,CABW,A,REQUISIÇÃO,Não
2026-08-25,17201,Atendido,SIM,ATENDIDO,41730.64,CABW,A,REQUISIÇÃO,Não
2026-08-25,17760,"Aprovado, aguardando atendimento",SIM,,1468159.32,CELOG,A,HORA DE VOO,Não
2026-08-25,17761,"Aprovado, aguardando atendimento",SIM,,1704503.0,CELOG,A,HORA DE VOO,Não
2026-08-25,17762,"Aprovado, aguardando atendimento",SIM,,1704503.0,CELOG,A,HORA DE VOO,Não
2026-08-25,17763,Atendido,SIM,ATENDIDO,236343.68,CELOG,A,HORA DE VOO,Não
2026-08-25,18140,"Aprovado, aguardando atendimento",SIM,,1295422.28,CELOG,A,HORA DE VOO,Não
2026-08-25,19240,"Aprovado, aguardando atendimento",SIM,,500000.0,CELOG,D,PARCELA FIXA,Não
2026-08-25,19241,Não aprovado,NÃO,BLOQUEIO,5000000.0,CELOG,D,PARCELA FIXA,Não
2026-08-25,19260,Não aprovado,NÃO,CANCELADO,,CELOG,D,PARCELA FIXA,Não
2026-08-25,19600,Não aprovado,NÃO,CANCELADO,,CELOG,D,PARCELA FIXA,Não
2026-08-25,19620,Não aprovado,NÃO,CANCELADO,,CELOG,D,PARCELA FIXA,Não
2026-08-25,23120,Não aprovado,NÃO,,9389.96,CABW,C,REQUISIÇÃO,Não
2026-08-25,23160,Não aprovado,NÃO,,7204.82,CABW,C,REQUISIÇÃO,Não
2026-08-25,23100,Não aprovado,NÃO,,4227.84,CABW,C,REQUISIÇÃO,Não
2026-08-25,23080,Não aprovado,NÃO,,4064.54,CELOG,C,REQUISIÇÃO,Não
2026-08-25,23180,Não aprovado,NÃO,,3662.66,CABW,C,REQUISIÇÃO,Não
2026-08-25,23140,Não aprovado,NÃO,,1163.64,FMS,C,REQUISIÇÃO,Não
2026-08-25,23640,Não aprovado,NÃO,,120000.0,CABW,C,REQUISIÇÃO,SIM
2026-08-25,23740,"Aprovado, aguardando atendimento",SIM,,400000.0,FMS,A,REQUISIÇÃO,SIM
2026-08-25,24180,"Aprovado, aguardando atendimento",SIM,,100000.0,FMS,A,REQUISIÇÃO,Não
2026-08-25,24380,Não aprovado,NÃO,,80000.0,CABW,C,REQUISIÇÃO,SIM
2026-08-25,24660,Não aprovado,NÃO,,835000.0,CABW,C,REQUISIÇÃO,Não
2026-08-25,24661,Não aprovado,NÃO,,165000.0,CABW,C,REQUISIÇÃO,Não
2026-08-25,24680,Não aprovado,NÃO,,1000000.0,CABW,C,REQUISIÇÃO,Não
2026-08-25,24700,Não aprovado,NÃO,,1000000.0,CABW,C,REQUISIÇÃO,Não
2026-08-25,24720,Não aprovado,NÃO,,100000.0,FMS,C,REQUISIÇÃO,Não
2026-08-25,25180,"Aprovado, aguardando atendimento",SIM,,1000000.0,CELOG,A,SOB DEMANDA,SIM
2026-08-25,25900,Sem informação,SIM,PROCESSADO,1704503.0,CELOG,RAP,HORA DE VOO,Não
2026-08-25,25920,Sem informação,SIM,PROCESSADO,1638125.5,CELOG,RAP,HORA DE VOO,Não
2026-08-25,25940,Sem informação,SIM,PROCESSADO,3800000.0,CELOG,RAP,SOB DEMANDA,SIM
2026-08-25,25960,Sem informação,SIM,PROCESSADO,3800000.0,CELOG,RAP,SOB DEMANDA,SIM
2026-08-25,63120,Não aprovado,NÃO,,3800000.0,CELOG,C,SOB DEMANDA,SIM
2026-08-25,63140,"Aprovado, aguardando atendimento",SIM,,4394700.0,CABW,C,SOB DEMANDA,SIM
2026-08-25,63940,"Aprovado, aguardando atendimento",SIM,,528395.93,CELOG,A,HORA DE VOO,Não
2026-08-25,63960,Não aprovado,NÃO,,1000000.0,CELOG,B,SOB DEMANDA,SIM
2026-08-25,64340,"Aprovado, aguardando atendimento",SIM,,4394700.0,CABW,C,SOB DEMANDA,SIM
2026-08-25,64760,Sem informação,SIM,PROCESSADO,3306000.0,CABW,RAP,SOB DEMANDA,SIM
2026-08-25,64780,Sem informação,SIM,PROCESSADO,3306000.0,CABW,RAP,SOB DEMANDA,SIM
2026-08-25,64800,"Aprovado, aguardando atendimento",SIM,,212577.0,CELOG,A,PARCELA FIXA,NÃO
2026-08-26,10300,"Aprovado, aguardando atendimento",SIM,,135000.0,CABW,A,REQUISIÇÃO,Não
2026-08-26,10760,"Aprovado, aguardando atendimento",SIM,,400000.0,FMS,A,REQUISIÇÃO,SIM
2026-08-26,10780,"Aprovado, aguardando atendimento",SIM,,430000.0,CABW,A,REQUISIÇÃO,SIM
2026-08-26,10800,"Aprovado, aguardando atendimento",SIM,,425000.0,CABW,A,REQUISIÇÃO,SIM
2026-08-26,11680,"Aprovado, aguardando atendimento",SIM,,563000.0,CABW,A,REQUISIÇÃO,SIM
2026-08-26,11700,Atendido,SIM,ATENDIDO,3799999.6,CELOG,A,SOB DEMANDA,SIM
2026-08-26,11720,"Aprovado, aguardando atendimento",SIM,,430000.0,CABW,A,REQUISIÇÃO,SIM
2026-08-26,11740,"Aprovado, aguardando atendimento",SIM,,60000.0,CABW,A,REQUISIÇÃO,SIM
2026-08-26,11760,"Aprovado, aguardando atendimento",SIM,,200000.0,CABW,A,REQUISIÇÃO,SIM
2026-08-26,11780,"Aprovado, aguardando atendimento",SIM,,320000.0,CABW,A,REQUISIÇÃO,SIM
2026-08-26,11800,Atendido,SIM,ATENDIDO,1187433.02,CABW,A,REQUISIÇÃO,Não
2026-08-26,11820,"Aprovado, aguardando atendimento",SIM,,1000000.0,CABW,A,REQUISIÇÃO,Não
2026-08-26,11840,"Aprovado, aguardando atendimento",SIM,,1000000.0,CABW,A,REQUISIÇÃO,Não
2026-08-26,11860,"Aprovado, aguardando atendimento",SIM,,1000000.0,CABW,A,REQUISIÇÃO,Não
2026-08-26,11880,"Aprovado, aguardando atendimento",SIM,,100000.0,FMS,A,REQUISIÇÃO,Não
2026-08-26,12740,Atendido,SIM,ATENDIDO,1770880.5,CELOG,A,HORA DE VOO,Não
2026-08-26,13180,Atendido,SIM,ATENDIDO,350000.0,CELOG,A,SOB DEMANDA,SIM
2026-08-26,13181,Atendido,SIM,ATENDIDO,350000.0,CELOG,A,SOB DEMANDA,SIM
2026-08-26,13200,"Aprovado, aguardando atendimento",SIM,,1000000.0,CELOG,A,SOB DEMANDA,SIM
2026-08-26,13220,"Aprovado, aguardando atendimento",SIM,,400000.0,FMS,A,REQUISIÇÃO,SIM
2026-08-26,13240,"Aprovado, aguardando atendimento",SIM,,120000.0,CABW,A,REQUISIÇÃO,SIM
2026-08-26,13260,"Aprovado, aguardando atendimento",SIM,,80000.0,CABW,A,REQUISIÇÃO,SIM
2026-08-26,13760,Atendido,SIM,ATENDIDO,1704503.0,CELOG,A,HORA DE VOO,Não
2026-08-26,14160,Atendido,SIM,ATENDIDO,3799000.0,CELOG,A,SOB DEMANDA,SIM
2026-08-26,14161,Atendido,SIM,ATENDIDO,1000.0,CELOG,A,SOB DEMANDA,SIM
2026-08-26,14180,"Aprovado, aguardando atendimento",SIM,,100000.0,FMS,A,REQUISIÇÃO,Não
2026-08-26,15380,Atendido,SIM,ATENDIDO,150000.0,CELOG,A,SOB DEMANDA,Não
2026-08-26,15400,Atendido,SIM,ATENDIDO,150000.0,CELOG,A,SOB DEMANDA,Não
2026-08-26,15420,Atendido,SIM,ATENDIDO,18462.36,CELOG,A,SOB DEMANDA,Não
2026-08-26,15421,Atendido,SIM,ATENDIDO,324166.14,CELOG,A,SOB DEMANDA,Não
2026-08-26,15440,"Aprovado, aguardando atendimento",SIM,,30000.0,CELOG,A,SOB DEMANDA,Não
2026-08-26,15680,Atendido,SIM,ATENDIDO,1496713.48,CELOG,A,HORA DE VOO,Não
2026-08-26,15681,Atendido,SIM,ATENDIDO,207789.52,CELOG,A,HORA DE VOO,Não
2026-08-26,15960,Atendido,SIM,ATENDIDO,962290.8,CELOG,A,SOB DEMANDA,SIM
2026-08-26,15961,Atendido,SIM,ATENDIDO,798776.97,CELOG,A,SOB DEMANDA,SIM
2026-08-26,15962,Atendido,SIM,ATENDIDO,1530656.62,CELOG,A,SOB DEMANDA,SIM
2026-08-26,15963,Atendido,SIM,ATENDIDO,72958.08,CELOG,A,SOB DEMANDA,SIM
2026-08-26,15964,Atendido,SIM,ATENDIDO,8916.0,CELOG,A,SOB DEMANDA,SIM
2026-08-26,15965,Atendido,SIM,ATENDIDO,425178.5,CELOG,A,SOB DEMANDA,SIM
2026-08-26,15966,Atendido,SIM,ATENDIDO,1223.03,CELOG,A,SOB DEMANDA,SIM
2026-08-26,15980,Não aprovado,NÃO,CANCELADO,,CELOG,C,SOB DEMANDA,SIM
2026-08-26,16000,Atendido,SIM,ATENDIDO,400000.0,CELOG,A,SOB DEMANDA,SIM
2026-08-26,16001,Atendido,SIM,ATENDIDO,400000.0,CELOG,A,SOB DEMANDA,SIM
2026-08-26,16560,Atendido,SIM,ATENDIDO,173846.38,CELOG,A,HORA DE VOO,Não
2026-08-26,16561,Atendido,SIM,ATENDIDO,1530656.62,CELOG,A,HORA DE VOO,Não
2026-08-26,16700,"Aprovado, aguardando atendimento",SIM,,1000000.0,CELOG,A,SOB DEMANDA,SIM
2026-08-26,17200,"Aprovado, aguardando atendimento",SIM,,958040.0,CABW,A,REQUISIÇÃO,Não
2026-08-26,17201,Atendido,SIM,ATENDIDO,41730.64,CABW,A,REQUISIÇÃO,Não
2026-08-26,17760,"Aprovado, aguardando atendimento",SIM,,1468159.32,CELOG,A,HORA DE VOO,Não
2026-08-26,17761,"Aprovado, aguardando atendimento",SIM,,1704503.0,CELOG,A,HORA DE VOO,Não
2026-08-26,17762,"Aprovado, aguardando atendimento",SIM,,1704503.0,CELOG,A,HORA DE VOO,Não
2026-08-26,17763,Atendido,SIM,ATENDIDO,236343.68,CELOG,A,HORA DE VOO,Não
2026-08-26,18140,"Aprovado, aguardando atendimento",SIM,,1295422.28,CELOG,A,HORA DE VOO,Não
2026-08-26,19240,"Aprovado, aguardando atendimento",SIM,,500000.0,CELOG,D,PARCELA FIXA,Não
2026-08-26,19241,Não aprovado,NÃO,BLOQUEIO,5000000.0,CELOG,D,PARCELA FIXA,Não
2026-08-26,19260,Não aprovado,NÃO,CANCELADO,,CELOG,D,PARCELA FIXA,Não
2026-08-26,19600,Não aprovado,NÃO,CANCELADO,,CELOG,D,PARCELA FIXA,Não
2026-08-26,19620,Não aprovado,NÃO,CANCELADO,,CELOG,D,PARCELA FIXA,Não
2026-08-26,23120,Não aprovado,NÃO,,9389.96,CABW,C,REQUISIÇÃO,Não
2026-08-26,23160,Não aprovado,NÃO,,7204.82,CABW,C,REQUISIÇÃO,Não
2026-08-26,23100,Não aprovado,NÃO,,4227.84,CABW,C,REQUISIÇÃO,Não
2026-08-26,23080,Não aprovado,NÃO,,4064.54,CELOG,C,REQUISIÇÃO,Não
2026-08-26,23180,Não aprovado,NÃO,,3662.66,CABW,C,REQUISIÇÃO,Não
2026-08-26,23140,Não aprovado,NÃO,,1163.64,FMS,C,REQUISIÇÃO,Não
2026-08-26,23640,Não aprovado,NÃO,,120000.0,CABW,C,REQUISIÇÃO,SIM
2026-08-26,23740,"Aprovado, aguardando atendimento",SIM,,400000.0,FMS,A,REQUISIÇÃO,SIM
2026-08-26,24180,"Aprovado, aguardando atendimento",SIM,,100000.0,FMS,A,REQUISIÇÃO,Não
2026-08-26,24380,Não aprovado,NÃO,,80000.0,CABW,C,REQUISIÇÃO,SIM
2026-08-26,24660,Não aprovado,NÃO,,835000.0,CABW,C,REQUISIÇÃO,Não
2026-08-26,24661,Não aprovado,NÃO,,165000.0,CABW,C,REQUISIÇÃO,Não
2026-08-26,24680,Não aprovado,NÃO,,1000000.0,CABW,C,REQUISIÇÃO,Não
2026-08-26,24700,Não aprovado,NÃO,,1000000.0,CABW,C,REQUISIÇÃO,Não
2026-08-26,24720,Não aprovado,NÃO,,100000.0,FMS,C,REQUISIÇÃO,Não
2026-08-26,25180,"Aprovado, aguardando atendimento",SIM,,1000000.0,CELOG,A,SOB DEMANDA,SIM
2026-08-26,25900,Sem informação,SIM,PROCESSADO,1704503.0,CELOG,RAP,HORA DE VOO,Não
2026-08-26,25920,Sem informação,SIM,PROCESSADO,1638125.5,CELOG,RAP,HORA DE VOO,Não
2026-08-26,25940,Sem informação,SIM,PROCESSADO,3800000.0,CELOG,RAP,SOB DEMANDA,SIM
2026-08-26,25960,Sem informação,SIM,PROCESSADO,3800000.0,CELOG,RAP,SOB DEMANDA,SIM
2026-08-26,63120,Não aprovado,NÃO,,3800000.0,CELOG,C,SOB DEMANDA,SIM
2026-08-26,63140,"Aprovado, aguardando atendimento",SIM,,4394700.0,CABW,C,SOB DEMANDA,SIM
2026-08-26,63940,"Aprovado, aguardando atendimento",SIM,,528395.93,CELOG,A,HORA DE VOO,Não
2026-08-26,63960,Não aprovado,NÃO,,1000000.0,CELOG,B,SOB DEMANDA,SIM
2026-08-26,64340,"Aprovado, aguardando atendimento",SIM,,4394700.0,CABW,C,SOB DEMANDA,SIM
2026-08-26,64760,Sem informação,SIM,PROCESSADO,3306000.0,CABW,RAP,SOB DEMANDA,SIM
2026-08-26,64780,Sem informação,SIM,PROCESSADO,3306000.0,CABW,RAP,SOB DEMANDA,SIM
2026-08-27,10300,"Aprovado, aguardando atendimento",SIM,,135000.0,CABW,A,REQUISIÇÃO,Não
2026-08-27,10760,"Aprovado, aguardando atendimento",SIM,,400000.0,FMS,A,REQUISIÇÃO,SIM
2026-08-27,10780,"Aprovado, aguardando atendimento",SIM,,430000.0,CABW,A,REQUISIÇÃO,SIM
2026-08-27,10800,"Aprovado, aguardando atendimento",SIM,,425000.0,CABW,A,REQUISIÇÃO,SIM
2026-08-27,11680,"Aprovado, aguardando atendimento",SIM,,563000.0,CABW,A,REQUISIÇÃO,SIM
2026-08-27,11700,Atendido,SIM,ATENDIDO,3799999.6,CELOG,A,SOB DEMANDA,SIM
2026-08-27,11720,"Aprovado, aguardando atendimento",SIM,,430000.0,CABW,A,REQUISIÇÃO,SIM
2026-08-27,11740,"Aprovado, aguardando atendimento",SIM,,60000.0,CABW,A,REQUISIÇÃO,SIM
2026-08-27,11760,"Aprovado, aguardando atendimento",SIM,,200000.0,CABW,A,REQUISIÇÃO,SIM
2026-08-27,11780,"Aprovado, aguardando atendimento",SIM,,320000.0,CABW,A,REQUISIÇÃO,SIM
2026-08-27,11800,Atendido,SIM,ATENDIDO,1187433.02,CABW,A,REQUISIÇÃO,Não
2026-08-27,11820,"Aprovado, aguardando atendimento",SIM,,1000000.0,CABW,A,REQUISIÇÃO,Não
2026-08-27,11840,"Aprovado, aguardando atendimento",SIM,,1000000.0,CABW,A,REQUISIÇÃO,Não
2026-08-27,11860,"Aprovado, aguardando atendimento",SIM,,1000000.0,CABW,A,REQUISIÇÃO,Não
2026-08-27,11880,"Aprovado, aguardando atendimento",SIM,,100000.0,FMS,A,REQUISIÇÃO,Não
2026-08-27,12740,Atendido,SIM,ATENDIDO,1770880.5,CELOG,A,HORA DE VOO,Não
2026-08-27,13180,Atendido,SIM,ATENDIDO,350000.0,CELOG,A,SOB DEMANDA,SIM
2026-08-27,13181,Atendido,SIM,ATENDIDO,350000.0,CELOG,A,SOB DEMANDA,SIM
2026-08-27,13200,"Aprovado, aguardando atendimento",SIM,,1000000.0,CELOG,A,SOB DEMANDA,SIM
2026-08-27,13220,"Aprovado, aguardando atendimento",SIM,,400000.0,FMS,A,REQUISIÇÃO,SIM
2026-08-27,13240,"Aprovado, aguardando atendimento",SIM,,120000.0,CABW,A,REQUISIÇÃO,SIM
2026-08-27,13260,"Aprovado, aguardando atendimento",SIM,,80000.0,CABW,A,REQUISIÇÃO,SIM
2026-08-27,13760,Atendido,SIM,ATENDIDO,1704503.0,CELOG,A,HORA DE VOO,Não
2026-08-27,14160,Atendido,SIM,ATENDIDO,3799000.0,CELOG,A,SOB DEMANDA,SIM
2026-08-27,14161,Atendido,SIM,ATENDIDO,1000.0,CELOG,A,SOB DEMANDA,SIM
2026-08-27,14180,"Aprovado, aguardando atendimento",SIM,,100000.0,FMS,A,REQUISIÇÃO,Não
2026-08-27,15380,Atendido,SIM,ATENDIDO,150000.0,CELOG,A,SOB DEMANDA,Não
2026-08-27,15400,Atendido,SIM,ATENDIDO,150000.0,CELOG,A,SOB DEMANDA,Não
2026-08-27,15420,Atendido,SIM,ATENDIDO,18462.36,CELOG,A,SOB DEMANDA,Não
2026-08-27,15421,Atendido,SIM,ATENDIDO,324166.14,CELOG,A,SOB DEMANDA,Não
2026-08-27,15440,"Aprovado, aguardando atendimento",SIM,,30000.0,CELOG,A,SOB DEMANDA,Não
2026-08-27,15680,Atendido,SIM,ATENDIDO,1496713.48,CELOG,A,HORA DE VOO,Não
2026-08-27,15681,Atendido,SIM,ATENDIDO,207789.52,CELOG,A,HORA DE VOO,Não
2026-08-27,15960,Atendido,SIM,ATENDIDO,962290.8,CELOG,A,SOB DEMANDA,SIM
2026-08-27,15961,Atendido,SIM,ATENDIDO,798776.97,CELOG,A,SOB DEMANDA,SIM
2026-08-27,15962,Atendido,SIM,ATENDIDO,1530656.62,CELOG,A,SOB DEMANDA,SIM
2026-08-27,15963,Atendido,SIM,ATENDIDO,72958.08,CELOG,A,SOB DEMANDA,SIM
2026-08-27,15964,Atendido,SIM,ATENDIDO,8916.0,CELOG,A,SOB DEMANDA,SIM
2026-08-27,15965,Atendido,SIM,ATENDIDO,425178.5,CELOG,A,SOB DEMANDA,SIM
2026-08-27,15966,Atendido,SIM,ATENDIDO,1223.03,CELOG,A,SOB DEMANDA,SIM
2026-08-27,15980,Não aprovado,NÃO,CANCELADO,,CELOG,C,SOB DEMANDA,SIM
2026-08-27,16000,Atendido,SIM,ATENDIDO,400000.0,CELOG,A,SOB DEMANDA,SIM
2026-08-27,16001,Atendido,SIM,ATENDIDO,400000.0,CELOG,A,SOB DEMANDA,SIM
2026-08-27,16560,Atendido,SIM,ATENDIDO,173846.38,CELOG,A,HORA DE VOO,Não
2026-08-27,16561,Atendido,SIM,ATENDIDO,1530656.62,CELOG,A,HORA DE VOO,Não
2026-08-27,16700,"Aprovado, aguardando atendimento",SIM,,1000000.0,CELOG,A,SOB DEMANDA,SIM
2026-08-27,17200,"Aprovado, aguardando atendimento",SIM,,958040.0,CABW,A,REQUISIÇÃO,Não
2026-08-27,17201,Atendido,SIM,ATENDIDO,41730.64,CABW,A,REQUISIÇÃO,Não
2026-08-27,17760,"Aprovado, aguardando atendimento",SIM,,1468159.32,CELOG,A,HORA DE VOO,Não
2026-08-27,17761,"Aprovado, aguardando atendimento",SIM,,1704503.0,CELOG,A,HORA DE VOO,Não
2026-08-27,17762,"Aprovado, aguardando atendimento",SIM,,1704503.0,CELOG,A,HORA DE VOO,Não
2026-08-27,17763,Atendido,SIM,ATENDIDO,236343.68,CELOG,A,HORA DE VOO,Não
2026-08-27,18140,"Aprovado, aguardando atendimento",SIM,,1295422.28,CELOG,A,HORA DE VOO,Não
2026-08-27,19240,"Aprovado, aguardando atendimento",SIM,,500000.0,CELOG,D,PARCELA FIXA,Não
2026-08-27,19241,Não aprovado,NÃO,BLOQUEIO,5000000.0,CELOG,D,PARCELA FIXA,Não
2026-08-27,19260,Não aprovado,NÃO,CANCELADO,,CELOG,D,PARCELA FIXA,Não
2026-08-27,19600,Não aprovado,NÃO,CANCELADO,,CELOG,D,PARCELA FIXA,Não
2026-08-27,19620,Não aprovado,NÃO,CANCELADO,,CELOG,D,PARCELA FIXA,Não
2026-08-27,23120,Não aprovado,NÃO,,9389.96,CABW,C,REQUISIÇÃO,Não
2026-08-27,23160,Não aprovado,NÃO,,7204.82,CABW,C,REQUISIÇÃO,Não
2026-08-27,23100,Não aprovado,NÃO,,4227.84,CABW,C,REQUISIÇÃO,Não
2026-08-27,23080,Não aprovado,NÃO,,4064.54,CELOG,C,REQUISIÇÃO,Não
2026-08-27,23180,Não aprovado,NÃO,,3662.66,CABW,C,REQUISIÇÃO,Não
2026-08-27,23140,Não aprovado,NÃO,,1163.64,FMS,C,REQUISIÇÃO,Não
2026-08-27,23640,Não aprovado,NÃO,,120000.0,CABW,C,REQUISIÇÃO,SIM
2026-08-27,23740,"Aprovado, aguardando atendimento",SIM,,400000.0,FMS,A,REQUISIÇÃO,SIM
2026-08-27,24180,"Aprovado, aguardando atendimento",SIM,,100000.0,FMS,A,REQUISIÇÃO,Não
2026-08-27,24380,Não aprovado,NÃO,,80000.0,CABW,C,REQUISIÇÃO,SIM
2026-08-27,24660,Não aprovado,NÃO,,835000.0,CABW,C,REQUISIÇÃO,Não
2026-08-27,24661,Não aprovado,NÃO,,165000.0,CABW,C,REQUISIÇÃO,Não
2026-08-27,24680,Não aprovado,NÃO,,1000000.0,CABW,C,REQUISIÇÃO,Não
2026-08-27,24700,Não aprovado,NÃO,,1000000.0,CABW,C,REQUISIÇÃO,Não
2026-08-27,24720,Não aprovado,NÃO,,100000.0,FMS,C,REQUISIÇÃO,Não
2026-08-27,25180,"Aprovado, aguardando atendimento",SIM,,1000000.0,CELOG,A,SOB DEMANDA,SIM
2026-08-27,25900,Sem informação,SIM,PROCESSADO,1704503.0,CELOG,RAP,HORA DE VOO,Não
2026-08-27,25920,Sem informação,SIM,PROCESSADO,1638125.5,CELOG,RAP,HORA DE VOO,Não
2026-08-27,25940,Sem informação,SIM,PROCESSADO,3800000.0,CELOG,RAP,SOB DEMANDA,SIM
2026-08-27,25960,Sem informação,SIM,PROCESSADO,3800000.0,CELOG,RAP,SOB DEMANDA,SIM
2026-08-27,63120,Não aprovado,NÃO,,3800000.0,CELOG,C,SOB DEMANDA,SIM
2026-08-27,63140,"Aprovado, aguardando atendimento",SIM,,4394700.0,CABW,C,SOB DEMANDA,SIM
2026-08-27,63940,"Aprovado, aguardando atendimento",SIM,,528395.93,CELOG,A,HORA DE VOO,Não
2026-08-27,63960,Não aprovado,NÃO,,1000000.0,CELOG,B,SOB DEMANDA,SIM
2026-08-27,64340,"Aprovado, aguardando atendimento",SIM,,4394700.0,CABW,C,SOB DEMANDA,SIM
2026-08-27,64760,Sem informação,SIM,PROCESSADO,3306000.0,CABW,RAP,SOB DEMANDA,SIM
2026-08-27,64780,Sem informação,SIM,PROCESSADO,3306000.0,CABW,RAP,SOB DEMANDA,SIM
2026-08-28,10300,"Aprovado, aguardando atendimento",SIM,,135000.0,CABW,A,REQUISIÇÃO,Não
2026-08-28,10760,"Aprovado, aguardando atendimento",SIM,,400000.0,FMS,A,REQUISIÇÃO,SIM
2026-08-28,10780,Sem informação,SIM,CANCELADO,,CABW,A,REQUISIÇÃO,SIM
2026-08-28,10800,"Aprovado, aguardando atendimento",SIM,,384180.0,CABW,A,REQUISIÇÃO,SIM
2026-08-28,11680,"Aprovado, aguardando atendimento",SIM,,563000.0,CABW,A,REQUISIÇÃO,SIM
2026-08-28,11700,Atendido,SIM,ATENDIDO,3799999.6,CELOG,A,SOB DEMANDA,SIM
2026-08-28,11720,"Aprovado, aguardando atendimento",SIM,,430000.0,CABW,A,REQUISIÇÃO,SIM
2026-08-28,11740,"Aprovado, aguardando atendimento",SIM,,60000.0,CABW,A,REQUISIÇÃO,SIM
2026-08-28,11760,"Aprovado, aguardando atendimento",SIM,,200000.0,CABW,A,REQUISIÇÃO,SIM
2026-08-28,11780,"Aprovado, aguardando atendimento",SIM,,320000.0,CABW,A,REQUISIÇÃO,SIM
2026-08-28,11800,Atendido,SIM,ATENDIDO,1187433.02,CABW,A,REQUISIÇÃO,Não
2026-08-28,11820,"Aprovado, aguardando atendimento",SIM,,1000000.0,CABW,A,REQUISIÇÃO,Não
2026-08-28,11840,"Aprovado, aguardando atendimento",SIM,,1000000.0,CABW,A,REQUISIÇÃO,Não
2026-08-28,11860,"Aprovado, aguardando atendimento",SIM,,1000000.0,CABW,A,REQUISIÇÃO,Não
2026-08-28,11880,"Aprovado, aguardando atendimento",SIM,,100000.0,FMS,A,REQUISIÇÃO,Não
2026-08-28,12740,Atendido,SIM,ATENDIDO,1770880.5,CELOG,A,HORA DE VOO,Não
2026-08-28,13180,Atendido,SIM,ATENDIDO,350000.0,CELOG,A,SOB DEMANDA,SIM
2026-08-28,13181,Atendido,SIM,ATENDIDO,350000.0,CELOG,A,SOB DEMANDA,SIM
2026-08-28,13200,"Aprovado, aguardando atendimento",SIM,,1000000.0,CELOG,A,SOB DEMANDA,SIM
2026-08-28,13220,"Aprovado, aguardando atendimento",SIM,,400000.0,FMS,A,REQUISIÇÃO,SIM
2026-08-28,13240,"Aprovado, aguardando atendimento",SIM,,120000.0,CABW,A,REQUISIÇÃO,SIM
2026-08-28,13260,"Aprovado, aguardando atendimento",SIM,,80000.0,CABW,A,REQUISIÇÃO,SIM
2026-08-28,13760,Atendido,SIM,ATENDIDO,1704503.0,CELOG,A,HORA DE VOO,Não
2026-08-28,14160,Atendido,SIM,ATENDIDO,3799000.0,CELOG,A,SOB DEMANDA,SIM
2026-08-28,14161,Atendido,SIM,ATENDIDO,1000.0,CELOG,A,SOB DEMANDA,SIM
2026-08-28,14180,"Aprovado, aguardando atendimento",SIM,,100000.0,FMS,A,REQUISIÇÃO,Não
2026-08-28,15380,Atendido,SIM,ATENDIDO,150000.0,CELOG,A,SOB DEMANDA,Não
2026-08-28,15400,Atendido,SIM,ATENDIDO,150000.0,CELOG,A,SOB DEMANDA,Não
2026-08-28,15420,Atendido,SIM,ATENDIDO,18462.36,CELOG,A,SOB DEMANDA,Não
2026-08-28,15421,Atendido,SIM,ATENDIDO,324166.14,CELOG,A,SOB DEMANDA,Não
2026-08-28,15440,"Aprovado, aguardando atendimento",SIM,,30000.0,CELOG,A,SOB DEMANDA,Não
2026-08-28,15680,Atendido,SIM,ATENDIDO,1496713.48,CELOG,A,HORA DE VOO,Não
2026-08-28,15681,Atendido,SIM,ATENDIDO,207789.52,CELOG,A,HORA DE VOO,Não
2026-08-28,15960,Atendido,SIM,ATENDIDO,962290.8,CELOG,A,SOB DEMANDA,SIM
2026-08-28,15961,Atendido,SIM,ATENDIDO,798776.97,CELOG,A,SOB DEMANDA,SIM
2026-08-28,15962,Atendido,SIM,ATENDIDO,1530656.62,CELOG,A,SOB DEMANDA,SIM
2026-08-28,15963,Atendido,SIM,ATENDIDO,72958.08,CELOG,A,SOB DEMANDA,SIM
2026-08-28,15964,Atendido,SIM,ATENDIDO,8916.0,CELOG,A,SOB DEMANDA,SIM
2026-08-28,15965,Atendido,SIM,ATENDIDO,425178.5,CELOG,A,SOB DEMANDA,SIM
2026-08-28,15966,Atendido,SIM,ATENDIDO,1223.03,CELOG,A,SOB DEMANDA,SIM
2026-08-28,15980,Não aprovado,NÃO,CANCELADO,,CELOG,C,SOB DEMANDA,SIM
2026-08-28,16000,Atendido,SIM,ATENDIDO,400000.0,CELOG,A,SOB DEMANDA,SIM
2026-08-28,16001,Atendido,SIM,ATENDIDO,400000.0,CELOG,A,SOB DEMANDA,SIM
2026-08-28,16560,Atendido,SIM,ATENDIDO,173846.38,CELOG,A,HORA DE VOO,Não
2026-08-28,16561,Atendido,SIM,ATENDIDO,1530656.62,CELOG,A,HORA DE VOO,Não
2026-08-28,16700,"Aprovado, aguardando atendimento",SIM,,1000000.0,CELOG,A,SOB DEMANDA,SIM
2026-08-28,17200,"Aprovado, aguardando atendimento",SIM,,958040.0,CABW,A,REQUISIÇÃO,Não
2026-08-28,17201,Atendido,SIM,ATENDIDO,41730.64,CABW,A,REQUISIÇÃO,Não
2026-08-28,17760,"Aprovado, aguardando atendimento",SIM,,1468159.32,CELOG,A,HORA DE VOO,Não
2026-08-28,17761,"Aprovado, aguardando atendimento",SIM,,1704503.0,CELOG,A,HORA DE VOO,Não
2026-08-28,17762,"Aprovado, aguardando atendimento",SIM,,1704503.0,CELOG,A,HORA DE VOO,Não
2026-08-28,17763,Atendido,SIM,ATENDIDO,236343.68,CELOG,A,HORA DE VOO,Não
2026-08-28,18140,"Aprovado, aguardando atendimento",SIM,,1295422.28,CELOG,A,HORA DE VOO,Não
2026-08-28,19240,"Aprovado, aguardando atendimento",SIM,,500000.0,CELOG,D,PARCELA FIXA,Não
2026-08-28,19241,Não aprovado,NÃO,BLOQUEIO,5000000.0,CELOG,D,PARCELA FIXA,Não
2026-08-28,19260,Não aprovado,NÃO,CANCELADO,,CELOG,D,PARCELA FIXA,Não
2026-08-28,19600,Não aprovado,NÃO,CANCELADO,,CELOG,D,PARCELA FIXA,Não
2026-08-28,19620,Não aprovado,NÃO,CANCELADO,,CELOG,D,PARCELA FIXA,Não
2026-08-28,23120,Não aprovado,NÃO,,9389.96,CABW,C,REQUISIÇÃO,Não
2026-08-28,23160,Não aprovado,NÃO,,7204.82,CABW,C,REQUISIÇÃO,Não
2026-08-28,23100,Não aprovado,NÃO,,4227.84,CABW,C,REQUISIÇÃO,Não
2026-08-28,23080,Não aprovado,NÃO,,4064.54,CELOG,C,REQUISIÇÃO,Não
2026-08-28,23180,Não aprovado,NÃO,,3662.66,CABW,C,REQUISIÇÃO,Não
2026-08-28,23140,Não aprovado,NÃO,,1163.64,FMS,C,REQUISIÇÃO,Não
2026-08-28,23640,Não aprovado,NÃO,,120000.0,CABW,C,REQUISIÇÃO,SIM
2026-08-28,23740,"Aprovado, aguardando atendimento",SIM,,400000.0,FMS,A,REQUISIÇÃO,SIM
2026-08-28,24180,"Aprovado, aguardando atendimento",SIM,,100000.0,FMS,A,REQUISIÇÃO,Não
2026-08-28,24380,Não aprovado,NÃO,,80000.0,CABW,C,REQUISIÇÃO,SIM
2026-08-28,24660,Não aprovado,NÃO,,835000.0,CABW,C,REQUISIÇÃO,Não
2026-08-28,24661,Não aprovado,NÃO,,165000.0,CABW,C,REQUISIÇÃO,Não
2026-08-28,24680,Não aprovado,NÃO,,1000000.0,CABW,C,REQUISIÇÃO,Não
2026-08-28,24700,Não aprovado,NÃO,,1000000.0,CABW,C,REQUISIÇÃO,Não
2026-08-28,24720,Não aprovado,NÃO,,100000.0,FMS,C,REQUISIÇÃO,Não
2026-08-28,25180,"Aprovado, aguardando atendimento",SIM,,1000000.0,CELOG,A,SOB DEMANDA,SIM
2026-08-28,25900,Sem informação,SIM,PROCESSADO,1704503.0,CELOG,RAP,HORA DE VOO,Não
2026-08-28,25920,Sem informação,SIM,PROCESSADO,1638125.5,CELOG,RAP,HORA DE VOO,Não
2026-08-28,25940,Sem informação,SIM,PROCESSADO,3800000.0,CELOG,RAP,SOB DEMANDA,SIM
2026-08-28,25960,Sem informação,SIM,PROCESSADO,3800000.0,CELOG,RAP,SOB DEMANDA,SIM
2026-08-28,63120,Não aprovado,NÃO,,3800000.0,CELOG,C,SOB DEMANDA,SIM
2026-08-28,63140,"Aprovado, aguardando atendimento",SIM,,4394700.0,CABW,C,SOB DEMANDA,SIM
2026-08-28,63940,"Aprovado, aguardando atendimento",SIM,,528395.93,CELOG,A,HORA DE VOO,Não
2026-08-28,63960,Não aprovado,NÃO,,1000000.0,CELOG,B,SOB DEMANDA,SIM
2026-08-28,64340,"Aprovado, aguardando atendimento",SIM,,4394700.0,CABW,C,SOB DEMANDA,SIM
2026-08-28,64760,Sem informação,SIM,PROCESSADO,3306000.0,CABW,RAP,SOB DEMANDA,SIM
2026-08-28,64780,Sem informação,SIM,PROCESSADO,3306000.0,CABW,RAP,SOB DEMANDA,SIM
2026-08-28,64840,"Aprovado, aguardando atendimento",SIM,,470820.0,CABW,A,CONTRATO,SIM
